symbol,expiration,contract_symbol,type,strike,last_price,bid,ask,volume,open_interest,implied_volatility,underlying_price,delta,gamma,theta,vega,rho,atm_iv,atm_iv_90d_percentile,skew_put_pct_of_atm,skew_call_pct_of_atm,last_trade_date,zero_bid,wide_spread
AGO,2026-09-18,AGO260918P00075000,put,75.0,1.35,1.1,1.55,13,183,0.2446364599609375,75.52999877929688,-0.4213782053479326,0.08825948591127196,-0.036724938389134223,0.07086763875486199,-0.019123341473436042,0.2528150891113281,,162.1,110.7,2026-08-28 19:51:14+00:00,False,False
AGO,2026-10-16,AGO261016C00080000,call,80.0,1.1,1.0,1.3,479,490,0.2634351000976562,75.52999877929688,0.31636652525302145,0.048817420751719694,-0.02955409037174318,0.09848966057268699,0.030173749727583344,0.24677266906738277,,122.4,239.2,2026-08-28 18:53:56+00:00,False,False
AGO,2026-10-16,AGO261016P00070000,put,70.0,0.75,0.35,1.2,200,707,0.3020089331054688,75.52999877929688,-0.21095280104883185,0.0345747444563126,-0.022317047381685193,0.07996886625938986,-0.02280605546600764,0.24677266906738277,,122.4,239.2,2026-08-24 14:11:07+00:00,False,True
AGO,2026-10-16,AGO261016P00075000,put,75.0,2.4,1.8,2.3,30,509,0.2301102380371093,75.52999877929688,-0.41867270020036174,0.06134110159408565,-0.020771522093126413,0.10810099306487589,-0.04519053594942608,0.24677266906738277,,122.4,239.2,2026-08-24 13:55:01+00:00,False,False
AGO,2026-10-16,AGO261016P00080000,put,80.0,4.1,5.0,6.0,50,523,0.2871165039062499,75.52999877929688,-0.6664562802525166,0.04577227672712891,-0.021826068510382924,0.1006474654993006,-0.07508001281008832,0.24677266906738277,,122.4,239.2,2026-08-07 17:18:26+00:00,False,False
AGO,2026-10-16,AGO261016P00100000,put,100.0,23.84,23.3,25.8,16,226,0.6626010302734376,75.52999877929688,-0.8430166217404691,0.013104426973630965,-0.03279255855745747,0.06649857099821267,-0.11925314268818743,0.24677266906738277,,122.4,239.2,2026-08-27 19:54:40+00:00,False,False
AIG,2026-08-28,AIG260828C00077000,call,77.0,0.14,0.0,0.55,526,535,0.3632876171875,76.93000030517578,,,,,,0.32617861328125,,,,2026-08-28 19:53:58+00:00,True,False
AIG,2026-08-28,AIG260828P00076000,put,76.0,0.56,0.0,0.3,770,942,0.4160214648437499,76.93000030517578,,,,,,0.32617861328125,,,,2026-08-27 15:02:27+00:00,True,False
AIG,2026-08-28,AIG260828P00077000,put,77.0,0.32,0.0,0.5,31,59,0.2890696093749999,76.93000030517578,,,,,,0.32617861328125,,,,2026-08-28 19:11:54+00:00,True,False
AIG,2026-09-04,AIG260904P00078000,put,78.0,1.4,1.05,1.6,202,110,0.21289849609375,76.93000030517578,-0.6632082384480599,0.16095659858599104,-0.05195190585964553,0.038893589238886556,-0.01007119836296635,0.22534954345703115,,161.9,134.8,2026-08-28 19:56:32+00:00,False,False
AIG,2026-09-18,AIG260918C00075000,call,75.0,2.29,2.25,3.8,45,214,0.3667055517578125,76.93000030517578,0.6426473366757801,0.05514649104559635,-0.06636264764340462,0.0688578197140505,0.026217672391490688,0.3071358349609374,,81.2,127.0,2026-08-27 17:33:25+00:00,False,False
AIG,2026-09-18,AIG260918C00080000,call,80.0,0.45,0.3,0.95,15,1056,0.2790599438476562,76.93000030517578,0.3056731689528848,0.06808980010430847,-0.04607610571368009,0.06469898392795602,0.01297069577809818,0.3071358349609374,,81.2,127.0,2026-08-28 19:16:07+00:00,False,True
AIG,2026-09-18,AIG260918C00085000,call,85.0,0.1,0.05,0.3,13,473,0.317389638671875,76.93000030517578,0.10851267857389513,0.03179366789914575,-0.027068315745502516,0.03435985140685368,0.0046323179027045166,0.3071358349609374,,81.2,127.0,2026-08-28 14:54:09+00:00,False,True
AIG,2026-09-18,AIG260918C00087500,call,87.5,0.05,0.0,0.3,11,252,0.3823303955078124,76.93000030517578,0.09231564608591619,0.023455513413026853,-0.02872936884276849,0.030535263233736076,0.003917756448732903,0.3071358349609374,,81.2,127.0,2026-08-28 19:34:27+00:00,True,False
AIG,2026-09-18,AIG260918P00050000,put,50.0,0.07,0.0,2.15,10,104,1.4057646899414062,76.93000030517578,-0.07284049296558737,0.005336531880130292,-0.08459703963067566,0.025544043041139063,-0.0037815710069301002,0.3071358349609374,,81.2,127.0,2026-07-15 19:16:25+00:00,True,False
AIG,2026-09-18,AIG260918P00062500,put,62.5,0.6,0.0,0.8,52,81,0.6132851171875001,76.93000030517578,-0.06613249182050862,0.011355192272530111,-0.03388032145747021,0.023712362008219974,-0.003127037008661214,0.3071358349609374,,81.2,127.0,2026-06-30 19:50:32+00:00,True,False
AIG,2026-09-25,AIG260925C00088000,call,88.0,0.1,0.0,2.2,90,90,0.5080615600585938,76.93000030517578,0.195507664623511,0.025508934747986163,-0.05529145852903286,0.05883900168713139,0.010693817868041886,0.373907628173828,,116.6,135.4,2026-08-24 15:22:56+00:00,True,False
AIG,2026-10-16,AIG261016C00080000,call,80.0,1.22,1.15,1.25,13,255,0.2148516015625,76.93000030517578,0.3547775794368042,0.06146120898197816,-0.026548970626228102,0.10491422530999633,0.03477001879161854,0.2669140692138672,,89.9,172.0,2026-08-28 19:57:07+00:00,False,False
AIG,2026-10-16,AIG261016P00055000,put,55.0,0.05,0.0,2.15,30,50,0.7685570019531252,76.93000030517578,-0.08750541382469734,0.007340854822207646,-0.034096247242250105,0.044824701144216314,-0.010360156274386165,0.2669140692138672,,89.9,172.0,2026-08-18 14:27:29+00:00,True,False
AIG,2026-10-16,AIG261016P00060000,put,60.0,0.1,0.0,0.15,59,78,0.3808655664062499,76.93000030517578,-0.02878269645708076,0.006123788282558169,-0.006881200609183445,0.018530475418471377,-0.0031404341903341643,0.2669140692138672,,89.9,172.0,2026-08-20 19:50:29+00:00,True,False
AIG,2026-10-16,AIG261016P00065000,put,65.0,0.25,0.1,0.3,16,181,0.3222724023437499,76.93000030517578,-0.0614198971426092,0.01335579432868567,-0.010563775844578968,0.03419696177559478,-0.006682366965909301,0.2669140692138672,,89.9,172.0,2026-08-21 13:42:35+00:00,False,True
AIG,2026-10-16,AIG261016P00075000,put,75.0,1.7,0.75,2.0,84,105,0.2553785400390626,76.93000030517578,-0.34824634830882006,0.05136179389066229,-0.023243760382076616,0.10421236873490548,-0.03834717407097529,0.2669140692138672,,89.9,172.0,2026-08-28 17:22:26+00:00,False,True
AIG,2026-10-16,AIG261016P00077500,put,77.5,3.4,2.2,3.5,27,50,0.2815013256835937,76.93000030517578,-0.482022697428787,0.05022743923487887,-0.026751042865672706,0.11233527821592784,-0.0540650773045976,0.2669140692138672,,89.9,172.0,2026-08-27 14:52:28+00:00,False,False
AIOT,2026-09-18,AIOT260918C00005000,call,5.0,0.01,0.0,0.15,10,671,1.5937520312499998,3.049999952316284,0.13690109456301075,0.18800571722498066,-0.006133133818200138,0.0016036807014519771,0.0002004682822854514,1.21875390625,,90.4,130.8,2026-08-25 13:32:16+00:00,True,False
AIOT,2026-10-16,AIOT261016C00002500,call,2.5,0.95,0.25,0.95,75,375,0.5546919531250001,3.049999952316284,0.8671592383657424,0.34640264957252,-0.0016366413112730216,0.0023995839671568666,0.0027287856761788265,0.863285546875,,135.7,94.1,2026-08-12 17:45:32+00:00,False,True
AIOT,2026-10-16,AIOT261016C00005000,call,5.0,0.05,0.0,0.05,13,3051,0.8125018749999999,3.049999952316284,0.0682438788312045,0.14500851354729155,-0.0012450537957736127,0.0014713661254104802,0.00024664984150640117,0.863285546875,,135.7,94.1,2026-08-21 16:50:16+00:00,True,False
ALGN,2026-08-28,ALGN260828C00180000,call,180.0,4.7,0.0,8.6,30,64,3.534669132080078,157.5800018310547,,,,,,0.6201209863281252,,,,2026-08-28 14:48:27+00:00,True,False
ALGN,2026-08-28,ALGN260828C00240000,call,240.0,0.14,0.0,0.4,246,246,3.7031257421875,157.5800018310547,,,,,,0.6201209863281252,,,,2026-08-03 16:17:38+00:00,True,False
ALGN,2026-08-28,ALGN260828P00152500,put,152.5,0.2,0.0,1.6,79,186,0.797853583984375,157.5800018310547,,,,,,0.6201209863281252,,,,2026-08-26 15:49:40+00:00,True,False
ALGN,2026-09-04,ALGN260904C00170000,call,170.0,0.27,0.1,0.4,368,81,0.3857483300781249,157.5800018310547,0.08448907678645046,0.018401910068154347,-0.0949231616529233,0.03380448597594621,0.0024921861703861613,0.5145922564697266,,187.6,244.1,2026-08-28 19:49:12+00:00,False,True
ALGN,2026-09-04,ALGN260904C00195000,call,195.0,1.55,0.0,8.6,48,50,1.6208515051269532,157.5800018310547,0.20250113893580368,0.007974217880704761,-0.7164885366562354,0.06155150896651824,0.005425391806567069,0.5145922564697266,,187.6,244.1,2026-08-14 17:13:37+00:00,True,False
ALGN,2026-09-04,ALGN260904C00200000,call,200.0,0.95,0.0,8.6,71,73,1.730958376464844,157.5800018310547,0.19198477011983434,0.007229896995500717,-0.7405116693446561,0.05959723519009932,0.005113002418040731,0.5145922564697266,,187.6,244.1,2026-08-14 17:13:37+00:00,True,False
ALGN,2026-09-04,ALGN260904P00150000,put,150.0,0.6,0.2,0.8,101,238,0.362311064453125,157.5800018310547,-0.15227458084931633,0.029786203885862388,-0.12962710218949158,0.051393019289739855,-0.004724652177968115,0.5145922564697266,,187.6,244.1,2026-08-28 19:45:09+00:00,False,True
ALGN,2026-09-04,ALGN260904P00157500,put,157.5,2.67,1.75,8.8,32,67,0.5712933496093751,157.5800018310547,-0.47683577295119495,0.031945838031638904,-0.343701739600757,0.08691221771734986,-0.015341284376180922,0.5145922564697266,,187.6,244.1,2026-08-28 15:12:54+00:00,False,True
ALGN,2026-09-11,ALGN260911C00185000,call,185.0,1.75,0.0,7.1,51,59,0.9326178613281252,157.5800018310547,0.21873362770456878,0.010253352982694447,-0.30762435860917087,0.09107664225862738,0.01195117090380023,0.7573266455078126,,73.0,68.2,2026-08-18 15:52:30+00:00,True,False
ALGN,2026-09-11,ALGN260911P00140000,put,140.0,0.61,0.0,1.9,34,86,0.507817421875,157.5800018310547,-0.10412261790955357,0.011532220509159573,-0.09880074271641338,0.05577735397402519,-0.006605041335030074,0.7573266455078126,,73.0,68.2,2026-08-18 16:10:10+00:00,True,False
ALGN,2026-09-18,ALGN260918C00165000,call,165.0,5.2,0.0,7.1,52,55,0.6585727502441407,157.5800018310547,0.4230556661581004,0.01572760132529325,-0.24020049689485706,0.1479772258977176,0.034304400628816144,0.4954884436035156,,111.8,127.0,2026-08-24 15:18:10+00:00,True,False
ALGN,2026-09-18,ALGN260918C00185000,call,185.0,0.5,0.0,0.5,305,294,0.4292049267578125,157.5800018310547,0.06959242392939234,0.0082393182939188,-0.05306631694756351,0.050522474296015175,0.006033582381320157,0.4954884436035156,,111.8,127.0,2026-08-26 17:59:37+00:00,True,False
ALGN,2026-09-18,ALGN260918C00210000,call,210.0,0.8,0.0,6.8,50,162,1.0797165155029298,157.5800018310547,0.16645985304233735,0.0061172871182329745,-0.24573300029901268,0.09436202276368491,0.013236257113713082,0.4954884436035156,,111.8,127.0,2026-08-14 17:14:34+00:00,True,False
ALGN,2026-09-18,ALGN260918C00230000,call,230.0,0.3,0.0,6.8,69,77,1.2905308911132811,157.5800018310547,0.1451352419991544,0.004675490387056204,-0.2675719641109127,0.08620336233414831,0.011321229165338644,0.4954884436035156,,111.8,127.0,2026-07-31 19:14:54+00:00,True,False
ALGN,2026-09-18,ALGN260918P00095000,put,95.0,3.28,0.0,6.8,119,140,1.8105478222656248,157.5800018310547,-0.08241129716420126,0.002221615361113494,-0.2455200193838501,0.057465541400419776,-0.009257026966280725,0.4954884436035156,,111.8,127.0,2026-08-07 15:09:02+00:00,True,False
ALGN,2026-09-18,ALGN260918P00110000,put,110.0,2.86,0.0,6.8,100,138,1.3972198107910154,157.5800018310547,-0.10588821387257985,0.00346414605093308,-0.22732918974512598,0.06914958233599725,-0.011389066548269095,0.4954884436035156,,111.8,127.0,2026-08-07 15:10:51+00:00,True,False
ALGN,2026-09-18,ALGN260918P00135000,put,135.0,0.45,0.05,2.75,11,104,0.5720257641601563,157.5800018310547,-0.1118488292615143,0.008801274028507923,-0.09537686745686047,0.07192663877105013,-0.010856061746000806,0.4954884436035156,,111.8,127.0,2026-08-25 17:56:26+00:00,False,True
ALGN,2026-09-18,ALGN260918P00140000,put,140.0,1.15,0.2,7.2,103,180,0.6989776196289064,157.5800018310547,-0.20996793807407177,0.010907603819396537,-0.17627412806459006,0.10892341735317826,-0.020998971962426213,0.4954884436035156,,111.8,127.0,2026-08-19 19:14:17+00:00,False,True
ALGN,2026-09-18,ALGN260918P00157500,put,157.5,4.9,0.8,7.6,80,77,0.4954884436035156,157.5800018310547,-0.46497721870608444,0.021219461997750398,-0.16618471067925225,0.15020919925584597,-0.04629343868923538,0.4954884436035156,,111.8,127.0,2026-08-26 19:58:38+00:00,False,True
ALGN,2026-09-25,ALGN260925C00250000,call,250.0,1.45,0.0,6.8,81,81,1.2832067089843748,157.5800018310547,0.13348174233099314,0.003846740412582106,-0.21789502728245932,0.09402792903462245,0.01363945909043001,0.4082700775146484,,140.2,170.7,2026-08-24 15:07:33+00:00,True,False
ALGN,2026-09-25,ALGN260925P00095000,put,95.0,3.32,0.0,7.0,119,119,1.5910664978027342,157.5800018310547,-0.08419391814393706,0.002224887836012759,-0.1893246081197742,0.06743165549508608,-0.012664674025335635,0.4082700775146484,,140.2,170.7,2026-08-07 15:09:02+00:00,True,False
ALGN,2026-09-25,ALGN260925P00100000,put,100.0,3.38,0.0,6.8,60,60,1.4519070373535157,157.5800018310547,-0.08988259382226804,0.0025601603422241515,-0.18120808185965587,0.07080653552981461,-0.013279813849522875,0.4082700775146484,,140.2,170.7,2026-08-07 15:09:24+00:00,True,False
ALGN,2026-09-25,ALGN260925P00110000,put,110.0,2.95,0.0,6.9,100,100,1.2229042761230469,157.5800018310547,-0.10713187965554882,0.003456687815158785,-0.17309268026130065,0.08052300831171294,-0.0154003024435705,0.4082700775146484,,140.2,170.7,2026-08-07 15:10:51+00:00,True,False
ALGN,2026-09-25,ALGN260925P00115000,put,115.0,3.41,0.0,5.2,264,264,1.0127002490234376,157.5800018310547,-0.10080687963781831,0.003993974104465331,-0.13682738649494788,0.07704660928389478,-0.014017839710409312,0.4082700775146484,,140.2,170.7,2026-08-07 15:11:55+00:00,True,False
ALGN,2026-10-02,ALGN261002C00250000,call,250.0,3.35,0.0,5.2,482,401,1.0734909606933596,157.5800018310547,0.1135701522791448,0.00367260906288143,-0.14606788336909865,0.09387511362687986,0.01473432445851497,0.3687807263183594,,119.2,138.0,2026-08-27 19:54:08+00:00,True,False
ALGN,2026-10-16,ALGN261016C00210000,call,210.0,1.4,0.0,5.4,50,80,0.6668734484863283,157.5800018310547,0.15252515561857571,0.006123197088451543,-0.09554426562246196,0.13612161173900333,0.028574916761064918,0.38196418823242184,,101.9,142.2,2026-08-17 14:54:03+00:00,True,False
ALGN,2026-10-16,ALGN261016C00250000,call,250.0,3.42,0.0,5.1,482,565,0.9064950756835936,157.5800018310547,0.11443152048015565,0.0036955704121849,-0.10541857532339946,0.11167407105764862,0.02078208321633265,0.38196418823242184,,101.9,142.2,2026-08-27 19:54:08+00:00,True,False
ALGN,2026-10-16,ALGN261016P00140000,put,140.0,3.2,1.5,3.2,11,81,0.4342097595214844,157.5800018310547,-0.19344522956918941,0.010944129702164622,-0.06561480344683095,0.1584113262445766,-0.04481236496242695,0.38196418823242184,,101.9,142.2,2026-08-25 17:44:55+00:00,False,True
ALLY,2026-09-18,ALLY260918C00043000,call,43.0,0.74,0.6,0.8,3143,4761,0.2793040820312499,42.18000030517578,0.4164599872918478,0.1380699656914349,-0.028544633546797718,0.03947444996341068,0.009633710789361156,0.32105171142578115,,91.7,83.8,2026-08-28 19:42:12+00:00,False,False
ALLY,2026-09-18,ALLY260918C00044000,call,44.0,0.4,0.35,0.45,31,1198,0.2690502783203125,42.18000030517578,0.28172100230926955,0.12403022357869949,-0.023446599563582634,0.03415863908095539,0.006571804649305556,0.32105171142578115,,91.7,83.8,2026-08-28 18:13:40+00:00,False,False
ALLY,2026-09-18,ALLY260918C00045000,call,45.0,0.22,0.2,0.3,24,7784,0.2880930566406249,42.18000030517578,0.19480066423263193,0.09453184861728459,-0.020205872842460147,0.027877288502345932,0.004552133383398719,0.32105171142578115,,91.7,83.8,2026-08-28 18:12:06+00:00,False,False
ALLY,2026-09-18,ALLY260918C00046000,call,46.0,0.1,0.05,0.2,10,3046,0.304694453125,42.18000030517578,0.1334301272156711,0.06986719595129198,-0.016552035476153002,0.02179101447055255,0.003122536628402917,0.32105171142578115,,91.7,83.8,2026-08-28 16:41:21+00:00,False,True
ALLY,2026-09-18,ALLY260918C00050000,call,50.0,0.05,0.0,0.05,20,648,0.3711000390625,42.18000030517578,0.033336749270791645,0.019772746854349887,-0.006822593392152703,0.007510997088969778,0.0007815791158912674,0.32105171142578115,,91.7,83.8,2026-08-25 19:13:25+00:00,True,False
ALLY,2026-09-18,ALLY260918C00055000,call,55.0,0.1,0.0,0.1,100,809,0.5351608984375,42.18000030517578,0.023804445295791603,0.010359215333847569,-0.00736198752248568,0.005674803425864235,0.0005510185960227866,0.32105171142578115,,91.7,83.8,2026-07-27 14:45:24+00:00,True,False
ALLY,2026-09-18,ALLY260918P00020000,put,20.0,0.1,0.0,0.05,51,53,1.2656286718749998,42.18000030517578,-0.0044051032568995785,0.0010085746117929465,-0.003909313307187423,0.0013066339073062542,-0.0001180174771213823,0.32105171142578115,,91.7,83.8,2026-06-18 19:58:27+00:00,True,False
ALLY,2026-09-18,ALLY260918P00038000,put,38.0,0.1,0.05,0.25,137,1549,0.3818421191406249,42.18000030517578,-0.11187210135430292,0.049264767831192095,-0.016830050848624094,0.019255724311277048,-0.0028402522018355853,0.32105171142578115,,91.7,83.8,2026-08-27 19:43:00+00:00,False,True
ALLY,2026-09-18,ALLY260918P00041000,put,41.0,0.4,0.45,0.6,16,686,0.26758544921875,42.18000030517578,-0.3018847340244821,0.12879221168482685,-0.020657267994542393,0.035277003014353395,-0.007635601409791463,0.32105171142578115,,91.7,83.8,2026-08-27 15:53:12+00:00,False,False
ALLY,2026-09-18,ALLY260918P00042000,put,42.0,0.93,0.7,1.1,17,1051,0.2880930566406249,42.18000030517578,-0.44509342107164673,0.13557139499188567,-0.024712832742633913,0.03997978402131089,-0.011385084306252251,0.32105171142578115,,91.7,83.8,2026-08-28 17:59:13+00:00,False,False
ALLY,2026-09-18,ALLY260918P00044000,put,44.0,1.82,1.65,2.3,34,169,0.2778392529296875,42.18000030517578,-0.7113681417086023,0.1215020329142691,-0.018449627980820185,0.03455546443011181,-0.018520206699561743,0.32105171142578115,,91.7,83.8,2026-08-25 16:13:23+00:00,False,False
ALLY,2026-10-16,ALLY261016C00038000,call,38.0,5.3,4.5,5.4,197,197,0.4794973925781249,42.18000030517578,0.7642568852984262,0.04154098697112319,-0.026932857589850402,0.047575069705238254,0.0358207856266911,0.31787791503906243,,98.6,106.6,2026-08-21 13:39:06+00:00,False,False
ALLY,2026-10-16,ALLY261016C00045000,call,45.0,0.65,0.4,0.8,67,615,0.2929758203124999,42.18000030517578,0.3132438491013507,0.0782686662908105,-0.018065021242045978,0.05476916061426219,0.016576810584145302,0.31787791503906243,,98.6,106.6,2026-08-28 18:55:33+00:00,False,False
ALLY,2026-10-16,ALLY261016P00039000,put,39.0,0.45,0.25,0.7,29,51,0.313483427734375,42.18000030517578,-0.21234565868607058,0.059875619975371386,-0.013029053857688959,0.0448312638973907,-0.01285385495683194,0.31787791503906243,,98.6,106.6,2026-08-27 15:08:05+00:00,False,True
ALLY,2026-10-16,ALLY261016P00042000,put,42.0,1.2,1.15,1.6,40,50,0.2719799365234374,42.18000030517578,-0.4364018064845744,0.09370207470813367,-0.014173511858835655,0.060869880295965066,-0.026653445574268696,0.31787791503906243,,98.6,106.6,2026-08-26 19:03:18+00:00,False,False
APEI,2026-09-18,APEI260918C00040000,call,40.0,7.4,4.7,8.1,79,140,0.52539537109375,46.0099983215332,0.8842654590903358,0.03362749724864722,-0.03160522212234908,0.021518483087013585,0.019684818845105277,0.40527938476562503,,94.6,93.3,2026-08-11 15:38:26+00:00,False,False
APEI,2026-09-18,APEI260918C00050000,call,50.0,0.75,0.35,0.45,10,65,0.3779359082031249,46.0099983215332,0.2003607530121586,0.06719481299976973,-0.029034131987504215,0.030930345524653378,0.005046472078554381,0.40527938476562503,,94.6,93.3,2026-08-24 19:29:57+00:00,False,False
APEI,2026-09-18,APEI260918C00060000,call,60.0,0.12,0.0,0.25,30,952,0.6152382226562501,46.0099983215332,0.0440286919668138,0.013716847764277403,-0.015318042579030324,0.01027847047389644,0.001098699772079443,0.40527938476562503,,94.6,93.3,2026-08-11 17:54:46+00:00,True,False
APEI,2026-09-18,APEI260918P00030000,put,30.0,0.05,0.0,0.05,864,864,0.7578149218750001,46.0099983215332,-0.006957500524641502,0.002317557849647109,-0.003812962353571049,0.0021390680514833905,-0.0001957349982035372,0.40527938476562503,,94.6,93.3,2026-08-11 13:32:00+00:00,True,False
APEI,2026-09-18,APEI260918P00050000,put,50.0,5.9,4.2,4.5,66,117,0.3969786865234375,46.0099983215332,-0.7868575620938462,0.06635746551822906,-0.024769583654175562,0.032083951092015714,-0.02333419628236868,0.40527938476562503,,94.6,93.3,2026-07-24 16:03:28+00:00,False,False
APTV,2026-09-18,APTV260918C00045000,call,45.0,2.05,2.0,3.2,35,63,0.632816171875,45.75,0.5807228556053563,0.05626834385977804,-0.06780753647150618,0.04287956086912996,0.013442857571487214,0.5075732836914062,,77.7,98.2,2026-08-28 18:01:12+00:00,False,False
APTV,2026-09-18,APTV260918C00047500,call,47.5,1.1,0.85,1.2,29,479,0.42774009765625,45.75,0.3872352387818915,0.08157326358014338,-0.045054148998670114,0.04201810182879753,0.009499155998613375,0.5075732836914062,,77.7,98.2,2026-08-28 18:33:00+00:00,False,False
APTV,2026-09-18,APTV260918C00050000,call,50.0,0.49,0.35,0.8,40,943,0.4985401708984375,45.75,0.2549463835325082,0.05868827373691522,-0.0433122213060437,0.03523385158444142,0.0062564255822074475,0.5075732836914062,,77.7,98.2,2026-08-28 19:23:50+00:00,False,True
APTV,2026-09-18,APTV260918C00052500,call,52.5,0.2,0.2,0.5,29,2053,0.5390671093750001,45.75,0.16417578165183422,0.04182664300421347,-0.035812001960968086,0.027152165448432273,0.0040420148204845605,0.5075732836914062,,77.7,98.2,2026-08-28 18:04:04+00:00,False,True
APTV,2026-09-18,APTV260918C00057500,call,57.5,0.15,0.0,0.3,357,557,0.5664105859375,45.75,0.0555298427352727,0.018033117239347845,-0.016916860384351404,0.012300160963571055,0.0013813998292574318,0.5075732836914062,,77.7,98.2,2026-08-25 13:39:38+00:00,True,False
APTV,2026-09-18,APTV260918P00040000,put,40.0,0.17,0.0,0.25,70,144,0.44727115234375,45.75,-0.09136586798424573,0.033457292635122655,-0.01858827887705782,0.01802064413177328,-0.002530371384305853,0.5075732836914062,,77.7,98.2,2026-08-28 18:00:40+00:00,True,False
APTV,2026-09-18,APTV260918P00042500,put,42.5,0.5,0.3,0.55,14,524,0.3945373046875,45.75,-0.19589708071903078,0.06385856821007958,-0.02720544863154224,0.030340021017328366,-0.005439816910910929,0.5075732836914062,,77.7,98.2,2026-08-28 16:57:04+00:00,False,False
APTV,2026-09-18,APTV260918P00045000,put,45.0,1.36,0.9,1.35,93,621,0.3823303955078124,45.75,-0.39841086628575484,0.09198624617114948,-0.03588442077229489,0.04235165141721846,-0.011208669123902852,0.5075732836914062,,77.7,98.2,2026-08-28 18:00:40+00:00,False,False
APTV,2026-09-18,APTV260918P00047500,put,47.5,2.6,2.45,2.9,10,1368,0.4160214648437499,45.75,-0.6169399882567704,0.08360400555610058,-0.03724167441540292,0.04188431830260858,-0.01783272199763881,0.5075732836914062,,77.7,98.2,2026-08-28 19:16:13+00:00,False,False
APTV,2026-09-18,APTV260918P00055000,put,55.0,7.84,8.7,10.3,11,75,0.5400436621093752,45.75,-0.9089905950322935,0.027629555033270647,-0.016129373950654124,0.017968482105750142,-0.029294278196613517,0.5075732836914062,,77.7,98.2,2026-08-24 17:51:15+00:00,False,False
ARKO,2026-10-16,ARKO261016P00005000,put,5.0,0.53,0.35,1.05,102,101,1.00391123046875,4.369999885559082,-0.5651227944599728,0.2448744268885171,-0.0059781648818101165,0.006302383289051024,-0.004684317784229899,1.00391123046875,,100.0,,2026-08-26 17:19:18+00:00,False,True
ASO,2026-08-28,ASO260828C00049000,call,49.0,0.13,0.0,2.15,12,63,3.189455151367187,43.5,,,,,,0.629886513671875,,,,2026-08-25 14:20:17+00:00,True,False
ASO,2026-08-28,ASO260828C00053000,call,53.0,0.2,0.0,2.15,50,62,4.222660971679687,43.5,,,,,,0.629886513671875,,,,2026-08-18 14:52:31+00:00,True,False
ASO,2026-08-28,ASO260828C00055000,call,55.0,0.05,0.0,0.05,10,433,2.031254921875,43.5,,,,,,0.629886513671875,,,,2026-08-28 15:56:07+00:00,True,False
ASO,2026-08-28,ASO260828P00041000,put,41.0,0.05,0.0,2.15,12,124,2.373050942382812,43.5,,,,,,0.629886513671875,,,,2026-08-26 14:11:57+00:00,True,False
ASO,2026-08-28,ASO260828P00043000,put,43.0,0.03,0.0,0.05,150,183,0.23438265625,43.5,,,,,,0.629886513671875,,,,2026-08-28 18:44:42+00:00,True,False
ASO,2026-08-28,ASO260828P00044000,put,44.0,0.38,0.05,0.7,29,145,0.43945873046875,43.5,,,,,,0.629886513671875,,,,2026-08-28 19:51:29+00:00,False,True
ASO,2026-08-28,ASO260828P00046000,put,46.0,2.2,1.9,2.7,500,1046,1.0546922265625,43.5,,,,,,0.629886513671875,,,,2026-08-28 14:16:57+00:00,False,False
ASO,2026-08-28,ASO260828P00047000,put,47.0,3.09,1.95,5.3,285,101,1.14453552734375,43.5,,,,,,0.629886513671875,,,,2026-08-27 18:51:23+00:00,False,True
ASO,2026-09-04,ASO260904C00036000,call,36.0,6.99,6.4,8.4,710,53,1.4628933105468749,43.5,0.8508641447916863,0.026355594000085393,-0.15013796407378335,0.013991657069922375,0.005510134392743382,0.5410202148437501,,71.1,98.7,2026-08-27 19:25:31+00:00,False,False
ASO,2026-09-04,ASO260904C00037000,call,37.0,6.02,4.8,8.7,710,53,0.8632826171875,43.5,0.9224210212780795,0.027928995165628318,-0.0585283704840537,0.008749676505159726,0.006405282348492518,0.5410202148437501,,71.1,98.7,2026-08-27 19:25:31+00:00,False,False
ASO,2026-09-04,ASO260904C00046000,call,46.0,0.27,0.0,0.5,17,68,0.534184345703125,43.5,0.2402711074031812,0.09666461626299129,-0.07287147377107009,0.018738825956207555,0.0019201884528834267,0.5410202148437501,,71.1,98.7,2026-08-28 16:56:42+00:00,True,False
ASO,2026-09-04,ASO260904C00047000,call,47.0,0.2,0.0,0.3,14,60,0.5283250292968751,43.5,0.15672457817083768,0.07541829372698856,-0.0554668642035024,0.014459776421520167,0.0012589918696443068,0.5410202148437501,,71.1,98.7,2026-08-26 15:12:07+00:00,True,False
ASO,2026-09-04,ASO260904P00042000,put,42.0,0.4,0.0,0.4,169,547,0.3847717773437499,43.5,-0.2409667782362539,0.13441230070732177,-0.05010010410629363,0.01876834222262818,-0.00207513819915283,0.5410202148437501,,71.1,98.7,2026-08-28 14:15:13+00:00,True,False
ASO,2026-09-04,ASO260904P00045000,put,45.0,1.0,0.55,3.4,26,54,0.9882813671875,43.5,-0.5683867823188615,0.06602272668213599,-0.16332470963455428,0.023678694436958615,-0.005357531625349145,0.5410202148437501,,71.1,98.7,2026-08-24 18:18:12+00:00,False,True
ASO,2026-09-11,ASO260911C00048000,call,48.0,0.76,0.0,1.15,39,91,0.5688519677734375,43.5,0.20877461701630962,0.059264442641203334,-0.05088028077056171,0.02446848916995476,0.0032753040298546887,0.5981485498046876,,104.2,149.7,2026-08-25 17:57:05+00:00,True,False
ASO,2026-09-18,ASO260918P00039000,put,39.0,0.65,0.3,0.9,11,59,0.5302781347656251,43.5,-0.17239616177537787,0.04614697177016797,-0.032534457279615236,0.026641082747311032,-0.004627116099423716,0.5351608984375,,107.4,99.3,2026-08-28 18:36:32+00:00,False,True
ASO,2026-09-18,ASO260918P00042500,put,42.5,1.8,1.5,2.65,12,59,0.6044961425781252,43.5,-0.40023675490221833,0.061262378837929655,-0.05537429900958698,0.04031738303206236,-0.011144969376999209,0.5351608984375,,107.4,99.3,2026-08-28 16:15:27+00:00,False,False
ASO,2026-10-02,ASO261002P00048000,put,48.0,5.8,4.1,7.2,65,65,0.8061542822265625,43.5,-0.5988269910491968,0.035604873463101254,-0.055454570933846474,0.05208123879422478,-0.03167314023935948,0.52539537109375,,120.7,141.0,2026-08-25 19:42:53+00:00,False,False
ASO,2026-10-16,ASO261016C00047500,call,47.5,1.33,0.5,2.65,84,252,0.6511265356445313,43.5,0.4124248810488387,0.037511824067133506,-0.04331078859221611,0.0620462169480017,0.020446345291704394,0.5804485314941407,,87.3,87.8,2026-08-27 14:38:38+00:00,False,True
ASO,2026-10-16,ASO261016C00050000,call,50.0,1.15,0.9,1.45,10,278,0.5097705273437501,43.5,0.26885668520983574,0.04060908503633842,-0.028789817563978238,0.052587152705453916,0.014066406465331088,0.5804485314941407,,87.3,87.8,2026-08-28 17:40:07+00:00,False,False
ASO,2026-10-16,ASO261016C00060000,call,60.0,0.33,0.0,0.75,18,90,0.6010782080078126,43.5,0.09348400690227004,0.017434485176056003,-0.016832314858618847,0.026620845202421507,0.004944586315215716,0.5804485314941407,,87.3,87.8,2026-08-24 19:35:35+00:00,True,False
ASO,2026-10-16,ASO261016C00075000,call,75.0,0.27,0.0,1.35,10,118,1.0078174609375,43.5,0.10162020799798566,0.01105452677394337,-0.029618120513310312,0.028301129188730928,0.005033859423931309,0.5804485314941407,,87.3,87.8,2026-06-29 16:09:02+00:00,True,False
ASO,2026-10-16,ASO261016P00040000,put,40.0,1.61,1.25,2.1,12,160,0.506840869140625,43.5,-0.28072468134972983,0.041722979961102205,-0.025897155059308816,0.05371909353984222,-0.018478201010575287,0.5804485314941407,,87.3,87.8,2026-08-26 15:05:32+00:00,False,False
ASO,2026-10-16,ASO261016P00057500,put,57.5,8.3,12.3,15.8,130,130,0.8886729882812499,43.5,-0.7496907626493411,0.022450384788090555,-0.039377204218344966,0.05068127105802301,-0.06449416467047271,0.5804485314941407,,87.3,87.8,2026-07-28 17:22:13+00:00,False,False
AZZ,2026-09-18,AZZ260918P00150000,put,150.0,10.14,11.2,13.3,61,61,0.4011290356445312,138.33999633789062,-0.7772764050197252,0.022402144516966677,-0.0780082388681427,0.09894540807068614,-0.06926415796229005,0.2946847875976562,,116.1,141.4,2026-07-31 17:02:06+00:00,False,False
AZZ,2026-10-16,AZZ261016C00145000,call,145.0,17.5,5.4,7.7,45,251,0.5124560473632812,138.33999633789062,0.4519289169436313,0.015247051929211887,-0.11244598412183794,0.20074338227953,0.07324904222097087,0.4519708123779297,,115.2,113.6,2026-07-23 19:50:53+00:00,False,False
AZZ,2026-10-16,AZZ261016C00150000,call,150.0,6.6,2.3,5.2,69,77,0.4688773815917969,138.33999633789062,0.3646480377720972,0.015810517661564685,-0.09729461183298736,0.1904601438562841,0.060462660473961656,0.4519708123779297,,115.2,113.6,2026-08-19 19:07:30+00:00,False,True
BANC,2026-09-18,BANC260918C00017500,call,17.5,4.0,0.95,1.7,50,50,0.6005899316406251,18.600000381469727,0.6967803349123891,0.13038468355225866,-0.023829871552512056,0.015586799940058077,0.006472709415594844,0.4687553125000001,,71.9,85.0,2026-07-17 19:52:10+00:00,False,False
BANC,2026-09-18,BANC260918C00020000,call,20.0,0.15,0.0,0.25,181,198,0.398443515625,18.600000381469727,0.24779493268879688,0.17792255884122543,-0.013983630544294374,0.01411075059308491,0.00250787754187332,0.4687553125000001,,71.9,85.0,2026-08-20 19:04:34+00:00,True,False
BANC,2026-10-16,BANC261016C00020000,call,20.0,0.3,0.15,0.4,93,2977,0.3300848242187499,18.600000381469727,0.31416673826493113,0.15773801951990593,-0.008886799930014485,0.024181935780584758,0.007269739100107755,0.4184628466796875,,90.3,150.1,2026-08-27 14:46:35+00:00,False,True
BANC,2026-10-16,BANC261016P00007500,put,7.5,0.04,0.0,0.15,352,1226,1.3359408203124996,18.600000381469727,-0.017257770907820547,0.004690628998998896,-0.0039142203480146045,0.0029103647801986543,-0.0005213917081288578,0.4184628466796875,,90.3,150.1,2026-05-08 17:00:11+00:00,True,False
BANC,2026-10-16,BANC261016P00020000,put,20.0,1.57,1.1,2.2,43,329,0.4882863671875,18.600000381469727,-0.6097481354271881,0.11532110600988874,-0.011189829841689456,0.02615245839252329,-0.018038556566517806,0.4184628466796875,,90.3,150.1,2026-08-21 16:18:48+00:00,False,False
BHE,2026-10-16,BHE261016C00065000,call,65.0,13.7,7.8,9.2,43,99,0.5454147021484376,71.30999755859375,0.7247894954802089,0.023423641819261095,-0.05432654757089404,0.08721382172056684,0.05672316022526257,0.5692181750488282,,87.2,111.5,2026-07-29 19:02:04+00:00,False,False
BHF,2026-09-18,BHF260918P00030000,put,30.0,0.15,0.0,4.8,36,81,2.5546911132812498,53.040000915527344,-0.1072974456537985,0.005682831111508682,-0.14184518828484685,0.023498309666082715,-0.004559438014367168,0.6452672192382813,,108.1,88.5,2026-08-13 13:54:54+00:00,True,False
BHF,2026-09-18,BHF260918P00040000,put,40.0,0.47,0.0,0.85,10,369,0.86914193359375,53.040000915527344,-0.07057563392491284,0.012219402664382607,-0.03500826648531251,0.01718993190239621,-0.0023701872816227405,0.6452672192382813,,108.1,88.5,2026-08-27 18:23:58+00:00,True,False
BHF,2026-09-18,BHF260918P00055000,put,55.0,4.3,3.7,4.6,300,1727,0.5810588769531251,53.040000915527344,-0.5675056973550063,0.053191913124886754,-0.0645411718441679,0.05002639720910709,-0.019609900057842033,0.6452672192382813,,108.1,88.5,2026-08-28 19:57:23+00:00,False,False
BHF,2026-09-18,BHF260918P00060000,put,60.0,7.7,6.0,10.1,293,2684,0.639652041015625,53.040000915527344,-0.7605752553830865,0.03815083230530585,-0.05355369114342776,0.03949856184209026,-0.02772785419235259,0.6452672192382813,,108.1,88.5,2026-08-19 14:16:41+00:00,False,False
BHF,2026-09-18,BHF260918P00065000,put,65.0,6.4,11.6,14.3,45,545,0.8281267187499999,53.040000915527344,-0.8185572343908185,0.025030764963497446,-0.05846294539992685,0.03355091705202313,-0.032299737813760526,0.6452672192382813,,108.1,88.5,2026-08-17 14:30:22+00:00,False,False
BHF,2026-10-16,BHF261016C00070000,call,70.0,0.1,0.0,0.1,10,254,0.395513857421875,53.040000915527344,0.036264244925384756,0.010349662550640518,-0.006488319809003658,0.015459596535998448,0.002440687526849813,0.622074091796875,,123.1,115.9,2026-08-28 13:30:19+00:00,True,False
BLBD,2026-09-18,BLBD260918P00055000,put,55.0,0.7,0.1,0.95,12,59,0.45117736328125,59.22999954223633,-0.2220293575079093,0.04643645263729913,-0.04350719927362352,0.04228791048915677,-0.008063242582493888,0.4379939013671875,,103.0,104.6,2026-08-28 15:39:37+00:00,False,True
BPOP,2026-10-16,BPOP261016C00165000,call,165.0,11.9,5.6,10.0,21,58,0.2988351367187499,169.75,0.6462659128858581,0.02000500014302429,-0.08409624307893764,0.23125599514462497,0.13306901291284304,0.3040841076660155,,145.4,135.2,2026-06-24 19:56:49+00:00,False,False
BPOP,2026-10-16,BPOP261016P00175000,put,175.0,9.5,5.5,10.0,25,125,0.2778392529296875,169.75,-0.5723544473784117,0.022705594881556695,-0.05461601396083043,0.24403339890608705,-0.1427836356034583,0.3040841076660155,,145.4,135.2,2026-08-27 14:08:25+00:00,False,False
BXMT,2026-09-18,BXMT260918C00014000,call,14.0,0.2,0.1,0.45,19,469,0.42383388671875,13.729999542236328,0.4552413170382248,0.28401142472812546,-0.013968898732114354,0.013055663955374957,0.0033350466958757177,0.3593814062499999,,88.6,114.1,2026-08-28 19:29:02+00:00,False,True
BXMT,2026-09-18,BXMT260918C00015000,call,15.0,0.04,0.0,0.15,50,334,0.4101621484375,13.729999542236328,0.20588533289392602,0.21087857442751576,-0.009528160577763746,0.009381137729043466,0.001540398369282158,0.3593814062499999,,88.6,114.1,2026-08-26 18:33:37+00:00,True,False
BXMT,2026-09-18,BXMT260918C00016000,call,16.0,0.05,0.0,0.1,50,205,0.5117236328125,13.729999542236328,0.12267097881731498,0.1205511514697523,-0.008369357879323138,0.006690742456829091,0.0009131927309430475,0.3593814062499999,,88.6,114.1,2026-08-21 19:56:37+00:00,True,False
BXMT,2026-09-18,BXMT260918C00017000,call,17.0,0.66,0.0,0.15,10,60,0.6015664843750002,13.729999542236328,0.08250130835095515,0.07680380624628654,-0.007322943141118913,0.005011109019334521,0.0006112088368902135,0.3593814062499999,,88.6,114.1,2026-07-27 15:11:10+00:00,True,False
BXMT,2026-09-18,BXMT260918C00019000,call,19.0,0.05,0.0,0.05,200,204,0.6718782812500002,13.729999542236328,0.027598578176471843,0.02868972608664189,-0.0033933338955854666,0.0020906651515534506,0.00020527727450892516,0.3593814062499999,,88.6,114.1,2026-07-31 14:51:45+00:00,True,False
BXMT,2026-09-18,BXMT260918P00013000,put,13.0,0.09,0.05,0.15,14,51,0.3183661914062499,13.729999542236328,-0.21438733429273293,0.2782177120547259,-0.006860679665309195,0.009606809805106364,-0.0017699798978606904,0.3593814062499999,,88.6,114.1,2026-08-26 19:44:15+00:00,False,True
BXMT,2026-10-16,BXMT261016P00014000,put,14.0,0.9,0.8,0.95,121,1175,0.3945373046875,13.729999542236328,-0.5063842104948175,0.20097602289802935,-0.007004656758455786,0.020066728841924415,-0.010525094879011074,0.33789724609374994,,143.4,80.3,2026-08-28 16:28:41+00:00,False,False
BXMT,2026-10-16,BXMT261016P00015000,put,15.0,1.65,1.6,1.9,54,816,0.5459029785156251,13.729999542236328,-0.621236538000255,0.13850812606051152,-0.009241614070741491,0.019135286918300895,-0.01389228334124874,0.33789724609374994,,143.4,80.3,2026-08-28 19:51:00+00:00,False,False
BXMT,2026-10-16,BXMT261016P00018000,put,18.0,4.27,3.9,5.1,460,462,0.6367223828125,13.729999542236328,-0.8450196364647602,0.07438632112243805,-0.005597874634845351,0.011986363903716464,-0.02146069043883644,0.33789724609374994,,143.4,80.3,2026-08-26 15:38:04+00:00,False,False
BXMT,2026-10-16,BXMT261016P00019000,put,19.0,5.5,4.9,6.2,200,454,0.7617211328125001,13.729999542236328,-0.8414358560198183,0.0631220510210917,-0.007131976766373969,0.012168060703299746,-0.022793317520022623,0.33789724609374994,,143.4,80.3,2026-08-26 15:03:30+00:00,False,False
BYD,2026-09-18,BYD260918C00082500,call,82.5,0.6,0.15,1.1,21,224,0.2907785766601561,79.47000122070312,0.32262421213164855,0.06473785383211934,-0.05071338784192566,0.06839960185398493,0.014104840223856649,0.34790691162109366,,91.3,94.5,2026-08-28 15:04:01+00:00,False,True
BYD,2026-09-18,BYD260918C00085000,call,85.0,0.32,0.05,0.75,100,227,0.3286199951171874,79.47000122070312,0.21842120801244808,0.047072852715844625,-0.046253134602639114,0.056207901682854965,0.009552761565412808,0.34790691162109366,,91.3,94.5,2026-08-27 18:14:58+00:00,False,True
BYD,2026-09-18,BYD260918C00100000,call,100.0,0.05,0.0,0.95,22,168,0.649417568359375,79.47000122070312,0.08397409843168907,0.012456249295400058,-0.046301338782121844,0.029393018928269555,0.003582194093532791,0.34790691162109366,,91.3,94.5,2026-08-21 15:23:47+00:00,True,False
BYD,2026-09-18,BYD260918P00070000,put,70.0,0.48,0.0,0.75,428,656,0.5083056982421875,79.47000122070312,-0.13024309876256357,0.021861153698878873,-0.0473566646116005,0.040376709719640705,-0.00633912489891881,0.34790691162109366,,91.3,94.5,2026-07-22 19:49:41+00:00,True,False
BYD,2026-09-18,BYD260918P00080000,put,80.0,2.06,1.35,2.25,751,152,0.2526930200195312,79.47000122070312,-0.5127235268031796,0.08278076468891803,-0.03986339367818198,0.07600734269921254,-0.02463899625487052,0.34790691162109366,,91.3,94.5,2026-08-28 15:22:58+00:00,False,False
BYD,2026-10-16,BYD261016C00090000,call,90.0,0.63,0.0,0.75,220,220,0.3190986059570311,79.47000122070312,0.17146469603752545,0.02738529208851199,-0.02587980528389895,0.0740886939930468,0.017206102078626693,0.274421318359375,,100.0,120.3,2026-08-21 18:45:04+00:00,True,False
CFG,2026-09-18,CFG260918C00072500,call,72.5,0.7,0.3,0.7,11,1058,0.2517164672851562,69.70999908447266,0.2836191535376839,0.08047525455916073,-0.03655293950534482,0.05663573897221902,0.010960864560736144,0.2404861108398437,,111.0,104.7,2026-08-28 14:52:41+00:00,False,True
CFG,2026-09-18,CFG260918P00067500,put,67.5,0.65,0.55,0.9,11,255,0.2668530346679688,69.70999908447266,-0.28086950763421403,0.07555543043169566,-0.033023834691254604,0.056370828052653484,-0.011727159622699112,0.2404861108398437,,111.0,104.7,2026-08-28 16:18:30+00:00,False,False
CFG,2026-10-16,CFG261016P00065000,put,65.0,0.9,0.75,1.2,10,1169,0.3000558276367187,69.70999908447266,-0.225922482962422,0.03922398533605977,-0.021206119198582094,0.07677983128983094,-0.02256239008867396,0.2834544311523437,,105.9,116.1,2026-08-27 16:44:36+00:00,False,False
CFG,2026-10-16,CFG261016P00070000,put,70.0,2.5,2.3,2.75,10,62,0.2524488818359375,69.70999908447266,-0.4705313770941928,0.06170252625219506,-0.02134385912787461,0.10161779490658063,-0.04736316753482786,0.2834544311523437,,105.9,116.1,2026-08-28 14:27:50+00:00,False,False
CHCT,2026-09-18,CHCT260918C00015000,call,15.0,0.35,0.25,0.4,40,51,0.2890696093749999,14.949999809265137,0.5111699370939583,0.3847095378882708,-0.010832985941902098,0.014300268564625669,0.004160810476649481,0.2890696093749999,,441.2,100.0,2026-08-27 19:55:20+00:00,False,False
CHCT,2026-09-18,CHCT260918P00015000,put,15.0,0.35,0.05,0.45,100,115,0.2890696093749999,14.949999809265137,-0.4888300629060417,0.3847095378882708,-0.008784093980032298,0.014300268564625669,-0.004444535763203682,0.2890696093749999,,441.2,100.0,2026-08-28 13:52:07+00:00,False,True
CHCT,2026-10-16,CHCT261016C00012500,call,12.5,4.66,3.9,6.8,100,54,2.0293018017578124,14.949999809265137,0.7328688349990604,0.02958635170669804,-0.03807088594290856,0.018014559473312656,0.007524902269837526,0.3505924316406249,,462.4,239.3,2026-04-24 19:48:43+00:00,False,False
CHCT,2026-10-16,CHCT261016P00015000,put,15.0,0.45,0.45,0.55,10,427,0.2373123144531249,14.949999809265137,-0.4672151287030656,0.30586317196542623,-0.004249510239853634,0.021778755174532052,-0.01003846761319611,0.3505924316406249,,462.4,239.3,2026-08-26 14:30:33+00:00,False,False
CMPR,2026-10-16,CMPR261016C00090000,call,90.0,16.92,3.5,7.5,63,65,0.5946085461425781,89.27999877929688,0.5409681613139516,0.020402110379665744,-0.08432570576775489,0.12981288641517022,0.05451339990503814,0.5946085461425781,,94.4,84.3,2026-07-13 18:58:04+00:00,False,True
COLL,2026-09-18,COLL260918C00035000,call,35.0,0.1,0.0,0.9,69,161,1.0976607617187502,25.350000381469727,0.13949596046478446,0.03326637611248308,-0.03571006565824097,0.013500691198288632,0.00179048592018082,0.585941640625,,73.8,410.0,2026-08-25 14:40:08+00:00,True,False
COLL,2026-10-16,COLL261016C00035000,call,35.0,0.15,0.0,3.5,120,120,1.1904337353515624,25.350000381469727,0.3064026967595844,0.031744003965533146,-0.04042498079448444,0.032600637028705366,0.008075830656725623,1.1904337353515624,,,100.0,2026-08-24 18:29:08+00:00,True,False
COLL,2026-10-16,COLL261016C00040000,call,40.0,0.1,0.0,0.2,53,53,0.6679720703125002,25.350000381469727,0.04328323295262302,0.014806104725335629,-0.00595207046997403,0.008532145967021258,0.001337938547749091,1.1904337353515624,,,100.0,2026-08-24 18:19:22+00:00,True,False
COO,2026-09-18,COO260918C00085000,call,85.0,0.2,0.0,0.6,210,449,0.5903361279296876,71.16999816894531,0.12241848180819337,0.020130436649736613,-0.049791709279717836,0.03463162715871329,0.004682172167020754,0.6262244409179688,,98.9,74.9,2026-08-28 19:22:45+00:00,True,False
COO,2026-09-18,COO260918P00075000,put,75.0,4.3,3.6,6.6,11,72,0.6186561572265626,71.16999816894531,-0.6024322909572498,0.03652255391417403,-0.09024614526985329,0.06584621535724818,-0.028327855474894505,0.6262244409179688,,98.9,74.9,2026-08-26 16:55:03+00:00,False,False
CPRI,2026-09-18,CPRI260918C00010000,call,10.0,3.5,3.5,3.6,35,51,0.7617211328125001,13.5,0.9599088731784338,0.03500137889245744,-0.006356092272293168,0.0027956006048167224,0.005400906947708263,0.5400436621093749,,91.5,94.8,2026-08-28 14:46:47+00:00,False,False
CPRI,2026-09-18,CPRI260918C00012500,call,12.5,1.3,1.1,1.35,22,215,0.585941640625,13.5,0.7383700036192993,0.17150597263294934,-0.015879794674527374,0.010537257153673596,0.004952960189904723,0.5400436621093749,,91.5,94.8,2026-08-28 19:46:45+00:00,False,False
CPRI,2026-09-18,CPRI260918C00015000,call,15.0,0.14,0.1,0.2,17,428,0.5117236328125,13.5,0.21959235839521762,0.1784983396855502,-0.012048566435884244,0.009577752770844668,0.0015923546099476122,0.5400436621093749,,91.5,94.8,2026-08-28 18:42:05+00:00,False,False
CPRI,2026-09-18,CPRI260918P00012500,put,12.5,0.2,0.15,0.25,28,1424,0.49414568359375,13.5,-0.23182647740326623,0.1906060057283838,-0.011159450892340533,0.009876101710138316,-0.0019326365601467714,0.5400436621093749,,91.5,94.8,2026-08-28 19:57:45+00:00,False,False
CPRI,2026-09-18,CPRI260918P00015000,put,15.0,2.0,1.5,1.7,10,2160,0.5117236328125,13.5,-0.7804076416047824,0.1784983396855502,-0.009999674474014444,0.009577752770844668,-0.007012991629905551,0.5400436621093749,,91.5,94.8,2026-08-27 18:41:00+00:00,False,False
CPRI,2026-10-16,CPRI261016C00012500,call,12.5,1.35,1.45,1.75,207,772,0.534184345703125,13.5,0.7003369799916785,0.13152186078788208,-0.01043981641751716,0.017189365814929695,0.010487299582669328,0.534184345703125,,100.0,102.4,2026-08-27 19:11:56+00:00,False,False
CRUS,2026-09-18,CRUS260918C00115000,call,115.0,1.21,1.2,1.7,25,83,0.3815979809570312,108.4800033569336,0.28757918220537637,0.034338330273385384,-0.08464622606337699,0.08871785884713235,0.01696859135721747,0.40271593383789056,,82.3,94.8,2026-08-28 19:52:48+00:00,False,False
CTRI,2026-09-18,CTRI260918C00022500,call,22.5,0.25,0.2,0.5,44,114,0.53320779296875,20.31999969482422,0.2387370275132844,0.11927468840245292,-0.019798316486059068,0.015108404481945203,0.002593739150476364,0.649417568359375,,84.1,82.1,2026-08-28 18:41:07+00:00,False,True
CTRI,2026-10-16,CTRI261016C00022500,call,22.5,0.7,0.6,1.0,50,51,0.5293015820312501,20.31999969482422,0.3468248649517818,0.09367817421835944,-0.015696723561411167,0.02748477712349253,0.008350530769420317,0.5585981640625001,,,94.8,2026-08-28 17:19:38+00:00,False,False
CVS,2026-08-28,CVS260828C00085000,call,85.0,8.28,6.8,8.85,161,59,1.833985205078125,93.05999755859376,,,,,,0.09717699707031249,,,,2026-08-28 19:38:37+00:00,False,False
CVS,2026-08-28,CVS260828C00090000,call,90.0,3.28,2.67,3.4,87,58,0.70898728515625,93.05999755859376,,,,,,0.09717699707031249,,,,2026-08-28 18:46:00+00:00,False,False
CVS,2026-08-28,CVS260828C00093000,call,93.0,0.1,0.0,0.3,60,323,0.13868048828125,93.05999755859376,,,,,,0.09717699707031249,,,,2026-08-28 19:52:24+00:00,True,False
CVS,2026-08-28,CVS260828C00094000,call,94.0,0.01,0.0,0.01,132,868,0.1132901171875,93.05999755859376,,,,,,0.09717699707031249,,,,2026-08-28 19:40:39+00:00,True,False
CVS,2026-08-28,CVS260828C00095000,call,95.0,0.09,0.0,0.01,98,801,0.2031329687499999,93.05999755859376,,,,,,0.09717699707031249,,,,2026-08-28 17:59:51+00:00,True,False
CVS,2026-08-28,CVS260828C00096000,call,96.0,0.02,0.0,0.01,66,730,0.2890696093749999,93.05999755859376,,,,,,0.09717699707031249,,,,2026-08-28 19:29:46+00:00,True,False
CVS,2026-08-28,CVS260828C00098000,call,98.0,0.04,0.0,0.01,30,627,0.437505625,93.05999755859376,,,,,,0.09717699707031249,,,,2026-08-28 18:01:55+00:00,True,False
CVS,2026-08-28,CVS260828P00086000,put,86.0,0.03,0.0,2.13,57,70,1.888672431640625,93.05999755859376,,,,,,0.09717699707031249,,,,2026-08-24 15:11:23+00:00,True,False
CVS,2026-08-28,CVS260828P00090000,put,90.0,0.01,0.0,0.01,33,342,0.304694453125,93.05999755859376,,,,,,0.09717699707031249,,,,2026-08-28 19:28:10+00:00,True,False
CVS,2026-08-28,CVS260828P00091000,put,91.0,0.01,0.0,0.01,62,837,0.2187578124999999,93.05999755859376,,,,,,0.09717699707031249,,,,2026-08-28 19:21:04+00:00,True,False
CVS,2026-08-28,CVS260828P00093000,put,93.0,0.03,0.0,0.08,50,1122,0.055673505859375,93.05999755859376,,,,,,0.09717699707031249,,,,2026-08-28 19:57:23+00:00,True,False
CVS,2026-08-28,CVS260828P00094000,put,94.0,0.96,0.55,1.04,50,733,0.2089922851562499,93.05999755859376,,,,,,0.09717699707031249,,,,2026-08-28 19:51:34+00:00,False,False
CVS,2026-08-28,CVS260828P00095000,put,95.0,1.95,1.58,2.09,107,446,0.3847717773437499,93.05999755859376,,,,,,0.09717699707031249,,,,2026-08-28 19:49:16+00:00,False,False
CVS,2026-09-04,CVS260904C00085000,call,85.0,8.25,7.7,9.4,53,53,0.551762294921875,93.05999755859376,0.8918379631819946,0.026125412802325054,-0.10455765066700301,0.023941228400869062,0.01428203967668136,0.26746338012695303,,88.5,88.8,2026-08-27 19:50:51+00:00,False,False
CVS,2026-09-04,CVS260904C00093000,call,93.0,1.4,1.18,1.4,153,152,0.2492750854492187,93.05999755859376,0.5254034929050546,0.12393212378645037,-0.09786963384680145,0.05130905489554515,0.009116796951465295,0.26746338012695303,,88.5,88.8,2026-08-28 19:59:32+00:00,False,False
CVS,2026-09-04,CVS260904C00094000,call,94.0,0.83,0.81,0.99,879,401,0.2553785400390626,93.05999755859376,0.40540388406106187,0.11779218421950571,-0.09617536030157345,0.04996111521484505,0.0070555377992975255,0.26746338012695303,,88.5,88.8,2026-08-28 19:59:18+00:00,False,False
CVS,2026-09-04,CVS260904C00095000,call,95.0,0.5,0.3,0.57,154,520,0.2375564526367187,93.05999755859376,0.28042877318244763,0.11003572789779768,-0.07716982273350727,0.04341419986992722,0.004904518675296112,0.26746338012695303,,88.5,88.8,2026-08-28 19:57:15+00:00,False,False
CVS,2026-09-04,CVS260904C00096000,call,96.0,0.32,0.24,0.41,145,115,0.254890263671875,93.05999755859376,0.20147898318246243,0.08560531167961083,-0.06849828344232896,0.03623975129444181,0.0035259991908260565,0.26746338012695303,,88.5,88.8,2026-08-28 19:16:30+00:00,False,False
CVS,2026-09-04,CVS260904C00097000,call,97.0,0.18,0.1,0.18,65,144,0.2319412744140624,93.05999755859376,0.10655485380271529,0.0614823309654148,-0.04057595463314028,0.023684248694040545,0.0018727882300428197,0.26746338012695303,,88.5,88.8,2026-08-28 19:43:18+00:00,False,False
CVS,2026-09-04,CVS260904C00098000,call,98.0,0.09,0.04,0.16,37,76,0.26367923828125,93.05999755859376,0.08504004441152285,0.045808480150691264,-0.038849592988011744,0.020061022611822864,0.0014926785689325845,0.26746338012695303,,88.5,88.8,2026-08-28 19:35:23+00:00,False,True
CVS,2026-09-04,CVS260904C00099000,call,99.0,0.07,0.0,0.26,67,54,0.34180345703125,93.05999755859376,0.10324677716031283,0.040778894882287836,-0.05780569412525419,0.02314958192482306,0.001801900468029253,0.26746338012695303,,88.5,88.8,2026-08-28 19:49:59+00:00,True,False
CVS,2026-09-04,CVS260904C00104000,call,104.0,0.01,0.0,0.23,14,57,0.508793974609375,93.05999755859376,0.0631824905577669,0.018915417798142892,-0.0588716738199354,0.015984135298618852,0.0010940260551265874,0.26746338012695303,,88.5,88.8,2026-08-28 19:49:59+00:00,True,False
CVS,2026-09-04,CVS260904C00107000,call,107.0,0.16,0.0,0.55,28,499,0.629886513671875,93.05999755859376,0.06110253237870312,0.014885187199255828,-0.07081247442539533,0.015572124234004094,0.0010507537533318901,0.26746338012695303,,88.5,88.8,2026-08-14 16:16:08+00:00,True,False
CVS,2026-09-04,CVS260904P00089000,put,89.0,0.17,0.05,0.24,116,100,0.2695385546875,93.05999755859376,-0.10759630951203891,0.05327875043166022,-0.04452306699395571,0.023850977078467825,-0.0019552851046110943,0.26746338012695303,,88.5,88.8,2026-08-28 19:47:30+00:00,False,True
CVS,2026-09-04,CVS260904P00090000,put,90.0,0.25,0.17,0.42,22,511,0.2719799365234374,93.05999755859376,-0.17567454033522278,0.07372216850370054,-0.062409892098417,0.033301685770193414,-0.003200054881222827,0.26746338012695303,,88.5,88.8,2026-08-28 19:48:39+00:00,False,True
CVS,2026-09-04,CVS260904P00091000,put,91.0,0.43,0.41,0.51,140,276,0.2368240380859375,93.05999755859376,-0.23325336568791433,0.10027181971063319,-0.06368519325115868,0.03943991112814694,-0.004243919599560467,0.26746338012695303,,88.5,88.8,2026-08-28 19:49:31+00:00,False,False
CVS,2026-09-04,CVS260904P00092000,put,92.0,0.75,0.65,0.82,59,480,0.23438265625,93.05999755859376,-0.34505337673111125,0.12198294420686677,-0.07500148114959547,0.04748493330290152,-0.006294374384447786,0.26746338012695303,,88.5,88.8,2026-08-28 19:49:16+00:00,False,False
CVS,2026-09-04,CVS260904P00093000,put,93.0,1.13,0.88,1.54,51,169,0.2856516748046874,93.05999755859376,-0.47594937256443615,0.10817265994403939,-0.09845313887129088,0.05131986826951765,-0.008761668799629287,0.26746338012695303,,88.5,88.8,2026-08-28 19:53:27+00:00,False,False
CVS,2026-09-04,CVS260904P00094000,put,94.0,1.67,1.43,1.93,952,71,0.2553785400390626,93.05999755859376,-0.5945961159389381,0.11779218421950571,-0.08331098958701841,0.04996111521484505,-0.01095458120107953,0.26746338012695303,,88.5,88.8,2026-08-28 19:51:34+00:00,False,False
CVS,2026-09-04,CVS260904P00095000,put,95.0,2.21,2.12,2.68,21,53,0.2729564892578124,93.05999755859376,-0.6920112975397,0.10000576474409076,-0.0792242209149496,0.04533667942130493,-0.012835499213533642,0.26746338012695303,,88.5,88.8,2026-08-28 19:47:52+00:00,False,False
CVS,2026-09-04,CVS260904P00096000,put,96.0,2.87,2.85,3.4,15,51,0.2670971728515625,93.05999755859376,-0.7871220847351942,0.08439618719900624,-0.060947005017747274,0.03743892473580258,-0.014672502490506802,0.26746338012695303,,88.5,88.8,2026-08-28 15:07:43+00:00,False,False
CVS,2026-09-11,CVS260911C00094000,call,94.0,1.47,1.29,1.7,32,164,0.2824778784179687,93.05999755859376,0.45250248116680425,0.07694002346020033,-0.07836737795625343,0.07219348415755422,0.01549803587323812,0.2606275109863281,,102.3,105.4,2026-08-28 17:13:02+00:00,False,False
CVS,2026-09-11,CVS260911C00095000,call,95.0,1.0,0.91,1.05,14,74,0.2448805981445312,93.05999755859376,0.3570926728421762,0.08358889621797065,-0.06387279811054324,0.06799300141915354,0.012342166137878283,0.2606275109863281,,102.3,105.4,2026-08-28 19:35:37+00:00,False,False
CVS,2026-09-11,CVS260911C00096000,call,96.0,0.72,0.61,0.84,45,69,0.257819921875,93.05999755859376,0.2902106351507591,0.07287234443858508,-0.06104985261184016,0.062408027908199035,0.010039258516505485,0.2606275109863281,,102.3,105.4,2026-08-28 19:24:53+00:00,False,False
CVS,2026-09-11,CVS260911P00098000,put,98.0,3.28,4.2,5.75,100,105,0.331061376953125,93.05999755859376,-0.7690544788118804,0.05044026146578735,-0.05502142413213096,0.05546858548810664,-0.029575075323380443,0.2606275109863281,,102.3,105.4,2026-08-14 17:50:35+00:00,False,False
CVS,2026-09-18,CVS260918C00094000,call,94.0,1.99,1.77,2.2,42,263,0.2885813330078124,93.05999755859376,0.4724846400085062,0.06178470463406729,-0.06675483652507867,0.08883860163063473,0.02399869259414459,0.26721924194335933,,92.4,93.3,2026-08-28 17:51:06+00:00,False,False
CVS,2026-09-18,CVS260918C00095000,call,95.0,1.5,1.39,1.5,167,1769,0.2544019873046875,93.05999755859376,0.3972529048989349,0.06790968411804935,-0.05699270698552029,0.08608048669116677,0.020378900515309932,0.26721924194335933,,92.4,93.3,2026-08-28 19:46:41+00:00,False,False
CVS,2026-09-18,CVS260918C00096000,call,96.0,1.17,1.07,1.24,10,144,0.262702685546875,93.05999755859376,0.3385395320482142,0.06238194455947358,-0.05521408220443057,0.08165371051505871,0.017392654886878096,0.26721924194335933,,92.4,93.3,2026-08-28 19:44:07+00:00,False,False
CVS,2026-09-18,CVS260918C00097000,call,97.0,0.93,0.79,0.93,14,79,0.2583081982421875,93.05999755859376,0.27697426348617826,0.058073891626025165,-0.0493685590727783,0.07474318904137847,0.01428016318413201,0.26721924194335933,,92.4,93.3,2026-08-28 17:51:06+00:00,False,False
CVS,2026-09-18,CVS260918C00097500,call,97.5,0.78,0.7,0.75,338,1478,0.2492750854492187,93.05999755859376,0.2414969791367959,0.05605930664252531,-0.04429770451482586,0.06962722708320128,0.012487029154697137,0.26721924194335933,,92.4,93.3,2026-08-28 19:21:52+00:00,False,False
CVS,2026-09-18,CVS260918C00099000,call,99.0,0.51,0.43,0.6,35,90,0.2700268310546875,93.05999755859376,0.18983108742181692,0.044997007514421865,-0.041258766426446464,0.06054008912450661,0.009812334810486413,0.26721924194335933,,92.4,93.3,2026-08-28 18:55:57+00:00,False,False
CVS,2026-09-18,CVS260918C00100000,call,100.0,0.35,0.24,0.4,54,4439,0.25977302734375,93.05999755859376,0.14074015443644877,0.03852249624141155,-0.03257803603790404,0.04986099960544274,0.007302323220283109,0.26721924194335933,,92.4,93.3,2026-08-28 19:46:34+00:00,False,False
CVS,2026-09-18,CVS260918C00105000,call,105.0,0.09,0.05,0.13,133,2850,0.2900461621093749,93.05999755859376,0.04855748023921936,0.015561931198952245,-0.01613260506392112,0.022489671820562468,0.0025265112819336834,0.26721924194335933,,92.4,93.3,2026-08-28 19:46:34+00:00,False,True
CVS,2026-09-18,CVS260918C00135000,call,135.0,0.18,0.0,0.8,10,78,0.8730481445312499,93.05999755859376,0.04864813307952402,0.005177737540830337,-0.04738879865359391,0.02252323301492253,0.0023942864198633835,0.26721924194335933,,92.4,93.3,2026-08-04 19:29:04+00:00,True,False
CVS,2026-09-18,CVS260918P00047500,put,47.5,0.03,0.0,0.66,40,69,1.505861845703125,93.05999755859376,-0.020160167349336233,0.001450223252943595,-0.03871714255673193,0.010881092390139213,-0.0012422199605385447,0.26721924194335933,,92.4,93.3,2026-07-07 15:21:07+00:00,True,False
CVS,2026-09-18,CVS260918P00050000,put,50.0,0.01,0.0,0.46,10,366,1.3183627832031248,93.05999755859376,-0.01651603881558872,0.001397676506956323,-0.02858188901735722,0.009181087021399758,-0.0009961005107263848,0.26721924194335933,,92.4,93.3,2026-07-22 13:34:22+00:00,True,False
CVS,2026-09-18,CVS260918P00055000,put,55.0,0.05,0.0,0.95,50,555,1.3027378613281246,93.05999755859376,-0.03226670446351643,0.0024852135510946404,-0.049568011691712016,0.016131444269434206,-0.0019647829717750294,0.26721924194335933,,92.4,93.3,2026-06-24 18:15:36+00:00,True,False
CVS,2026-09-18,CVS260918P00057500,put,57.5,0.05,0.0,0.26,33,206,0.960937890625,93.05999755859376,-0.013326987934828671,0.0015945031270423742,-0.01728235844010184,0.007634369882055012,-0.0007756474587020117,0.26721924194335933,,92.4,93.3,2026-08-04 16:19:08+00:00,True,False
CVS,2026-09-18,CVS260918P00067500,put,67.5,0.01,0.0,0.46,10,641,0.74414318359375,93.05999755859376,-0.028428186717899373,0.0039172368256548745,-0.025344426337500895,0.014524086958364374,-0.001633412462393544,0.26721924194335933,,92.4,93.3,2026-08-12 15:57:31+00:00,True,False
CVS,2026-09-18,CVS260918P00082500,put,82.5,0.13,0.03,0.33,17,487,0.366217275390625,93.05999755859376,-0.07383116592468397,0.017110129572427336,-0.026243442721975808,0.031220843297889777,-0.0041136622472100785,0.26721924194335933,,92.4,93.3,2026-08-28 17:07:42+00:00,False,True
CVS,2026-09-18,CVS260918P00085000,put,85.0,0.18,0.17,0.25,57,4111,0.2749095947265625,93.05999755859376,-0.07346575819004963,0.02270674607144567,-0.019393303281526626,0.031102643662703808,-0.004052277859974083,0.26721924194335933,,92.4,93.3,2026-08-28 19:54:01+00:00,False,False
CVS,2026-09-18,CVS260918P00087500,put,87.5,0.46,0.23,0.64,41,1844,0.282233740234375,93.05999755859376,-0.16197904680074937,0.03893251161481098,-0.034649293340928276,0.05474870573923615,-0.00899228790585936,0.26721924194335933,,92.4,93.3,2026-08-28 19:34:55+00:00,False,True
CVS,2026-09-18,CVS260918P00090000,put,90.0,0.96,0.9,1.01,56,1787,0.2468337036132812,93.05999755859376,-0.26014205871085105,0.05888787343312548,-0.03912498417417885,0.07242405460727096,-0.014442042762480949,0.26721924194335933,,92.4,93.3,2026-08-28 19:52:43+00:00,False,False
CVS,2026-09-18,CVS260918P00092500,put,92.5,1.72,1.7,1.92,11,1669,0.2409743872070312,93.05999755859376,-0.4273623327691942,0.07293457447463521,-0.04455581332157875,0.08757030088274347,-0.023887579976913754,0.26721924194335933,,92.4,93.3,2026-08-28 15:03:18+00:00,False,False
CVS,2026-09-18,CVS260918P00093000,put,93.0,2.06,1.88,2.19,23,320,0.2436599072265625,93.05999755859376,-0.46435097109039336,0.07305689092895339,-0.04526126823589157,0.08869471947536343,-0.026016144597785756,0.26721924194335933,,92.4,93.3,2026-08-28 19:52:43+00:00,False,False
CVS,2026-09-18,CVS260918P00095000,put,95.0,3.15,3.0,3.3,31,1530,0.2384109362792968,93.05999755859376,-0.610989376876459,0.07204463360936915,-0.04036949970877095,0.0855815827766009,-0.034483954003497595,0.26721924194335933,,92.4,93.3,2026-08-28 18:44:33+00:00,False,False
CVS,2026-09-18,CVS260918P00105000,put,105.0,11.61,11.2,12.45,12,268,0.399420068359375,93.05999755859376,-0.8814116885869604,0.02225023941796043,-0.02921245011603119,0.04428096472085338,-0.05417476907089228,0.26721924194335933,,92.4,93.3,2026-08-28 16:51:55+00:00,False,False
CVS,2026-09-25,CVS260925C00097000,call,97.0,2.0,0.98,1.51,51,174,0.2890696093749999,93.05999755859376,0.3336045767560618,0.048816310644886486,-0.052429297278205444,0.09374727010311253,0.022609197271156983,0.2968820312499999,,88.8,102.0,2026-08-26 18:59:05+00:00,False,False
CVS,2026-09-25,CVS260925C00099000,call,99.0,1.28,0.58,1.12,22,848,0.30274134765625,93.05999755859376,0.2577624408839769,0.041383273823469346,-0.048122459709818384,0.08323151982301233,0.017509549588016513,0.2968820312499999,,88.8,102.0,2026-08-26 18:58:12+00:00,False,False
CVS,2026-09-25,CVS260925C00100000,call,100.0,0.67,0.35,0.75,14,360,0.2802806347656249,93.05999755859376,0.20092984451420948,0.038861553132356855,-0.03867103421609626,0.07236098773838542,0.013743955854316352,0.2968820312499999,,88.8,102.0,2026-08-28 16:36:21+00:00,False,True
CVS,2026-09-25,CVS260925C00101000,call,101.0,0.51,0.07,1.06,657,704,0.3461979443359374,93.05999755859376,0.22185556829234915,0.03334241009699633,-0.05008695602449676,0.07668540474269721,0.015003658912270644,0.2968820312499999,,88.8,102.0,2026-08-27 14:32:32+00:00,False,True
CVS,2026-09-25,CVS260925P00090000,put,90.0,1.19,1.21,1.92,24,87,0.3132392895507812,93.05999755859376,-0.31811743224727995,0.04418372466061583,-0.047135679073703945,0.09194535514123153,-0.024049174406594175,0.2968820312499999,,88.8,102.0,2026-08-28 16:38:06+00:00,False,False
CVS,2026-09-25,CVS260925P00095000,put,95.0,3.52,3.35,3.75,45,72,0.2524488818359375,93.05999755859376,-0.5813181181749355,0.060033217752056486,-0.03750066858962172,0.10068303856737704,-0.044169460959907446,0.2968820312499999,,88.8,102.0,2026-08-28 19:48:13+00:00,False,False
CVS,2026-10-02,CVS261002P00096000,put,96.0,4.43,3.9,5.05,100,92,0.2854075366210937,93.05999755859376,-0.6000567790456797,0.04697213326354618,-0.03709674491638098,0.11132865826549425,-0.05806316669419594,0.3025582440185546,,96.6,103.7,2026-08-27 14:57:34+00:00,False,False
CVS,2026-10-16,CVS261016C00095000,call,95.0,3.3,3.05,3.25,85,372,0.2988351367187499,93.05999755859376,0.4711467619108414,0.03905043896628979,-0.046901174929686366,0.13567095103551063,0.0541990422963299,0.29169409484863273,,96.9,100.2,2026-08-28 19:25:36+00:00,False,False
CVS,2026-10-16,CVS261016C00100000,call,100.0,1.5,1.4,1.58,38,489,0.2922434057617186,93.05999755859376,0.28927827152265945,0.034311894916246595,-0.038218097830210004,0.11657856704557981,0.033844184013847076,0.29169409484863273,,96.9,100.2,2026-08-28 19:45:06+00:00,False,False
CVS,2026-10-16,CVS261016C00105000,call,105.0,0.72,0.31,0.8,14,1122,0.3034737622070312,93.05999755859376,0.16610003026327413,0.02409296116827882,-0.02832145163167455,0.08500424582251653,0.019584643157106493,0.29169409484863273,,96.9,100.2,2026-08-28 17:09:11+00:00,False,True
CVS,2026-10-16,CVS261016P00085000,put,85.0,0.95,0.86,1.02,130,109,0.2856516748046874,93.05999755859376,-0.16303906894567222,0.025289459971908155,-0.02228113404675112,0.08398575282570343,-0.021551595885785955,0.29169409484863273,,96.9,100.2,2026-08-28 19:46:04+00:00,False,False
CVS,2026-10-16,CVS261016P00087500,put,87.5,1.48,1.42,1.62,131,60,0.2827220166015625,93.05999755859376,-0.23844681738824092,0.032134259351048196,-0.027236549867318705,0.10562268748843001,-0.0317004033563323,0.29169409484863273,,96.9,100.2,2026-08-28 19:27:12+00:00,False,False
CVS,2026-10-16,CVS261016P00090000,put,90.0,2.22,2.23,2.36,135,621,0.2732006274414062,93.05999755859376,-0.32595140770172415,0.03868318174250637,-0.02980943665898716,0.1228664102401213,-0.04353932443266943,0.29169409484863273,,96.9,100.2,2026-08-28 19:33:08+00:00,False,False
CVS,2026-10-16,CVS261016P00095000,put,95.0,4.55,4.4,4.65,43,1424,0.2592847509765625,93.05999755859376,-0.5394410252473939,0.04490441932542296,-0.02835578852937427,0.13536155967008232,-0.07308515532069616,0.29169409484863273,,96.9,100.2,2026-08-28 17:39:43+00:00,False,False
D,2026-09-18,D260918C00065000,call,65.0,1.12,1.05,1.9,28,1294,0.25196060546875,65.55000305175781,0.585988275781479,0.09835441794897477,-0.04174445559671788,0.061263016736664545,0.02096804560809348,0.25586681640625,,102.5,70.6,2026-08-28 19:24:24+00:00,False,False
D,2026-09-18,D260918C00067500,call,67.5,0.35,0.05,0.45,36,2742,0.180672255859375,65.55000305175781,0.27813693171635123,0.11811551517083206,-0.02512616913323318,0.05275580792962157,0.01021480207629306,0.25586681640625,,102.5,70.6,2026-08-28 19:17:58+00:00,False,True
D,2026-09-18,D260918C00070000,call,70.0,0.1,0.1,0.2,53,6923,0.2207109179687499,65.55000305175781,0.12305096257717263,0.05867089437174009,-0.017899228508471216,0.03201241132137553,0.0045218728442391765,0.25586681640625,,102.5,70.6,2026-08-28 19:15:32+00:00,False,False
D,2026-09-18,D260918C00072500,call,72.5,0.12,0.05,0.15,37,1376,0.2802806347656249,65.55000305175781,0.07743291611289738,0.03291164707266519,-0.015892824820938584,0.022804185882501108,0.002834147303334908,0.25586681640625,,102.5,70.6,2026-08-28 16:16:34+00:00,False,True
D,2026-09-18,D260918P00047500,put,47.5,0.1,0.0,0.1,61,172,0.6171913281250001,65.55000305175781,-0.011631583487757946,0.0031326965332084283,-0.006913902606588786,0.004779803078150141,-0.00046213915212158597,0.25586681640625,,102.5,70.6,2026-08-12 19:44:01+00:00,True,False
D,2026-09-18,D260918P00052500,put,52.5,0.06,0.0,0.15,10,296,0.5390671093750001,65.55000305175781,-0.03563075500030932,0.009251129392670063,-0.015486361037119225,0.012328477665116033,-0.0014160518233827522,0.25586681640625,,102.5,70.6,2026-08-24 18:53:07+00:00,True,False
D,2026-09-18,D260918P00057500,put,57.5,0.11,0.0,0.2,70,456,0.3764710791015625,65.55000305175781,-0.06325413988258466,0.02097197012728114,-0.016904369045306025,0.01951833250049298,-0.0024825269969515934,0.25586681640625,,102.5,70.6,2026-08-28 16:24:06+00:00,True,False
D,2026-09-18,D260918P00060000,put,60.0,0.2,0.1,0.2,87,759,0.2793040820312499,65.55000305175781,-0.0812113969523729,0.03423962098822463,-0.014969885792870405,0.023641666919259764,-0.003158620435668459,0.25586681640625,,102.5,70.6,2026-08-28 16:52:11+00:00,False,False
D,2026-09-18,D260918P00062500,put,62.5,0.45,0.2,0.55,24,3051,0.2622144091796875,65.55000305175781,-0.2019324025474042,0.06829860150436612,-0.025761565802571714,0.0442731300565772,-0.007891950032407365,0.25586681640625,,102.5,70.6,2026-08-28 19:37:37+00:00,False,True
D,2026-09-18,D260918P00065000,put,65.0,1.35,1.0,1.4,22,1502,0.25977302734375,65.55000305175781,-0.41583906790488956,0.09549264613056867,-0.03402069686966222,0.06132475845419428,-0.016418254695121433,0.25586681640625,,102.5,70.6,2026-08-28 19:51:25+00:00,False,False
D,2026-10-16,D261016C00067500,call,67.5,0.95,0.75,0.95,43,696,0.178719150390625,65.55000305175781,0.37735988586557784,0.08851552284951296,-0.01988109997080479,0.09125132479008474,0.031751187328857705,0.2375564526367187,,95.3,76.7,2026-08-28 19:12:52+00:00,False,False
D,2026-10-16,D261016C00070000,call,70.0,0.3,0.25,0.4,30,896,0.1821370849609375,65.55000305175781,0.19758488938791174,0.06353240987902753,-0.014115874111215823,0.06674863036563652,0.016761556690593545,0.2375564526367187,,95.3,76.7,2026-08-28 19:45:35+00:00,False,False
D,2026-10-16,D261016C00072500,call,72.5,0.15,0.05,0.15,104,334,0.1855550195312499,65.55000305175781,0.08858407780109001,0.03601141542397874,-0.008069191001991953,0.0385444228236949,0.007556960520806527,0.2375564526367187,,95.3,76.7,2026-08-28 18:43:39+00:00,False,True
D,2026-10-16,D261016C00075000,call,75.0,0.1,0.05,0.2,14,245,0.247077841796875,65.55000305175781,0.08561833821673809,0.026365392239692892,-0.010211789018714952,0.03757653097062041,0.007232250639063281,0.2375564526367187,,95.3,76.7,2026-08-27 17:03:28+00:00,False,True
D,2026-10-16,D261016P00062500,put,62.5,0.89,0.65,0.95,22,147,0.2263260961914062,65.55000305175781,-0.24290708540935246,0.057565797835052654,-0.015063585262054164,0.07515325732966381,-0.022468297906779178,0.2375564526367187,,95.3,76.7,2026-08-28 19:52:40+00:00,False,False
D,2026-10-16,D261016P00065000,put,65.0,1.74,1.6,1.95,13,430,0.2297440307617187,65.55000305175781,-0.41218541991581015,0.07054182216772607,-0.0179780591530346,0.09348448892720489,-0.038590053298614084,0.2375564526367187,,95.3,76.7,2026-08-28 17:39:00+00:00,False,False
DECK,2026-08-28,DECK260828C00085000,call,85.0,2.44,2.25,3.8,33,180,0.6425816992187501,87.76000213623047,,,,,,0.37695935546875,,,,2026-08-28 17:54:58+00:00,False,False
DECK,2026-08-28,DECK260828C00086000,call,86.0,1.45,1.25,2.7,36,119,0.92382888671875,87.76000213623047,,,,,,0.37695935546875,,,,2026-08-28 17:54:58+00:00,False,True
DECK,2026-08-28,DECK260828C00087000,call,87.0,0.67,0.3,1.75,123,396,0.7324245507812499,87.76000213623047,,,,,,0.37695935546875,,,,2026-08-28 18:05:47+00:00,False,True
DECK,2026-08-28,DECK260828C00088000,call,88.0,0.15,0.0,0.9,14,257,0.5537154003906251,87.76000213623047,,,,,,0.37695935546875,,,,2026-08-28 17:03:01+00:00,True,False
DECK,2026-08-28,DECK260828C00089000,call,89.0,0.13,0.0,0.3,117,137,0.415044912109375,87.76000213623047,,,,,,0.37695935546875,,,,2026-08-28 19:31:21+00:00,True,False
DECK,2026-08-28,DECK260828C00090000,call,90.0,0.03,0.0,0.5,63,104,0.5351608984375,87.76000213623047,,,,,,0.37695935546875,,,,2026-08-28 15:16:11+00:00,True,False
DECK,2026-08-28,DECK260828C00091000,call,91.0,0.03,0.0,0.05,45,156,0.437505625,87.76000213623047,,,,,,0.37695935546875,,,,2026-08-28 19:49:33+00:00,True,False
DECK,2026-08-28,DECK260828C00094000,call,94.0,0.05,0.0,2.1,35,113,1.720704521484375,87.76000213623047,,,,,,0.37695935546875,,,,2026-08-28 19:02:48+00:00,True,False
DECK,2026-08-28,DECK260828C00099000,call,99.0,0.15,0.0,2.15,75,81,2.417972705078125,87.76000213623047,,,,,,0.37695935546875,,,,2026-08-27 15:55:01+00:00,True,False
DECK,2026-08-28,DECK260828P00082000,put,82.0,0.13,0.0,2.15,102,100,1.7802745361328125,87.76000213623047,,,,,,0.37695935546875,,,,2026-08-28 19:23:36+00:00,True,False
DECK,2026-08-28,DECK260828P00085000,put,85.0,0.02,0.0,0.05,10,105,0.398443515625,87.76000213623047,,,,,,0.37695935546875,,,,2026-08-28 18:13:26+00:00,True,False
DECK,2026-08-28,DECK260828P00086000,put,86.0,0.05,0.0,0.15,45,181,0.39063109375,87.76000213623047,,,,,,0.37695935546875,,,,2026-08-28 15:22:21+00:00,True,False
DECK,2026-08-28,DECK260828P00087000,put,87.0,0.05,0.0,0.3,34,415,0.3320379296875,87.76000213623047,,,,,,0.37695935546875,,,,2026-08-28 19:49:45+00:00,True,False
DECK,2026-08-28,DECK260828P00088000,put,88.0,0.3,0.05,0.5,136,339,0.2002033105468749,87.76000213623047,,,,,,0.37695935546875,,,,2026-08-28 19:59:29+00:00,False,True
DECK,2026-08-28,DECK260828P00089000,put,89.0,0.83,0.55,2.1,34,327,0.754885263671875,87.76000213623047,,,,,,0.37695935546875,,,,2026-08-28 19:48:03+00:00,False,True
DECK,2026-08-28,DECK260828P00090000,put,90.0,2.05,1.4,2.35,81,222,0.4062559375,87.76000213623047,,,,,,0.37695935546875,,,,2026-08-28 19:52:10+00:00,False,False
DECK,2026-09-04,DECK260904C00089000,call,89.0,1.25,0.95,1.3,95,75,0.3554751953124999,87.76000213623047,0.4048091310455453,0.08970113708597843,-0.12428753322386267,0.04709834815420504,0.006579601423286163,0.3037179003906249,,108.5,118.3,2026-08-28 19:42:53+00:00,False,False
DECK,2026-09-04,DECK260904C00091000,call,91.0,0.55,0.35,0.7,120,73,0.35938140625,87.76000213623047,0.24689655509612374,0.07227297612718969,-0.1013646729915449,0.03836453763123576,0.004035527347717348,0.3037179003906249,,108.5,118.3,2026-08-28 19:49:33+00:00,False,False
DECK,2026-09-04,DECK260904C00092000,call,92.0,0.4,0.1,0.7,39,71,0.4145566357421875,87.76000213623047,0.21874164554135583,0.058575283825949835,-0.10875243075316927,0.0358671359308184,0.0035638110025589128,0.3037179003906249,,108.5,118.3,2026-08-28 19:48:14+00:00,False,True
DECK,2026-09-04,DECK260904C00101000,call,101.0,0.45,0.0,1.15,78,83,0.7749045947265626,87.76000213623047,0.10623475377148928,0.019471662764411344,-0.12457302241032572,0.022286901883330205,0.0017000046583294092,0.3037179003906249,,108.5,118.3,2026-08-19 17:59:07+00:00,True,False
DECK,2026-09-04,DECK260904P00075000,put,75.0,0.15,0.0,2.15,50,60,1.0664109179687502,87.76000213623047,-0.1262647270580337,0.015995027871015317,-0.19027601926343357,0.025194631446147104,-0.0022918735148937234,0.3037179003906249,,108.5,118.3,2026-08-03 15:35:02+00:00,True,False
DECK,2026-09-04,DECK260904P00083000,put,83.0,0.22,0.0,0.6,104,68,0.438482177734375,87.76000213623047,-0.1673965053991937,0.04701685113185952,-0.0932941992538375,0.03045116493013124,-0.0029110521757532365,0.3037179003906249,,108.5,118.3,2026-08-28 18:20:40+00:00,True,False
DECK,2026-09-04,DECK260904P00084000,put,84.0,0.32,0.2,0.35,21,52,0.3076241113281249,87.76000213623047,-0.1419297372695414,0.060088703954876505,-0.05824933300157431,0.027303079573671413,-0.0024417897015134482,0.3037179003906249,,108.5,118.3,2026-08-28 19:46:14+00:00,False,False
DECK,2026-09-04,DECK260904P00085000,put,85.0,0.4,0.3,0.65,72,143,0.3295965478515624,87.76000213623047,-0.228465238274995,0.07551934637787461,-0.08373436598394085,0.036765400613724325,-0.003949378849115335,0.3037179003906249,,108.5,118.3,2026-08-28 19:57:00+00:00,False,True
DECK,2026-09-04,DECK260904P00086000,put,86.0,0.71,0.45,0.85,26,104,0.3071358349609374,87.76000213623047,-0.301495033540065,0.09335550394846169,-0.08918709917483457,0.042351504616626956,-0.005214708478028772,0.3037179003906249,,108.5,118.3,2026-08-28 19:49:45+00:00,False,False
DECK,2026-09-04,DECK260904P00087000,put,87.0,1.15,0.7,1.5,10,73,0.35938140625,87.76000213623047,-0.4133586330108334,0.0891761781571242,-0.11636158093605531,0.04733723482893479,-0.007215006897613154,0.3037179003906249,,108.5,118.3,2026-08-28 18:29:15+00:00,False,True
DECK,2026-09-04,DECK260904P00088000,put,88.0,1.6,1.45,1.7,60,641,0.3037179003906249,87.76000213623047,-0.5084176225075111,0.10805472810449467,-0.09883617396584583,0.04847441645262598,-0.008854836324339135,0.3037179003906249,,108.5,118.3,2026-08-28 19:59:00+00:00,False,False
DECK,2026-09-04,DECK260904P00090000,put,90.0,2.65,2.5,3.0,40,106,0.3129951513671875,87.76000213623047,-0.7045987972375864,0.0907606330489382,-0.08494805900238266,0.04195981378348668,-0.012404900061678435,0.3037179003906249,,108.5,118.3,2026-08-28 19:52:10+00:00,False,False
DECK,2026-09-11,DECK260911C00095000,call,95.0,0.3,0.25,0.4,35,113,0.3422917333984374,87.76000213623047,0.1312776647130477,0.036201705974663774,-0.04627652968548301,0.0366061343243052,0.004274511410527786,0.34180345703125,,94.7,110.7,2026-08-28 19:58:35+00:00,False,False
DECK,2026-09-11,DECK260911C00097000,call,97.0,0.25,0.1,0.35,12,185,0.3881897119140625,87.76000213623047,0.1050145617345899,0.027256151898371498,-0.0445514180166604,0.031256258039803864,0.0034103924068184825,0.34180345703125,,94.7,110.7,2026-08-28 19:58:35+00:00,False,True
DECK,2026-09-11,DECK260911C00098000,call,98.0,0.15,0.05,0.3,14,111,0.3999083447265625,87.76000213623047,0.08924040065940358,0.02347735827980161,-0.04064841545828142,0.02773563514135434,0.002898443889999065,0.34180345703125,,94.7,110.7,2026-08-28 15:08:23+00:00,False,True
DECK,2026-09-11,DECK260911C00099000,call,99.0,0.74,0.0,0.75,53,55,0.5522505712890625,87.76000213623047,0.14860322122002817,0.024411170810249433,-0.08023857612340043,0.03982476345146011,0.004735529470314949,0.34180345703125,,94.7,110.7,2026-08-24 19:25:23+00:00,True,False
DECK,2026-09-11,DECK260911C00102000,call,102.0,0.5,0.0,1.0,50,52,0.5712933496093751,87.76000213623047,0.10189220955500022,0.018119017721187666,-0.06355392400170704,0.030578926830149133,0.003255611842220854,0.34180345703125,,94.7,110.7,2026-08-19 15:04:24+00:00,True,False
DECK,2026-09-11,DECK260911P00083000,put,83.0,0.79,0.0,0.8,92,94,0.3606020971679687,87.76000213623047,-0.1970831143051276,0.044772118459156345,-0.05895795526038322,0.047694062204540116,-0.006903513805094178,0.34180345703125,,94.7,110.7,2026-08-27 19:09:00+00:00,True,False
DECK,2026-09-11,DECK260911P00092000,put,92.0,4.67,4.0,5.5,12,189,0.3991759301757813,87.76000213623047,-0.7053714933860791,0.050261074481555264,-0.07529068177564999,0.059268581905096894,-0.025772004149845373,0.34180345703125,,94.7,110.7,2026-08-28 19:20:16+00:00,False,False
DECK,2026-09-11,DECK260911P00095000,put,95.0,7.08,6.6,7.8,10,183,0.3813538427734374,87.76000213623047,-0.8409460539830225,0.03697727400984332,-0.045587155959116936,0.041657330894121165,-0.031217795476049973,0.34180345703125,,94.7,110.7,2026-08-28 19:20:16+00:00,False,False
DECK,2026-09-18,DECK260918C00095000,call,95.0,0.8,0.4,1.15,30,435,0.4133359448242187,87.76000213623047,0.23546481871577035,0.035356987344027556,-0.0664052963374131,0.06475869792300362,0.011231268701226333,0.4392145922851562,,88.3,94.1,2026-08-28 19:18:22+00:00,False,True
DECK,2026-09-18,DECK260918C00100000,call,100.0,0.25,0.2,0.35,11,725,0.3881897119140625,87.76000213623047,0.09262328535729425,0.020300554381138716,-0.033341961957527706,0.034919788115386194,0.004481215335497685,0.4392145922851562,,88.3,94.1,2026-08-28 19:52:17+00:00,False,False
DECK,2026-09-18,DECK260918C00125000,call,125.0,0.05,0.0,0.6,11,244,0.8037129003906249,87.76000213623047,0.04240331965848252,0.005340217706447305,-0.03686652110824035,0.019018645446701732,0.0019840817199134565,0.4392145922851562,,88.3,94.1,2026-08-18 14:15:40+00:00,True,False
DECK,2026-09-18,DECK260918C00130000,call,130.0,0.08,0.0,0.2,10,290,0.73437765625,87.76000213623047,0.016741572122116875,0.0026917148016198777,-0.015504981594683694,0.008759275336396716,0.0007947617777570092,0.4392145922851562,,88.3,94.1,2026-08-12 19:38:40+00:00,True,False
DECK,2026-09-18,DECK260918C00140000,call,140.0,0.15,0.0,0.3,360,404,0.8984385156249999,87.76000213623047,0.0203731827854536,0.0026005664344353123,-0.022373824948949492,0.010353233168354714,0.0009526303886266189,0.4392145922851562,,88.3,94.1,2026-07-29 14:24:17+00:00,True,False
DECK,2026-09-18,DECK260918C00170000,call,170.0,0.05,0.0,2.15,10,115,1.6582048339843751,87.76000213623047,0.07266007567282867,0.003958293417541102,-0.11556986110877795,0.029084783914238375,0.0031081238370567164,0.4392145922851562,,88.3,94.1,2026-08-20 13:56:34+00:00,True,False
DECK,2026-09-18,DECK260918P00080000,put,80.0,0.4,0.25,0.5,19,450,0.3464420825195312,87.76000213623047,-0.11697297032257192,0.026939235015393238,-0.03264725569431875,0.041355719417887675,-0.006155141676125456,0.4392145922851562,,88.3,94.1,2026-08-28 19:53:04+00:00,False,False
DECK,2026-09-18,DECK260918P00085000,put,85.0,1.33,1.15,1.6,34,773,0.3266668896484375,87.76000213623047,-0.31429660036340246,0.051610545444665215,-0.054127919590050096,0.07470733544690294,-0.016706866765412026,0.4392145922851562,,88.3,94.1,2026-08-28 19:23:52+00:00,False,False
DECK,2026-09-18,DECK260918P00090000,put,90.0,3.9,3.1,4.1,47,926,0.3264227514648437,87.76000213623047,-0.5971634932393951,0.056328430376522035,-0.05561287228183752,0.08147563450524045,-0.032380944341727884,0.4392145922851562,,88.3,94.1,2026-08-28 18:02:14+00:00,False,False
DECK,2026-09-18,DECK260918P00095000,put,95.0,7.0,7.5,8.0,10,565,0.3508365698242187,87.76000213623047,-0.806680814193683,0.037136084498144116,-0.03746919171022319,0.0577325377287693,-0.04517624985714967,0.4392145922851562,,88.3,94.1,2026-08-28 19:33:17+00:00,False,False
DECK,2026-10-16,DECK261016C00090000,call,90.0,4.0,3.5,4.3,43,98,0.4077207666015625,87.76000213623047,0.48042446920743054,0.030393152543217578,-0.05846528074950809,0.128125344983252,0.05056611256856741,0.38294074096679687,,93.8,107.6,2026-08-28 19:22:18+00:00,False,False
DECK,2026-10-16,DECK261016P00085000,put,85.0,2.9,2.5,3.3,44,263,0.3569400244140625,87.76000213623047,-0.3590307069412596,0.032565650762734696,-0.039044654613129816,0.12018533435528436,-0.04635194658120243,0.38294074096679687,,93.8,107.6,2026-08-28 19:52:23+00:00,False,False
DECK,2026-10-16,DECK261016P00090000,put,90.0,5.5,5.2,5.9,15,308,0.3581607153320312,87.76000213623047,-0.5300103181368945,0.03454242132523228,-0.03962471823708441,0.12791668373562395,-0.06982507077309555,0.38294074096679687,,93.8,107.6,2026-08-28 17:44:54+00:00,False,False
DVA,2026-09-18,DVA260918C00185000,call,185.0,3.76,2.8,3.8,12,2863,0.3184882604980468,180.67999267578125,0.407708111459107,0.02812610694863439,-0.13714385374042973,0.16824788421614262,0.0401544259450445,0.3167182586669922,,99.1,93.5,2026-08-28 17:36:27+00:00,False,False
DVA,2026-09-18,DVA260918C00190000,call,190.0,1.79,1.2,1.95,23,110,0.2960275476074219,180.67999267578125,0.26358698584964135,0.02546134710229026,-0.1060324862726885,0.14156635939947823,0.02626102037790723,0.3167182586669922,,99.1,93.5,2026-08-28 19:45:51+00:00,False,False
DVA,2026-09-18,DVA260918C00195000,call,195.0,0.94,0.0,1.15,15,3218,0.3068916967773437,180.67999267578125,0.16846423924356252,0.01891575743523305,-0.08368066992608186,0.10903236526913666,0.016847537878619197,0.3167182586669922,,99.1,93.5,2026-08-28 19:45:51+00:00,True,False
DVA,2026-09-18,DVA260918C00250000,call,250.0,0.55,0.0,2.15,18,386,0.8396012133789061,180.67999267578125,0.06713319873876994,0.0035728737272367195,-0.11415724733328893,0.056342651870524695,0.006406850045035189,0.3167182586669922,,99.1,93.5,2026-08-07 17:35:43+00:00,True,False
DVA,2026-09-18,DVA260918P00145000,put,145.0,0.3,0.0,1.6,40,153,0.6171913281250001,180.67999267578125,-0.057112835785594784,0.004284364106487132,-0.07147499779237725,0.04966526378121431,-0.006334710420076852,0.3167182586669922,,99.1,93.5,2026-08-25 14:11:46+00:00,True,False
DVA,2026-10-16,DVA261016C00220000,call,220.0,0.4,0.3,0.6,92,640,0.3361882788085937,180.67999267578125,0.06911500131521116,0.00597411011978703,-0.0318169904546566,0.08801954829075363,0.015895102041851045,0.356878989868164,,88.3,94.8,2026-08-28 19:26:11+00:00,False,False
DVA,2026-10-16,DVA261016P00155000,put,155.0,0.95,0.25,3.1,11,78,0.4748587670898437,180.67999267578125,-0.1570423112370427,0.007645789191683013,-0.072827926624474,0.15911463404317888,-0.041856108557110853,0.356878989868164,,88.3,94.8,2026-08-26 17:45:11+00:00,False,True
DVA,2026-10-16,DVA261016P00190000,put,190.0,3.69,11.5,13.7,10,66,0.3003610003662109,180.67999267578125,-0.6334521036160691,0.018930113638128222,-0.05894678100406695,0.24918397376581464,-0.17077302251542129,0.356878989868164,,88.3,94.8,2026-08-04 16:37:47+00:00,False,False
DVA,2026-10-16,DVA261016P00210000,put,210.0,27.82,27.7,30.2,3446,2330,0.3006661730957031,180.67999267578125,-0.8941775151355336,0.009187219522520508,-0.011053164137757622,0.12105758551987833,-0.25565820107465154,0.356878989868164,,88.3,94.8,2026-08-05 16:49:09+00:00,False,False
ECVT,2026-09-18,ECVT260918C00017500,call,17.5,0.03,0.0,0.05,10,3411,1.078129609375,10.109999656677246,0.023780889806455645,0.021435530150563816,-0.0035186342237431487,0.0013590452424144788,0.0001259945764484818,0.7617211328125001,,87.2,240.0,2026-08-21 16:49:27+00:00,True,False
EMA,2026-09-18,EMA260918C00055000,call,55.0,0.05,0.0,0.25,56,214,0.334967587890625,49.900001525878906,0.128149599225599,0.052241956530967595,-0.020836195155370208,0.02506973639673971,0.0035365283538577675,0.18372398315429683,,371.5,594.5,2026-08-26 16:09:25+00:00,True,False
EMA,2026-09-18,EMA260918P00035000,put,35.0,0.05,0.0,2.6,99,100,1.4760768383789062,49.900001525878906,-0.11763448494670414,0.011164457627427569,-0.08200448441610132,0.023608812523761635,-0.004065378931918439,0.18372398315429683,,371.5,594.5,2026-07-01 13:49:46+00:00,True,False
EMA,2026-09-18,EMA260918P00040000,put,40.0,0.05,0.0,0.2,50,100,0.523442265625,49.900001525878906,-0.03237285679042967,0.011566222862566273,-0.01057687706498037,0.00867337035670248,-0.000977202628253038,0.18372398315429683,,371.5,594.5,2026-08-06 14:18:00+00:00,True,False
EMA,2026-09-18,EMA260918P00045000,put,45.0,0.05,0.0,2.6,203,1205,0.6826203613281252,49.900001525878906,-0.23248406622424622,0.03738782724433585,-0.05767060414281125,0.0365625951594311,-0.007367181788440907,0.18372398315429683,,371.5,594.5,2026-08-24 16:16:07+00:00,True,False
EMA,2026-10-16,EMA261016C00060000,call,60.0,0.05,0.0,2.6,248,255,0.585941640625,49.900001525878906,0.23577511247870198,0.02873738320271116,-0.03508242135019578,0.05628671657591707,0.014000418673046331,0.2221757470703124,,445.3,263.7,2026-08-27 14:03:45+00:00,True,False
EMA,2026-10-16,EMA261016C00065000,call,65.0,0.05,0.0,2.6,39,830,0.7246121289062499,49.900001525878906,0.20109498504332018,0.021201428751406293,-0.03916494926031978,0.051354092772424,0.011698517832381614,0.2221757470703124,,445.3,263.7,2026-08-25 17:41:26+00:00,True,False
ENB,2026-09-18,ENB260918C00050000,call,50.0,0.9,0.65,1.15,20,381,0.2133867724609375,50.20000076293945,0.5634767747690349,0.15329614765677108,-0.027806477244521774,0.04742776000141722,0.015582638109447756,0.1928791650390625,,129.6,95.9,2026-08-28 18:52:10+00:00,False,False
ENB,2026-09-18,ENB260918C00052500,call,52.5,0.15,0.1,0.2,166,1532,0.1850667431640624,50.20000076293945,0.17821751322880014,0.11701715166522529,-0.015032086404461197,0.03139870833750676,0.005026195982930344,0.1928791650390625,,129.6,95.9,2026-08-28 19:49:16+00:00,False,False
ENB,2026-09-18,ENB260918C00057500,call,57.5,0.01,0.0,0.2,11,1908,0.399420068359375,50.20000076293945,0.09025230966050979,0.033835093492386,-0.01922834284976241,0.01959436258822578,0.0024952235245269037,0.1928791650390625,,129.6,95.9,2026-08-24 19:59:05+00:00,True,False
ENB,2026-09-18,ENB260918P00047500,put,47.5,0.12,0.05,0.3,30,507,0.2500075,50.20000076293945,-0.1586853020296627,0.08038902715343758,-0.01621897063011715,0.02913960685413852,-0.004731525959368326,0.1928791650390625,,129.6,95.9,2026-08-28 15:39:10+00:00,False,True
ENB,2026-09-18,ENB260918P00050000,put,50.0,0.72,0.45,0.75,48,1328,0.1723715576171875,50.20000076293945,-0.42590752257245834,0.18888613685125952,-0.016353952958424428,0.04720625719771864,-0.012683558399100726,0.1928791650390625,,129.6,95.9,2026-08-28 19:39:20+00:00,False,False
ENB,2026-09-18,ENB260918P00055000,put,55.0,4.9,4.4,5.2,10,65,0.372076591796875,50.20000076293945,-0.8280138274142974,0.05690366349548291,-0.020810787508379697,0.030697743548269162,-0.02681381041775025,0.1928791650390625,,129.6,95.9,2026-08-28 15:15:54+00:00,False,False
ENB,2026-10-16,ENB261016C00047500,call,47.5,3.1,3.0,3.8,41,76,0.3037179003906249,50.20000076293945,0.7299846148692841,0.05919013155784958,-0.023320928980901462,0.06081775114792351,0.04383070716156582,0.19239088867187495,,106.2,101.0,2026-08-27 13:50:47+00:00,False,False
ENB,2026-10-16,ENB261016C00050000,call,50.0,1.49,1.4,1.65,52,126,0.2092364233398437,50.20000076293945,0.5706226534323019,0.10203295749581134,-0.01909675753696121,0.07222514557500898,0.03602691250907566,0.19239088867187495,,106.2,101.0,2026-08-28 18:12:13+00:00,False,False
ENB,2026-10-16,ENB261016C00052500,call,52.5,0.51,0.5,0.6,232,839,0.194343994140625,50.20000076293945,0.3087992544060767,0.09852763794454004,-0.014876601735905859,0.0647798381299025,0.019894972192393334,0.19239088867187495,,106.2,101.0,2026-08-28 19:47:45+00:00,False,False
ENB,2026-10-16,ENB261016C00055000,call,55.0,0.15,0.1,0.15,153,2840,0.1840901904296875,50.20000076293945,0.11111444802584841,0.055936089659193756,-0.007283775176710751,0.034836411566618444,0.007250580339907787,0.19239088867187495,,106.2,101.0,2026-08-28 19:16:04+00:00,False,False
ENB,2026-10-16,ENB261016C00080000,call,80.0,0.1,0.0,0.2,13,64,0.6093789062500001,50.20000076293945,0.025859276758065187,0.0053641095237933045,-0.007040175419880166,0.011058487126006693,0.001605631218568959,0.19239088867187495,,106.2,101.0,2026-06-08 13:30:16+00:00,True,False
ENB,2026-10-16,ENB261016P00050000,put,50.0,1.1,1.05,1.2,64,2125,0.1755453540039062,50.20000076293945,-0.42129363078112636,0.12114401451293627,-0.009848983311331957,0.0719452232082187,-0.029776460318714833,0.19239088867187495,,106.2,101.0,2026-08-28 18:29:52+00:00,False,False
EYE,2026-10-16,EYE261016P00010000,put,10.0,0.25,0.0,0.75,117,117,1.2871129394531249,17.3799991607666,-0.07750047713003949,0.017707133832567862,-0.011905724565553959,0.00924203574597119,-0.0022793372128495303,0.6418492846679689,,98.1,226.7,2026-06-24 16:57:57+00:00,True,False
FE,2026-09-18,FE260918C00042000,call,42.0,6.0,6.0,8.2,27,51,1.1474652001953125,45.880001068115234,0.6805021369562037,0.028300813519099174,-0.1107582839342292,0.03932889205616152,0.013899442556930548,0.22193160888671865,,177.1,161.5,2026-06-15 16:34:52+00:00,False,False
FE,2026-09-18,FE260918C00047000,call,47.0,0.35,0.25,0.45,29,4104,0.198250205078125,45.880001068115234,0.33617781400070834,0.16721338762587207,-0.0209985689332412,0.04014744942362215,0.008601588703645609,0.22193160888671865,,177.1,161.5,2026-08-28 17:13:00+00:00,False,False
FE,2026-09-18,FE260918P00041000,put,41.0,0.05,0.0,1.15,60,50,0.5200243310546875,45.880001068115234,-0.1618207574219801,0.04283124260434857,-0.03231091414641277,0.026974761104069572,-0.004569481570104207,0.22193160888671865,,177.1,161.5,2026-08-21 17:07:34+00:00,True,False
FE,2026-09-18,FE260918P00042000,put,42.0,0.2,0.05,0.25,10,143,0.331061376953125,45.880001068115234,-0.11729022467477435,0.05402738807051399,-0.016307953267678046,0.02166186067845935,-0.003220650511527259,0.22193160888671865,,177.1,161.5,2026-08-27 17:37:43+00:00,False,True
FE,2026-10-16,FE261016C00055000,call,55.0,0.05,0.0,0.2,10,205,0.3354558642578125,45.880001068115234,0.08706876954166287,0.02809555922523503,-0.009634310065859967,0.026633186086548896,0.0050736540794036125,0.23218541259765618,,121.1,94.1,2026-08-25 15:10:28+00:00,True,False
FITB,2026-09-18,FITB260918C00040000,call,40.0,16.58,13.8,16.2,13,183,0.948242705078125,54.540000915527344,0.9318300789825834,0.01060493439659346,-0.04375414024228435,0.017210132289864774,0.020573565044656652,0.25403578002929683,,121.9,110.7,2026-06-26 14:07:10+00:00,False,False
FITB,2026-09-18,FITB260918P00042000,put,42.0,0.25,0.0,0.1,10,345,0.5273484765625001,54.540000915527344,-0.01571983328586224,0.005714842919710597,-0.00635303286753671,0.005157731209372329,-0.0005164789141594113,0.25403578002929683,,121.9,110.7,2026-06-25 14:00:51+00:00,True,False
FITB,2026-09-18,FITB260918P00047000,put,47.0,0.08,0.0,0.15,50,411,0.4062559375,54.540000915527344,-0.05423459325903546,0.02070033067380198,-0.013498884308924188,0.014392416432432982,-0.0017747322090030711,0.25403578002929683,,121.9,110.7,2026-08-27 16:02:43+00:00,True,False
FITB,2026-09-18,FITB260918P00050000,put,50.0,0.17,0.05,0.25,35,477,0.309577216796875,54.540000915527344,-0.10632789582652014,0.04530832699250995,-0.016870304389128805,0.024005111620180913,-0.003459078008398316,0.25403578002929683,,121.9,110.7,2026-08-28 18:10:50+00:00,False,True
FITB,2026-09-18,FITB260918P00055000,put,55.0,1.41,1.2,1.55,97,2145,0.2436599072265625,54.540000915527344,-0.526016847088691,0.12488860355912836,-0.02608719842551538,0.05207911507980838,-0.017329690100711254,0.25403578002929683,,121.9,110.7,2026-08-28 19:47:25+00:00,False,False
FNF,2026-09-18,FNF260918P00030000,put,30.0,0.6,0.0,2.5,23,63,1.7939463427734377,47.54999923706055,-0.09814178835741472,0.008460413518997767,-0.08353479429909104,0.019743697958239954,-0.0033452113938971097,0.3418034570312499,,96.3,81.6,2026-03-20 19:49:06+00:00,True,False
FNF,2026-10-16,FNF261016P00045000,put,45.0,1.0,0.75,1.0,274,4109,0.2966378930664062,47.54999923706055,-0.26656378347172915,0.06356755889178001,-0.015466784109002724,0.05723562189963967,-0.018208058618318958,0.3031075549316406,,97.9,86.0,2026-08-26 17:32:25+00:00,False,False
FSBC,2026-09-18,FSBC260918P00045000,put,45.0,1.25,0.0,1.25,50,337,0.3471744970703124,45.619998931884766,-0.4049701672497834,0.10201959623216256,-0.03236699813213889,0.04241001120789194,-0.01129535096347862,0.6687044848632812,,167.8,62.7,2026-08-26 13:34:17+00:00,True,False
FSLR,2026-08-28,FSLR260828C00205000,call,205.0,0.32,0.02,0.59,406,181,0.1948322705078125,204.4600067138672,,,,,,0.172859833984375,,,,2026-08-28 19:47:25+00:00,False,True
FSLR,2026-08-28,FSLR260828C00207500,call,207.5,0.01,0.0,0.01,182,381,0.1367273828125,204.4600067138672,,,,,,0.172859833984375,,,,2026-08-28 19:39:50+00:00,True,False
FSLR,2026-08-28,FSLR260828C00210000,call,210.0,0.05,0.0,0.01,193,96,0.2265702343749999,204.4600067138672,,,,,,0.172859833984375,,,,2026-08-28 17:56:15+00:00,True,False
FSLR,2026-08-28,FSLR260828C00212500,call,212.5,0.01,0.0,0.01,304,143,0.3125068749999999,204.4600067138672,,,,,,0.172859833984375,,,,2026-08-28 19:37:09+00:00,True,False
FSLR,2026-08-28,FSLR260828C00215000,call,215.0,0.01,0.0,0.01,237,393,0.39063109375,204.4600067138672,,,,,,0.172859833984375,,,,2026-08-28 18:38:44+00:00,True,False
FSLR,2026-08-28,FSLR260828C00217500,call,217.5,0.04,0.0,0.05,40,115,0.523442265625,204.4600067138672,,,,,,0.172859833984375,,,,2026-08-28 18:24:48+00:00,True,False
FSLR,2026-08-28,FSLR260828C00220000,call,220.0,0.01,0.0,0.01,652,1161,0.500005,204.4600067138672,,,,,,0.172859833984375,,,,2026-08-28 19:42:59+00:00,True,False
FSLR,2026-08-28,FSLR260828C00222500,call,222.5,0.01,0.0,0.01,29,55,0.57812921875,204.4600067138672,,,,,,0.172859833984375,,,,2026-08-28 17:13:04+00:00,True,False
FSLR,2026-08-28,FSLR260828C00225000,call,225.0,0.08,0.0,0.3,28,273,1.001958115234375,204.4600067138672,,,,,,0.172859833984375,,,,2026-08-28 14:57:56+00:00,True,False
FSLR,2026-08-28,FSLR260828C00227500,call,227.5,0.07,0.0,0.28,10,88,1.08203583984375,204.4600067138672,,,,,,0.172859833984375,,,,2026-08-28 18:10:52+00:00,True,False
FSLR,2026-08-28,FSLR260828C00230000,call,230.0,0.01,0.0,0.04,23,1764,0.8984385156249999,204.4600067138672,,,,,,0.172859833984375,,,,2026-08-28 19:31:47+00:00,True,False
FSLR,2026-08-28,FSLR260828C00235000,call,235.0,0.07,0.0,0.05,11,409,1.0625046875000002,204.4600067138672,,,,,,0.172859833984375,,,,2026-08-28 15:09:47+00:00,True,False
FSLR,2026-08-28,FSLR260828C00245000,call,245.0,0.05,0.0,1.41,781,897,2.2460981347656244,204.4600067138672,,,,,,0.172859833984375,,,,2026-08-27 19:35:05+00:00,True,False
FSLR,2026-08-28,FSLR260828C00260000,call,260.0,0.01,0.0,0.05,10,117,1.71875140625,204.4600067138672,,,,,,0.172859833984375,,,,2026-08-28 18:25:00+00:00,True,False
FSLR,2026-08-28,FSLR260828C00320000,call,320.0,1.22,0.0,2.13,210,201,4.900394499511719,204.4600067138672,,,,,,0.172859833984375,,,,2026-08-07 19:33:37+00:00,True,False
FSLR,2026-08-28,FSLR260828P00192500,put,192.5,0.01,0.0,0.11,24,78,0.5820354296875,204.4600067138672,,,,,,0.172859833984375,,,,2026-08-28 14:17:46+00:00,True,False
FSLR,2026-08-28,FSLR260828P00197500,put,197.5,0.02,0.0,0.64,10,173,0.5488326367187502,204.4600067138672,,,,,,0.172859833984375,,,,2026-08-28 19:31:30+00:00,True,False
FSLR,2026-08-28,FSLR260828P00200000,put,200.0,0.02,0.0,0.05,90,458,0.2500075,204.4600067138672,,,,,,0.172859833984375,,,,2026-08-28 19:31:20+00:00,True,False
FSLR,2026-08-28,FSLR260828P00202500,put,202.5,0.02,0.0,0.02,198,88,0.10743080078125,204.4600067138672,,,,,,0.172859833984375,,,,2026-08-28 19:32:03+00:00,True,False
FSLR,2026-08-28,FSLR260828P00205000,put,205.0,0.75,0.55,0.95,243,322,0.1508873974609375,204.4600067138672,,,,,,0.172859833984375,,,,2026-08-28 19:59:26+00:00,False,False
FSLR,2026-08-28,FSLR260828P00207500,put,207.5,2.45,1.37,4.6,388,120,0.6562534375000001,204.4600067138672,,,,,,0.172859833984375,,,,2026-08-28 19:33:34+00:00,False,True
FSLR,2026-08-28,FSLR260828P00210000,put,210.0,5.3,4.15,6.45,192,350,0.6630893066406252,204.4600067138672,,,,,,0.172859833984375,,,,2026-08-28 19:59:28+00:00,False,False
FSLR,2026-08-28,FSLR260828P00215000,put,215.0,10.5,9.3,11.25,92,1954,0.8945323046874999,204.4600067138672,,,,,,0.172859833984375,,,,2026-08-28 19:57:45+00:00,False,False
FSLR,2026-08-28,FSLR260828P00220000,put,220.0,15.33,13.75,16.85,16,184,1.4052764111328124,204.4600067138672,,,,,,0.172859833984375,,,,2026-08-28 19:40:28+00:00,False,False
FSLR,2026-09-04,FSLR260904C00205000,call,205.0,4.8,4.1,5.05,38,54,0.4397028686523437,204.4600067138672,0.5011481490481963,0.032043357101976595,-0.36815162329566464,0.11295858038893948,0.01873015425479976,0.4194393994140625,,96.9,124.6,2026-08-28 19:45:42+00:00,False,False
FSLR,2026-09-04,FSLR260904C00215000,call,215.0,1.5,1.21,2.52,48,69,0.5224657128906249,204.4600067138672,0.25936905778002994,0.021898828292309637,-0.3492768644892226,0.0917277181981797,0.009741733482488617,0.4194393994140625,,96.9,124.6,2026-08-28 19:57:46+00:00,False,True
FSLR,2026-09-04,FSLR260904C00217500,call,217.5,1.16,0.32,1.26,69,96,0.4401911450195312,204.4600067138672,0.16652067006422716,0.020034710849337178,-0.22682721035702327,0.07070437665756957,0.006323689311954905,0.4194393994140625,,96.9,124.6,2026-08-28 19:58:47+00:00,False,True
FSLR,2026-09-04,FSLR260904C00220000,call,220.0,0.78,0.61,0.9,34,83,0.43945873046875,204.4600067138672,0.123531535783313,0.0164073914956108,-0.18481358654350333,0.05780688329302843,0.004701625717809955,0.4194393994140625,,96.9,124.6,2026-08-28 19:41:41+00:00,False,False
FSLR,2026-09-04,FSLR260904C00225000,call,225.0,0.35,0.0,0.55,18,100,0.4643608251953125,204.4600067138672,0.07471539124795826,0.010734956692197118,-0.13459172814677128,0.03996481325776877,0.0028474827739390584,0.4194393994140625,,96.9,124.6,2026-08-28 18:40:21+00:00,True,False
FSLR,2026-09-04,FSLR260904C00227500,call,227.5,0.26,0.02,1.01,49,56,0.5903361279296876,204.4600067138672,0.10501140673192827,0.010879351467525281,-0.21994790669133296,0.05149016537051074,0.0039620208550001585,0.4194393994140625,,96.9,124.6,2026-08-28 17:48:51+00:00,False,True
FSLR,2026-09-04,FSLR260904C00230000,call,230.0,0.19,0.0,0.24,523,89,0.456060126953125,204.4600067138672,0.034612838841213446,0.0059294158525243995,-0.07156940671486396,0.02167983292227095,0.0013240958522752753,0.4194393994140625,,96.9,124.6,2026-08-28 19:47:49+00:00,True,False
FSLR,2026-09-04,FSLR260904C00235000,call,235.0,0.1,0.0,0.13,75,94,0.47070841796875,204.4600067138672,0.01838427232546596,0.0033817865749080763,-0.043411540274083754,0.012762039305481103,0.0007041630683370992,0.4194393994140625,,96.9,124.6,2026-08-28 18:15:27+00:00,True,False
FSLR,2026-09-04,FSLR260904C00242500,call,242.5,0.09,0.0,0.14,208,76,0.5117236328125,204.4600067138672,0.009166842492991828,0.0017047498487643674,-0.025814574232238974,0.006993877994514977,0.0003510773771284963,0.4194393994140625,,96.9,124.6,2026-08-28 17:27:03+00:00,True,False
FSLR,2026-09-04,FSLR260904C00260000,call,260.0,0.01,0.0,0.13,120,55,0.6796907031250001,204.4600067138672,0.006283974370529716,0.0009204332447135443,-0.024521350424817824,0.0050156305964098305,0.00023911572785433822,0.4194393994140625,,96.9,124.6,2026-08-28 18:41:31+00:00,True,False
FSLR,2026-09-04,FSLR260904P00180000,put,180.0,0.1,0.06,0.14,13,77,0.452153916015625,204.4600067138672,-0.01869511604987828,0.0035711816785381294,-0.04127402361147095,0.01294553962449274,-0.000750131305439035,0.4194393994140625,,96.9,124.6,2026-08-28 19:08:35+00:00,False,True
FSLR,2026-09-04,FSLR260904P00185000,put,185.0,0.21,0.0,0.92,19,175,0.5649457568359376,204.4600067138672,-0.09179827348648106,0.01030191098884197,-0.18562128905947728,0.04666018552530914,-0.003734933573742183,0.4194393994140625,,96.9,124.6,2026-08-28 19:29:40+00:00,True,False
FSLR,2026-09-04,FSLR260904P00190000,put,190.0,0.76,0.15,0.67,33,254,0.4118711157226562,204.4600067138672,-0.09154729130213812,0.014102050010771805,-0.13435940965085738,0.04656563221753125,-0.0036872154464543203,0.4194393994140625,,96.9,124.6,2026-08-28 17:55:14+00:00,False,True
FSLR,2026-09-04,FSLR260904P00195000,put,195.0,1.34,1.19,1.9,190,235,0.4538628833007812,204.4600067138672,-0.21174271267053635,0.022535386132905053,-0.25968401326739016,0.081999572587383,-0.008608005865067271,0.4194393994140625,,96.9,124.6,2026-08-28 19:56:08+00:00,False,False
FSLR,2026-09-04,FSLR260904P00197500,put,197.5,1.97,1.71,2.12,67,159,0.4062559375,204.4600067138672,-0.25437887833848327,0.027879712144495618,-0.2561284413759763,0.09080503365432811,-0.010321022843214393,0.4194393994140625,,96.9,124.6,2026-08-28 19:51:12+00:00,False,False
FSLR,2026-09-04,FSLR260904P00200000,put,200.0,2.8,2.4,3.5,217,420,0.4556939196777344,204.4600067138672,-0.3459655138816967,0.028584666765829304,-0.32980337874868415,0.10443072293954132,-0.01415972446283309,0.4194393994140625,,96.9,124.6,2026-08-28 19:59:44+00:00,False,False
FSLR,2026-09-04,FSLR260904P00202500,put,202.5,3.76,2.44,4.0,55,113,0.4093076647949218,204.4600067138672,-0.41480765630327043,0.03363515128909914,-0.31057974432943153,0.11037359286692297,-0.016955933452652703,0.4194393994140625,,96.9,124.6,2026-08-28 19:57:29+00:00,False,False
FSLR,2026-09-04,FSLR260904P00205000,put,205.0,5.02,3.85,5.1,104,367,0.3991759301757813,204.4600067138672,-0.5010879519885963,0.03529662219613834,-0.307397525547591,0.11295862815706145,-0.020547118893124702,0.4194393994140625,,96.9,124.6,2026-08-28 19:52:20+00:00,False,False
FSLR,2026-09-04,FSLR260904P00207500,put,207.5,6.3,5.05,7.4,40,118,0.4729056616210937,204.4600067138672,-0.5706281862616556,0.029325574805358537,-0.3586388580182063,0.11118417139311135,-0.02370184011903536,0.4194393994140625,,96.9,124.6,2026-08-28 19:59:28+00:00,False,False
FSLR,2026-09-04,FSLR260904P00210000,put,210.0,8.22,7.25,8.5,56,200,0.4309138940429688,204.4600067138672,-0.6561967839611291,0.030157708361843845,-0.3011990024361598,0.10418633271278749,-0.02727477994261229,0.4194393994140625,,96.9,124.6,2026-08-28 19:57:31+00:00,False,False
FSLR,2026-09-04,FSLR260904P00215000,put,215.0,11.59,10.3,13.55,27,128,0.5705609350585938,204.4600067138672,-0.7205638720774703,0.020816437986353097,-0.3660998708347141,0.09522048019422714,-0.030751042994865866,0.4194393994140625,,96.9,124.6,2026-08-28 19:35:25+00:00,False,False
FSLR,2026-09-11,FSLR260911C00220000,call,220.0,2.1,2.0,3.15,53,71,0.5147753601074219,204.4600067138672,0.255532201387112,0.015594923745443292,-0.24339788663888134,0.12872204159462863,0.018884729432492805,0.5179796737670899,,86.3,99.4,2026-08-28 19:23:53+00:00,False,False
FSLR,2026-09-11,FSLR260911P00195000,put,195.0,2.88,1.93,3.45,48,79,0.4469049450683593,204.4600067138672,-0.27195119071203955,0.01854307303174167,-0.20403824129100054,0.13287668403168437,-0.022525396165654986,0.5179796737670899,,86.3,99.4,2026-08-28 19:22:05+00:00,False,False
FSLR,2026-09-11,FSLR260911P00200000,put,200.0,4.65,3.25,5.5,18,533,0.4600884069824219,204.4600067138672,-0.37786160865509266,0.02063128916900668,-0.23881270754732767,0.15220172309971752,-0.0315869020767698,0.5179796737670899,,86.3,99.4,2026-08-28 19:37:15+00:00,False,False
FSLR,2026-09-18,FSLR260918C00170000,call,170.0,34.0,33.7,37.05,10,65,0.5390671093750001,204.4600067138672,0.9350327789783082,0.004794182584994734,-0.10107306497464971,0.06215850725958663,0.08943080457862554,0.4729056616210937,,93.8,100.4,2026-08-28 17:43:18+00:00,False,False
FSLR,2026-09-18,FSLR260918C00210000,call,210.0,6.5,5.35,7.1,45,456,0.4741263525390625,204.4600067138672,0.43922784517634084,0.016957663854779433,-0.2296237596414277,0.1933763187803278,0.047571703586518105,0.4729056616210937,,93.8,100.4,2026-08-28 18:32:24+00:00,False,False
FSLR,2026-09-18,FSLR260918C00215000,call,215.0,4.81,3.65,5.4,59,234,0.4764456652832031,204.4600067138672,0.3603486885299214,0.01601651945483887,-0.21755832936392955,0.18353745164893961,0.03928875077587651,0.4729056616210937,,93.8,100.4,2026-08-28 18:38:44+00:00,False,False
FSLR,2026-09-18,FSLR260918C00220000,call,220.0,3.73,3.0,5.05,78,2226,0.5363815893554689,204.4600067138672,0.3146578708326094,0.013498065280815241,-0.2305170848553745,0.17413599777923688,0.03413832386429806,0.4729056616210937,,93.8,100.4,2026-08-28 19:53:59+00:00,False,False
FSLR,2026-09-18,FSLR260918C00230000,call,230.0,2.01,1.89,2.1,63,2312,0.477544287109375,204.4600067138672,0.17227440332193422,0.010897287500246152,-0.14685501206490595,0.12516278975643405,0.019083298604036274,0.4729056616210937,,93.8,100.4,2026-08-28 19:54:29+00:00,False,False
FSLR,2026-09-18,FSLR260918C00240000,call,240.0,1.02,0.9,1.59,17,1623,0.5024463818359376,204.4600067138672,0.10644052769272044,0.007452398810339796,-0.11055536868333664,0.09005938620579139,0.011832420975361581,0.4729056616210937,,93.8,100.4,2026-08-28 19:42:49+00:00,False,False
FSLR,2026-09-18,FSLR260918C00250000,call,250.0,0.55,0.4,0.6,184,5192,0.5019581054687501,204.4600067138672,0.05636273244369939,0.004606994209597319,-0.06797437539063618,0.05561965742339195,0.006304997970004712,0.4729056616210937,,93.8,100.4,2026-08-28 19:06:10+00:00,False,False
FSLR,2026-09-18,FSLR260918C00260000,call,260.0,0.33,0.12,0.53,16,3317,0.5161181201171875,204.4600067138672,0.031726085026481374,0.0028155717928246165,-0.04379701719916283,0.03495094190083014,0.0035593279346689648,0.4729056616210937,,93.8,100.4,2026-08-28 19:07:21+00:00,False,True
FSLR,2026-09-18,FSLR260918C00280000,call,280.0,0.11,0.0,0.35,15,3853,0.585941640625,204.4600067138672,0.015921489086229777,0.001387081007139654,-0.027695749263398555,0.019547866283011896,0.0017830585004128354,0.4729056616210937,,93.8,100.4,2026-08-28 19:13:08+00:00,True,False
FSLR,2026-09-18,FSLR260918C00410000,call,410.0,0.11,0.01,0.54,13,2017,1.2099648876953122,204.4600067138672,0.012468847938520692,0.0005441320845385592,-0.045935829323303944,0.015835080443757844,0.0013315698500996186,0.4729056616210937,,93.8,100.4,2026-08-28 19:13:13+00:00,False,True
FSLR,2026-09-18,FSLR260918C00460000,call,460.0,0.38,0.0,0.3,81,182,1.2812535937499998,204.4600067138672,0.006654355889123592,0.0002965589898861142,-0.02804821821190824,0.00913880397717761,0.0007112621066585595,0.4729056616210937,,93.8,100.4,2026-08-07 14:09:29+00:00,True,False
FSLR,2026-09-18,FSLR260918P00110000,put,110.0,0.03,0.0,1.54,21,217,1.4169951025390626,204.4600067138672,-0.02262964216768404,0.0007734590763131745,-0.08820948704337711,0.026360209715937347,-0.003043035111674433,0.4729056616210937,,93.8,100.4,2026-08-18 19:54:28+00:00,True,False
FSLR,2026-09-18,FSLR260918P00120000,put,120.0,0.23,0.0,0.1,72,119,0.8398453515625,204.4600067138672,-0.002887784069770194,0.00021462916580603671,-0.008583165900489003,0.004335420552759592,-0.0003615312009828692,0.4729056616210937,,93.8,100.4,2026-08-05 13:45:48+00:00,True,False
FSLR,2026-09-18,FSLR260918P00130000,put,130.0,0.02,0.0,0.55,21,101,0.90429783203125,204.4600067138672,-0.013572851966768051,0.0007834628072955629,-0.03627773514169867,0.01704013557391505,-0.0017270889749651309,0.4729056616210937,,93.8,100.4,2026-08-17 13:40:00+00:00,True,False
FSLR,2026-09-18,FSLR260918P00180000,put,180.0,1.1,0.95,1.4,21,4764,0.4596001306152344,204.4600067138672,-0.10804251032394863,0.008235374933459461,-0.09642360727251563,0.09103464255797204,-0.013416185556985578,0.4729056616210937,,93.8,100.4,2026-08-28 19:37:43+00:00,False,False
FSLR,2026-09-18,FSLR260918P00185000,put,185.0,2.24,1.39,2.25,12,1752,0.45898978515625,204.4600067138672,-0.1611759008322573,0.010860896844660716,-0.12623849158756179,0.11989798404206466,-0.020117834693587987,0.4729056616210937,,93.8,100.4,2026-08-28 18:14:43+00:00,False,False
FSLR,2026-09-18,FSLR260918P00190000,put,190.0,3.2,2.38,3.2,37,1534,0.44336494140625,204.4600067138672,-0.22067004695884418,0.013641219387984477,-0.14697863700888228,0.1454647329894753,-0.02762935274823959,0.4729056616210937,,93.8,100.4,2026-08-28 18:53:00+00:00,False,False
FSLR,2026-09-18,FSLR260918P00195000,put,195.0,4.5,3.55,5.25,28,2383,0.4715629016113281,204.4600067138672,-0.30825343577133923,0.015217266000380618,-0.1844813416511715,0.17259151273064874,-0.03905591043261168,0.4729056616210937,,93.8,100.4,2026-08-28 19:48:27+00:00,False,False
FSLR,2026-09-18,FSLR260918P00200000,put,200.0,6.37,5.1,7.7,225,1777,0.4935353381347657,204.4600067138672,-0.3936583781449283,0.015893298343477184,-0.2096737886525277,0.18865810252329038,-0.05046449186633775,0.4729056616210937,,93.8,100.4,2026-08-28 19:48:37+00:00,False,False
FSLR,2026-09-18,FSLR260918P00205000,put,205.0,8.7,7.35,9.75,57,75,0.4729056616210937,204.4600067138672,-0.4765460084990507,0.017171671479249806,-0.2053048306687652,0.19531259770972154,-0.061364043619689744,0.4729056616210937,,93.8,100.4,2026-08-28 19:49:52+00:00,False,False
FSLR,2026-09-18,FSLR260918P00210000,put,210.0,11.66,10.2,13.0,25,1499,0.4924367163085938,204.4600067138672,-0.5568274845844449,0.016351286248869046,-0.20976719997146556,0.19366249373227326,-0.07264298497638742,0.4729056616210937,,93.8,100.4,2026-08-28 19:43:52+00:00,False,False
FSLR,2026-09-18,FSLR260918P00260000,put,260.0,48.91,53.65,57.15,38,338,0.7180203979492188,204.4600067138672,-0.9019067524769027,0.0049141565715892935,-0.1121080572517698,0.08486506406253094,-0.1384946302442109,0.4729056616210937,,93.8,100.4,2026-08-27 15:50:27+00:00,False,False
FSLR,2026-09-18,FSLR260918P00270000,put,270.0,65.43,63.8,67.1,60,573,0.7919942675781251,204.4600067138672,-0.9120553905209333,0.004109590037706861,-0.11299977890168218,0.07828232392291135,-0.145392446609332,0.4729056616210937,,93.8,100.4,2026-08-28 19:14:32+00:00,False,False
FSLR,2026-09-18,FSLR260918P00280000,put,280.0,75.43,73.55,76.7,60,54,0.8115253222656249,204.4600067138672,-0.9335996575256416,0.0032389311719833356,-0.0856181482654442,0.06321890463722314,-0.15344119687515756,0.4729056616210937,,93.8,100.4,2026-08-28 19:14:32+00:00,False,False
FSLR,2026-09-25,FSLR260925C00250000,call,250.0,1.07,0.75,1.84,54,284,0.5205126074218749,204.4600067138672,0.0974621921987518,0.005842925951531365,-0.09320883808446878,0.09753119464778524,0.014307328962133981,0.5379684875488282,,101.8,101.9,2026-08-28 19:51:16+00:00,False,True
FSLR,2026-09-25,FSLR260925P00180000,put,180.0,2.11,0.49,3.7,10,87,0.567265069580078,204.4600067138672,-0.18037457640223553,0.008179062701175441,-0.14520318186608083,0.14878922708141307,-0.030891494080985744,0.5379684875488282,,101.8,101.9,2026-08-26 13:43:20+00:00,False,True
FSLR,2026-09-25,FSLR260925P00185000,put,185.0,3.3,2.0,4.4,61,55,0.532109171142578,204.4600067138672,-0.21818033472941722,0.009779421466261892,-0.15189992440017092,0.1668767434392917,-0.03732687970358461,0.5379684875488282,,101.8,101.9,2026-08-28 15:52:38+00:00,False,True
FSLR,2026-09-25,FSLR260925P00200000,put,200.0,7.84,6.45,9.5,15,96,0.5103198382568359,204.4600067138672,-0.39980677523514907,0.013367002556215701,-0.18692461404973848,0.21875520279619176,-0.06957335840940397,0.5379684875488282,,101.8,101.9,2026-08-28 18:51:45+00:00,False,False
FSLR,2026-09-25,FSLR260925P00250000,put,250.0,41.7,44.3,47.7,700,417,0.5979044116210939,204.4600067138672,-0.8661401242020368,0.006375219779691199,-0.09985456368489082,0.12223872951963083,-0.17168519987206068,0.5379684875488282,,101.8,101.9,2026-08-24 15:13:43+00:00,False,False
FSLR,2026-10-02,FSLR261002C00220000,call,220.0,9.95,5.0,8.0,51,53,0.5447433221435547,204.4600067138672,0.373914599914914,0.01098441510196857,-0.19601922151461543,0.2398616257543879,0.06550436192031511,0.5006763800048828,,101.0,110.7,2026-08-27 14:20:33+00:00,False,False
FSLR,2026-10-02,FSLR261002P00200000,put,200.0,9.16,7.9,9.9,11,68,0.4740042834472656,204.4600067138672,-0.39885459002712087,0.012863704638749612,-0.1530660526234592,0.24442197409014013,-0.08710825850941545,0.5006763800048828,,101.0,110.7,2026-08-28 19:37:55+00:00,False,False
FSLR,2026-10-16,FSLR261016C00150000,call,150.0,55.6,54.15,56.5,60,61,0.5336960693359375,204.4600067138672,0.9569254759918087,0.0022886492653390383,-0.05643061694658491,0.06854774990655733,0.18718339920700677,0.492741889038086,,106.3,104.0,2026-08-28 18:36:48+00:00,False,False
FSLR,2026-10-16,FSLR261016C00200000,call,200.0,15.8,16.05,18.55,10,358,0.5018360363769532,204.4600067138672,0.5980834570577935,0.010289418676396406,-0.16269825572060662,0.28978282400402167,0.1402082679789604,0.492741889038086,,106.3,104.0,2026-08-28 17:10:31+00:00,False,False
FSLR,2026-10-16,FSLR261016C00210000,call,210.0,11.5,11.75,14.4,32,233,0.5134936346435546,204.4600067138672,0.4950721863355179,0.010370074815157233,-0.1686004526553146,0.29883874990870213,0.1177664773925262,0.492741889038086,,106.3,104.0,2026-08-28 17:00:41+00:00,False,False
FSLR,2026-10-16,FSLR261016C00220000,call,220.0,8.31,7.0,10.6,10,279,0.5522505712890625,204.4600067138672,0.4099434589347708,0.009396288971715525,-0.17409130850761434,0.2912141647274903,0.0978629349923839,0.492741889038086,,106.3,104.0,2026-08-28 17:52:04+00:00,False,False
FSLR,2026-10-16,FSLR261016C00230000,call,230.0,6.2,5.95,7.2,205,642,0.5080005255126954,204.4600067138672,0.30738923689980524,0.009236086070730763,-0.1441694769852124,0.26331287198169984,0.07523010104547555,0.492741889038086,,106.3,104.0,2026-08-28 19:55:47+00:00,False,False
FSLR,2026-10-16,FSLR261016C00240000,call,240.0,4.18,3.2,4.65,202,1195,0.5124560473632812,204.4600067138672,0.23455408176012077,0.007996350484745222,-0.1261635758235459,0.22996852556034456,0.05791542680459087,0.492741889038086,,106.3,104.0,2026-08-28 19:37:02+00:00,False,False
FSLR,2026-10-16,FSLR261016C00250000,call,250.0,2.92,2.53,3.6,108,796,0.5067188000488281,204.4600067138672,0.17001237060302093,0.006666619599941055,-0.10235093670447946,0.18958005695536065,0.04240138996781022,0.492741889038086,,106.3,104.0,2026-08-28 19:49:49+00:00,False,False
FSLR,2026-10-16,FSLR261016C00270000,call,270.0,1.45,1.16,1.53,117,847,0.5072070764160157,204.4600067138672,0.08578969519769397,0.0041237957186308054,-0.06296431569898739,0.11738224313830602,0.021679250196735285,0.492741889038086,,106.3,104.0,2026-08-28 19:55:50+00:00,False,False
FSLR,2026-10-16,FSLR261016C00280000,call,280.0,0.98,0.67,1.28,23,151,0.5189257092285156,204.4600067138672,0.06384148133822562,0.0032163645344917267,-0.051248941178238985,0.09366781925829301,0.016173228141760903,0.492741889038086,,106.3,104.0,2026-08-28 19:52:05+00:00,False,False
FSLR,2026-10-16,FSLR261016P00180000,put,180.0,4.33,3.15,4.85,14,269,0.4860280889892578,204.4600067138672,-0.19982900914744994,0.00768518340553228,-0.09775722083830324,0.20962137359182936,-0.060797991966029315,0.492741889038086,,106.3,104.0,2026-08-28 19:29:11+00:00,False,False
FSLR,2026-10-16,FSLR261016P00185000,put,185.0,5.8,5.3,7.25,63,167,0.5235643347167969,204.4600067138672,-0.2571096891151907,0.008222238142350216,-0.12094891737176065,0.24159061695248416,-0.07958291614222429,0.492741889038086,,106.3,104.0,2026-08-28 18:55:02+00:00,False,False
FSLR,2026-10-16,FSLR261016P00190000,put,190.0,7.24,6.35,8.95,48,203,0.5192308819580078,204.4600067138672,-0.3029437842933883,0.008978079681420885,-0.1289854531257378,0.2616157747783727,-0.09433245409078966,0.492741889038086,,106.3,104.0,2026-08-28 19:29:11+00:00,False,False
FSLR,2026-10-16,FSLR261016P00195000,put,195.0,9.15,7.5,10.85,11,97,0.5133105310058592,204.4600067138672,-0.3513755245563758,0.009646009223823944,-0.13431564877417296,0.27787393049433173,-0.11006279016041169,0.492741889038086,,106.3,104.0,2026-08-28 18:51:45+00:00,False,False
FSLR,2026-10-16,FSLR261016P00200000,put,200.0,11.3,10.7,12.3,90,270,0.4836477416992188,204.4600067138672,-0.4009298317756711,0.010669568396789933,-0.13011479625561925,0.289598276608236,-0.12551052151052203,0.492741889038086,,106.3,104.0,2026-08-28 19:31:55+00:00,False,False
FSLR,2026-10-16,FSLR261016P00210000,put,210.0,16.61,15.6,18.4,32,159,0.5064746618652343,204.4600067138672,-0.5060290837969847,0.010513389767343064,-0.1378774621661975,0.29882742029339593,-0.16228603726284413,0.492741889038086,,106.3,104.0,2026-08-28 19:32:01+00:00,False,False
FSLR,2026-10-16,FSLR261016P00230000,put,230.0,30.75,28.95,32.2,49,376,0.5113574255371094,204.4600067138672,-0.6910168144275212,0.009196300252613364,-0.11412003360568217,0.26391110558955666,-0.23115270591359416,0.492741889038086,,106.3,104.0,2026-08-28 19:50:40+00:00,False,False
FSLR,2026-10-16,FSLR261016P00240000,put,240.0,37.31,36.6,40.4,11,279,0.5217332983398437,204.4600067138672,-0.7604308917707072,0.007946007068600637,-0.09722655745166124,0.23265771553883585,-0.26103251009661954,0.492741889038086,,106.3,104.0,2026-08-28 15:32:40+00:00,False,False
FSLR,2026-10-16,FSLR261016P00260000,put,260.0,47.65,54.95,58.15,16,52,0.5429733203125001,204.4600067138672,-0.8587487027835059,0.005505086087590016,-0.06115153869200294,0.16775001292128838,-0.3115527358017388,0.492741889038086,,106.3,104.0,2026-08-20 18:59:13+00:00,False,False
GCO,2026-09-18,GCO260918C00035000,call,35.0,2.0,1.3,2.75,60,317,0.8354508642578123,33.310001373291016,0.44732862406372376,0.05924394538896496,-0.06461816204832203,0.03159661926624697,0.007422051866841828,0.7746604565429687,,102.6,107.3,2026-08-25 17:42:26+00:00,False,True
GCO,2026-09-18,GCO260918C00040000,call,40.0,0.74,0.2,1.3,201,1202,0.831056376953125,33.310001373291016,0.21068716384400543,0.043487112283479026,-0.0465131440704134,0.023071019567975515,0.0036220257479724423,0.7746604565429687,,102.6,107.3,2026-08-26 16:26:40+00:00,False,True
GCO,2026-09-18,GCO260918P00012500,put,12.5,0.03,0.0,0.25,45,5534,2.136723408203125,33.310001373291016,-0.014843465022162827,0.00219835159087833,-0.0151728398014766,0.002998618329287186,-0.000346252598347049,0.7746604565429687,,102.6,107.3,2026-08-25 15:43:32+00:00,True,False
GCO,2026-09-18,GCO260918P00015000,put,15.0,0.1,0.0,1.15,10,2441,2.4668007080078125,33.310001373291016,-0.04956835930652148,0.005196763817253706,-0.04776739980109621,0.008183569504570044,-0.0012492713144411742,0.7746604565429687,,102.6,107.3,2026-06-12 15:45:19+00:00,True,False
GCO,2026-09-18,GCO260918P00020000,put,20.0,0.06,0.0,2.15,910,415,2.0781298046874994,33.310001373291016,-0.10055524950857953,0.010612498394333947,-0.06906618378666672,0.01407881298659386,-0.002498036916621082,0.7746604565429687,,102.6,107.3,2026-08-25 15:42:44+00:00,True,False
GCO,2026-09-18,GCO260918P00022500,put,22.5,0.09,0.0,2.2,413,185,1.7285169824218751,33.310001373291016,-0.12291431110919782,0.014731013462681125,-0.0661966864376515,0.016254814162132567,-0.0029411402154411724,0.7746604565429687,,102.6,107.3,2026-08-25 15:42:44+00:00,True,False
GCO,2026-09-18,GCO260918P00030000,put,30.0,1.35,0.75,1.55,30,117,0.7949239257812499,33.310001373291016,-0.25484399983592154,0.050541843351176216,-0.047233332235338564,0.025647933413086143,-0.0055015637806432715,0.7746604565429687,,102.6,107.3,2026-08-28 17:24:25+00:00,False,True
GCO,2026-10-16,GCO261016C00035000,call,35.0,2.55,1.85,2.65,25,159,0.6001016552734376,33.310001373291016,0.46628243699885435,0.05427554010346198,-0.03151998702877669,0.0485156098966303,0.01775289482632933,0.5960733752441407,,99.3,114.2,2026-08-28 14:10:48+00:00,False,False
GCO,2026-10-16,GCO261016C00040000,call,40.0,1.0,0.45,2.05,130,160,0.6806672558593752,33.310001373291016,0.2801979757089722,0.040535159066357594,-0.029648688221017995,0.04109786463076877,0.010817437166921821,0.5960733752441407,,99.3,114.2,2026-08-25 17:42:17+00:00,False,True
GILT,2026-09-18,GILT260918C00017500,call,17.5,0.09,0.0,0.2,205,1868,1.421877890625,9.9399995803833,0.06950121429675896,0.0393885359166173,-0.010860228033824113,0.00318369387496852,0.00034471842870155,0.5888712988281251,,210.3,817.9,2026-08-17 17:24:29+00:00,True,False
GILT,2026-09-18,GILT260918C00025000,call,25.0,0.05,0.0,0.2,20,357,2.0468798828125,9.9399995803833,0.05184763763974888,0.021752651161289428,-0.012393543292421082,0.002531067430309966,0.00024497177673455143,0.5888712988281251,,210.3,817.9,2026-08-13 15:55:59+00:00,True,False
GL,2026-09-18,GL260918C00175000,call,175.0,2.19,1.4,4.5,96,127,0.325079991455078,172.7899932861328,0.4652924424246603,0.029497846778722886,-0.1378773573422505,0.1647191759275704,0.043615817807231366,0.27088131469726556,,130.3,152.3,2026-08-21 16:01:13+00:00,False,True
GL,2026-09-18,GL260918C00180000,call,180.0,2.09,0.2,2.95,62,98,0.3394841442871094,172.7899932861328,0.3350594947707133,0.02589432438763057,-0.1295775111942643,0.15100373354395305,0.03159181435263433,0.27088131469726556,,130.3,152.3,2026-08-26 17:14:23+00:00,False,True
GL,2026-09-18,GL260918C00185000,call,185.0,0.46,0.0,2.7,31,77,0.4124814611816406,172.7899932861328,0.2704126217694446,0.01935566362322401,-0.14072048713633428,0.13714377699514016,0.025333390703359156,0.27088131469726556,,130.3,152.3,2026-08-25 14:47:47+00:00,True,False
GL,2026-10-16,GL261016C00180000,call,180.0,2.27,2.25,4.2,43,52,0.2781444256591796,172.7899932861328,0.3880854633602563,0.02175788715751389,-0.07740910736888555,0.24256462889513453,0.08392925832238611,0.2824778784179687,,,87.4,2026-08-25 16:27:37+00:00,False,False
GME,2026-08-28,GME260828C00005000,call,5.0,12.95,12.35,13.85,27,59,16.375004882812505,17.8700008392334,,,,,,0.20313296874999998,,,,2026-08-28 18:54:32+00:00,False,False
GME,2026-08-28,GME260828C00006000,call,6.0,11.95,11.7,12.55,23,75,14.546875908203129,17.8700008392334,,,,,,0.20313296874999998,,,,2026-08-28 17:28:30+00:00,False,False
GME,2026-08-28,GME260828C00015000,call,15.0,3.0,2.45,4.25,32,58,4.382817021484375,17.8700008392334,,,,,,0.20313296874999998,,,,2026-08-28 19:22:17+00:00,False,False
GME,2026-08-28,GME260828C00016500,call,16.5,1.48,1.28,1.63,13,74,1.3828155859374998,17.8700008392334,,,,,,0.20313296874999998,,,,2026-08-28 19:55:47+00:00,False,False
GME,2026-08-28,GME260828C00017000,call,17.0,0.98,0.52,1.5,13,92,1.2265663671875,17.8700008392334,,,,,,0.20313296874999998,,,,2026-08-28 19:45:08+00:00,False,True
GME,2026-08-28,GME260828C00017500,call,17.5,0.36,0.01,1.13,1191,1205,0.960937890625,17.8700008392334,,,,,,0.20313296874999998,,,,2026-08-28 19:59:54+00:00,False,True
GME,2026-08-28,GME260828C00018000,call,18.0,0.01,0.0,0.01,15122,9706,0.132821171875,17.8700008392334,,,,,,0.20313296874999998,,,,2026-08-28 19:59:51+00:00,True,False
GME,2026-08-28,GME260828C00018500,call,18.5,0.01,0.0,0.01,11430,11608,0.42188078125,17.8700008392334,,,,,,0.20313296874999998,,,,2026-08-28 19:47:27+00:00,True,False
GME,2026-08-28,GME260828C00019000,call,19.0,0.01,0.0,0.01,3945,13492,0.5937540625000001,17.8700008392334,,,,,,0.20313296874999998,,,,2026-08-28 19:58:41+00:00,True,False
GME,2026-08-28,GME260828C00019500,call,19.5,0.01,0.0,0.01,594,4206,0.8125018749999999,17.8700008392334,,,,,,0.20313296874999998,,,,2026-08-28 19:27:29+00:00,True,False
GME,2026-08-28,GME260828C00020000,call,20.0,0.01,0.0,0.01,687,8348,0.9687503125,17.8700008392334,,,,,,0.20313296874999998,,,,2026-08-28 19:55:45+00:00,True,False
GME,2026-08-28,GME260828C00020500,call,20.5,0.01,0.0,0.01,296,3909,1.1875040625,17.8700008392334,,,,,,0.20313296874999998,,,,2026-08-28 19:55:53+00:00,True,False
GME,2026-08-28,GME260828C00021000,call,21.0,0.01,0.0,0.01,28,4308,1.3125034374999998,17.8700008392334,,,,,,0.20313296874999998,,,,2026-08-28 18:10:00+00:00,True,False
GME,2026-08-28,GME260828C00021500,call,21.5,0.02,0.0,0.01,113,2237,1.5000025,17.8700008392334,,,,,,0.20313296874999998,,,,2026-08-28 16:34:48+00:00,True,False
GME,2026-08-28,GME260828C00022000,call,22.0,0.01,0.0,0.01,60,3533,1.625001875,17.8700008392334,,,,,,0.20313296874999998,,,,2026-08-28 19:32:26+00:00,True,False
GME,2026-08-28,GME260828C00022500,call,22.5,0.01,0.0,0.01,110,642,1.8125009375,17.8700008392334,,,,,,0.20313296874999998,,,,2026-08-27 19:18:58+00:00,True,False
GME,2026-08-28,GME260828C00023000,call,23.0,0.01,0.0,0.01,11,3348,1.9375003125,17.8700008392334,,,,,,0.20313296874999998,,,,2026-08-28 19:15:43+00:00,True,False
GME,2026-08-28,GME260828C00023500,call,23.5,0.01,0.0,0.01,56,375,2.1250046875,17.8700008392334,,,,,,0.20313296874999998,,,,2026-08-28 18:59:57+00:00,True,False
GME,2026-08-28,GME260828C00025000,call,25.0,0.01,0.0,0.01,143,3650,2.50000375,17.8700008392334,,,,,,0.20313296874999998,,,,2026-08-28 18:35:46+00:00,True,False
GME,2026-08-28,GME260828C00025500,call,25.5,0.01,0.0,0.01,13,442,2.6250034375,17.8700008392334,,,,,,0.20313296874999998,,,,2026-08-24 17:39:23+00:00,True,False
GME,2026-08-28,GME260828C00026000,call,26.0,0.01,0.0,0.01,68,1432,2.750003125,17.8700008392334,,,,,,0.20313296874999998,,,,2026-08-28 18:39:52+00:00,True,False
GME,2026-08-28,GME260828C00031000,call,31.0,0.01,0.0,0.01,40,433,3.8750003125,17.8700008392334,,,,,,0.20313296874999998,,,,2026-08-25 17:00:14+00:00,True,False
GME,2026-08-28,GME260828P00016000,put,16.0,0.01,0.0,0.01,49,331,0.9687503125,17.8700008392334,,,,,,0.20313296874999998,,,,2026-08-26 18:08:34+00:00,True,False
GME,2026-08-28,GME260828P00017000,put,17.0,0.01,0.0,0.01,28,2107,0.500005,17.8700008392334,,,,,,0.20313296874999998,,,,2026-08-28 19:34:09+00:00,True,False
GME,2026-08-28,GME260828P00017500,put,17.5,0.01,0.0,0.01,684,1887,0.2812571874999999,17.8700008392334,,,,,,0.20313296874999998,,,,2026-08-28 18:56:55+00:00,True,False
GME,2026-08-28,GME260828P00018000,put,18.0,0.13,0.03,0.18,5392,2992,0.273444765625,17.8700008392334,,,,,,0.20313296874999998,,,,2026-08-28 19:59:48+00:00,False,True
GME,2026-08-28,GME260828P00018500,put,18.5,0.44,0.45,0.73,703,1454,0.8437515624999999,17.8700008392334,,,,,,0.20313296874999998,,,,2026-08-28 19:49:01+00:00,False,False
GME,2026-08-28,GME260828P00019000,put,19.0,1.05,1.02,1.23,126,1735,1.1953165234375,17.8700008392334,,,,,,0.20313296874999998,,,,2026-08-28 19:56:28+00:00,False,False
GME,2026-08-28,GME260828P00019500,put,19.5,1.54,1.4,1.74,124,537,1.5546897265624997,17.8700008392334,,,,,,0.20313296874999998,,,,2026-08-28 19:30:59+00:00,False,False
GME,2026-08-28,GME260828P00020000,put,20.0,2.05,1.9,2.3,20,1399,2.1250046875,17.8700008392334,,,,,,0.20313296874999998,,,,2026-08-28 19:55:47+00:00,False,False
GME,2026-09-04,GME260904C00017000,call,17.0,0.98,0.86,1.3,45,119,0.5214891601562499,17.8700008392334,0.7704972953789321,0.2350020687518206,-0.029697160928540245,0.007505355920469071,0.002436407743564801,0.35938140625,,577.7,109.2,2026-08-28 19:53:14+00:00,False,False
GME,2026-09-04,GME260904C00017500,call,17.5,0.6,0.54,0.76,1133,418,0.5312546875,17.8700008392334,0.6308875977840904,0.2869632579686339,-0.03687265163306707,0.009336484719643682,0.0020211995654655906,0.35938140625,,577.7,109.2,2026-08-28 19:57:56+00:00,False,False
GME,2026-09-04,GME260904C00018000,call,18.0,0.28,0.28,0.32,8599,2862,0.35938140625,17.8700008392334,0.4595810850714829,0.4462627881608341,-0.026296822557621082,0.009822015148096332,0.0015170554193528966,0.35938140625,,577.7,109.2,2026-08-28 19:59:34+00:00,False,False
GME,2026-09-04,GME260904C00018500,call,18.5,0.17,0.16,0.18,4428,3929,0.39258419921875,17.8700008392334,0.2767695085031514,0.3445308446361068,-0.023883851277079225,0.008283526124894467,0.0009175770834180217,0.35938140625,,577.7,109.2,2026-08-28 19:59:42+00:00,False,False
GME,2026-09-04,GME260904C00019000,call,19.0,0.09,0.09,0.11,5592,8558,0.437505625,17.8700008392334,0.16704978570900386,0.23110718499246266,-0.01974726454955556,0.006192291752511657,0.0005545456357282049,0.35938140625,,577.7,109.2,2026-08-28 19:59:53+00:00,False,False
GME,2026-09-04,GME260904C00019500,call,19.5,0.08,0.06,0.08,874,1324,0.500005,17.8700008392334,0.11272259220353398,0.1546461118356384,-0.01717966998964047,0.004735519986560974,0.00037370127669245307,0.35938140625,,577.7,109.2,2026-08-28 19:59:20+00:00,False,False
GME,2026-09-04,GME260904C00020000,call,20.0,0.06,0.05,0.06,5992,6932,0.5429733203125001,17.8700008392334,0.0739153871754037,0.1041816200019281,-0.013611174922144703,0.0034643672005509173,0.0002450552743540589,0.35938140625,,577.7,109.2,2026-08-28 19:59:49+00:00,False,False
GME,2026-09-04,GME260904C00020500,call,20.5,0.04,0.04,0.07,909,964,0.6289099609375001,17.8700008392334,0.06401612922276384,0.08050770741201133,-0.014080625313256127,0.0031008464014567827,0.00021134354642485205,0.35938140625,,577.7,109.2,2026-08-28 19:59:16+00:00,False,False
GME,2026-09-04,GME260904C00021000,call,21.0,0.05,0.04,0.05,558,1976,0.6796907031250001,17.8700008392334,0.048714770270539456,0.06005389722460434,-0.012251146237965225,0.0024998091156071323,0.0001606345784983481,0.35938140625,,577.7,109.2,2026-08-28 19:42:03+00:00,False,False
GME,2026-09-04,GME260904C00021500,call,21.5,0.03,0.02,0.1,24,694,0.804689453125,17.8700008392334,0.055337170071653244,0.056131826815889505,-0.01602912592543428,0.002766252421702326,0.00018103481135447848,0.35938140625,,577.7,109.2,2026-08-28 19:58:11+00:00,False,True
GME,2026-09-04,GME260904C00022000,call,22.0,0.05,0.02,0.05,481,4264,0.789064609375,17.8700008392334,0.032933566467577106,0.037638689607644375,-0.010328756737285094,0.0018188688342563447,0.0001082091701306897,0.35938140625,,577.7,109.2,2026-08-28 19:57:02+00:00,False,True
GME,2026-09-04,GME260904C00023000,call,23.0,0.05,0.03,0.04,919,2624,0.92187578125,17.8700008392334,0.02835998343564321,0.028463937564132985,-0.01064812221734125,0.0016070215667596769,9.262848085598931e-05,0.35938140625,,577.7,109.2,2026-08-28 19:52:25+00:00,False,False
GME,2026-09-04,GME260904C00023500,call,23.5,0.11,0.01,0.06,99,376,0.98437515625,17.8700008392334,0.0265649914023933,0.02524232758260265,-0.0107616377869708,0.0015217536926167075,8.652761232325981e-05,0.35938140625,,577.7,109.2,2026-08-28 18:15:12+00:00,False,True
GME,2026-09-04,GME260904C00024000,call,24.0,0.03,0.01,0.05,203,1683,1.015629921875,17.8700008392334,0.02170331129391306,0.020644115087380843,-0.009365711570138024,0.0012840622553423676,7.067571743318114e-05,0.35938140625,,577.7,109.2,2026-08-28 17:14:55+00:00,False,True
GME,2026-09-04,GME260904C00024500,call,24.5,0.04,0.01,0.04,28,126,1.0468797656250002,17.8700008392334,0.017977047152107725,0.017068464623512105,-0.00822483520353706,0.0010943231418815446,5.852174204222997e-05,0.35938140625,,577.7,109.2,2026-08-28 19:48:58+00:00,False,True
GME,2026-09-04,GME260904C00025000,call,25.0,0.03,0.01,0.06,254,2368,1.1640666796875,17.8700008392334,0.022955725853337102,0.018884607474524626,-0.011247106241570977,0.0013462947175101124,7.418052127119136e-05,0.35938140625,,577.7,109.2,2026-08-28 19:41:12+00:00,False,True
GME,2026-09-04,GME260904C00025500,call,25.5,0.03,0.02,0.08,69,92,1.2890660546875,17.8700008392334,0.028907753403097494,0.02068245602392442,-0.015100329271556377,0.0016327947793387404,9.265773701355409e-05,0.35938140625,,577.7,109.2,2026-08-28 19:56:41+00:00,False,True
GME,2026-09-04,GME260904C00026000,call,26.0,0.06,0.02,0.11,315,1207,1.4140654296875002,17.8700008392334,0.03499228573780575,0.022076795417145252,-0.01939030357891527,0.001911876607468601,0.00011123884598570359,0.35938140625,,577.7,109.2,2026-08-28 19:59:42+00:00,False,True
GME,2026-09-04,GME260904C00028000,call,28.0,0.02,0.01,0.03,125,2127,1.359378203125,17.8700008392334,0.011118551870787809,0.008689287814008196,-0.007049666315344553,0.0007234005021058042,3.5784094559264215e-05,0.35938140625,,577.7,109.2,2026-08-28 19:45:39+00:00,False,True
GME,2026-09-04,GME260904C00029000,call,29.0,0.03,0.01,0.07,232,113,1.5937520312499998,17.8700008392334,0.01880878865660616,0.011652032153723835,-0.012989603992486085,0.0011373044725265526,5.963245709149199e-05,0.35938140625,,577.7,109.2,2026-08-28 19:17:30+00:00,False,True
GME,2026-09-04,GME260904C00030000,call,30.0,0.02,0.01,0.03,436,2783,1.53125234375,17.8700008392334,0.009835700891143537,0.006932286427702892,-0.007132895110955939,0.0006500961384703415,3.14407983829664e-05,0.35938140625,,577.7,109.2,2026-08-28 19:41:09+00:00,False,True
GME,2026-09-04,GME260904C00031000,call,31.0,0.02,0.01,0.09,25,258,1.8359383203125,17.8700008392334,0.020888850967386834,0.01105671083230269,-0.016349748644962404,0.001243192437536317,6.54017469910781e-05,0.35938140625,,577.7,109.2,2026-08-28 19:42:56+00:00,False,True
GME,2026-09-04,GME260904C00032000,call,32.0,0.03,0.01,0.08,16,379,1.890625546875,17.8700008392334,0.0182801911834044,0.009586848721522438,-0.01503123595053035,0.0011100325593864436,5.717118435197867e-05,0.35938140625,,577.7,109.2,2026-08-28 19:41:28+00:00,False,True
GME,2026-09-04,GME260904C00035000,call,35.0,0.02,0.01,0.02,273,2476,1.84375078125,17.8700008392334,0.006186412562757743,0.003828841019812196,-0.005707730914152171,0.0004323384614974512,1.9579518309551423e-05,0.35938140625,,577.7,109.2,2026-08-28 19:58:32+00:00,False,False
GME,2026-09-04,GME260904P00009000,put,9.0,0.01,0.0,0.01,224,227,1.75000125,17.8700008392334,-0.0015616031885804516,0.0011688747138798312,-0.0015618186806039686,0.00012527391325687536,-5.7488950736786745e-06,0.35938140625,,577.7,109.2,2026-08-24 17:04:17+00:00,True,False
GME,2026-09-04,GME260904P00011000,put,11.0,0.01,0.0,0.01,600,600,1.3125034374999998,17.8700008392334,-0.002839721150964758,0.0026807637003360635,-0.002012808199976314,0.00021548314477945905,-1.0292202496661104e-05,0.35938140625,,577.7,109.2,2026-08-24 16:58:47+00:00,True,False
GME,2026-09-04,GME260904P00012000,put,12.0,0.01,0.0,0.01,23,600,1.0625046875000002,17.8700008392334,-0.0026644384998180115,0.003126471272185996,-0.0015371611817381614,0.00020344153245553204,-9.550164228436343e-06,0.35938140625,,577.7,109.2,2026-08-28 17:58:07+00:00,True,False
GME,2026-09-04,GME260904P00013000,put,13.0,0.01,0.0,0.01,20,162,0.87500125,17.8700008392334,-0.0035273493350462815,0.004887702395586317,-0.001628032257187236,0.0002619194495429169,-1.2553297431511984e-05,0.35938140625,,577.7,109.2,2026-08-28 18:50:53+00:00,True,False
GME,2026-09-04,GME260904P00015000,put,15.0,0.01,0.0,0.08,28,255,0.73437765625,17.8700008392334,-0.03739571010419618,0.04488563070593086,-0.01049402427152146,0.0020187433458821635,-0.00013356608906221838,0.35938140625,,577.7,109.2,2026-08-28 18:51:21+00:00,True,False
GME,2026-09-04,GME260904P00015500,put,15.5,0.02,0.0,2.13,100,150,2.076176684570312,17.8700008392334,-0.26044950402092926,0.06318724340724333,-0.11838048816113171,0.008034299927920215,-0.0010735784463445069,0.35938140625,,577.7,109.2,2026-08-26 13:36:29+00:00,True,False
GME,2026-09-04,GME260904P00016000,put,16.0,0.01,0.0,0.05,62,189,0.5351608984375,17.8700008392334,-0.061603153742067374,0.09182039526435844,-0.011347834052279338,0.003009385703696937,-0.0002180878961631363,0.35938140625,,577.7,109.2,2026-08-28 19:58:39+00:00,True,False
GME,2026-09-04,GME260904P00016500,put,16.5,0.03,0.01,0.03,38,140,0.367193828125,17.8700008392334,-0.053388427822036344,0.11957072336935252,-0.006918926979483388,0.00268889937902157,-0.00018697479298191336,0.35938140625,,577.7,109.2,2026-08-28 19:59:39+00:00,False,True
GME,2026-09-04,GME260904P00017000,put,17.0,0.07,0.04,0.07,1284,2020,0.3320379296875,17.8700008392334,-0.1293931833994615,0.2566142902923183,-0.012051879981177868,0.005218225662791554,-0.00045385648350588814,0.35938140625,,577.7,109.2,2026-08-28 19:59:58+00:00,False,False
GME,2026-09-04,GME260904P00017500,put,17.5,0.15,0.13,0.16,2286,2760,0.2968820312499999,17.8700008392334,-0.2902092030417729,0.466066362037626,-0.017240609974020556,0.008473951876960572,-0.001020786495839258,0.35938140625,,577.7,109.2,2026-08-28 19:59:38+00:00,False,False
GME,2026-09-04,GME260904P00018000,put,18.0,0.4,0.33,0.45,1660,3976,0.35938140625,17.8700008392334,-0.5404189149285171,0.4462627881608341,-0.023833432420791396,0.009822015148096332,-0.0019316907722086677,0.35938140625,,577.7,109.2,2026-08-28 19:58:45+00:00,False,False
GME,2026-09-04,GME260904P00018500,put,18.5,0.71,0.67,0.84,305,703,0.4257869921875,17.8700008392334,-0.706037769333171,0.32691637216044356,-0.024088586395897997,0.008524783962549107,-0.0025734002703630254,0.35938140625,,577.7,109.2,2026-08-28 19:52:15+00:00,False,False
GME,2026-09-04,GME260904P00019000,put,19.0,1.2,1.12,1.37,111,738,0.6035195898437502,17.8700008392334,-0.751864145080799,0.21192102724869122,-0.031744447884102085,0.007832848801676793,-0.002830549923217962,0.35938140625,,577.7,109.2,2026-08-28 19:59:14+00:00,False,False
GME,2026-09-04,GME260904P00020000,put,20.0,2.07,1.91,2.29,42,183,0.73437765625,17.8700008392334,-0.8524464812665864,0.12689135775252763,-0.027542215721323444,0.005706973035337588,-0.003351632809878845,0.35938140625,,577.7,109.2,2026-08-28 19:20:56+00:00,False,False
GME,2026-09-04,GME260904P00021500,put,21.5,3.51,3.35,4.2,19,97,0.9960937890625,17.8700008392334,-0.8970087383688994,0.07273921156155125,-0.0288655850496167,0.004437344455993622,-0.003788293455998273,0.35938140625,,577.7,109.2,2026-08-28 17:24:50+00:00,False,False
GME,2026-09-04,GME260904P00022000,put,22.0,3.95,3.75,4.3,10,195,1.12891060546875,17.8700008392334,-0.8935513976539455,0.06573466743968173,-0.03387856447014917,0.004544732693283137,-0.0038759791064700622,0.35938140625,,577.7,109.2,2026-08-28 16:22:49+00:00,False,False
GME,2026-09-11,GME260911C00005000,call,5.0,13.59,12.2,14.25,228,153,4.718754101562499,17.8700008392334,0.9672893842325203,0.004425606348014894,-0.043668669655335106,0.002557905200357531,0.00157101847898683,0.5229539892578126,,96.7,122.1,2026-08-27 19:19:50+00:00,False,False
GME,2026-09-11,GME260911C00006000,call,6.0,12.23,11.6,12.9,248,146,4.164067294921875,17.8700008392334,0.9597985469166505,0.005937284139575926,-0.045711352033429756,0.003028237197814407,0.0018939509267549776,0.5229539892578126,,96.7,122.1,2026-08-28 18:13:20+00:00,False,False
GME,2026-09-11,GME260911C00015000,call,15.0,3.1,2.61,3.4,11,157,0.7226590234375,17.8700008392334,0.9068014426399201,0.06589071342078874,-0.016859518571466458,0.005832328224605125,0.005058805808505007,0.5229539892578126,,96.7,122.1,2026-08-28 19:20:07+00:00,False,False
GME,2026-09-11,GME260911C00016000,call,16.0,2.29,1.8,2.69,248,161,0.773439765625,17.8700008392334,0.7933544346674919,0.10546342656110032,-0.029233439953099957,0.009991085875135043,0.00457860069264291,0.5229539892578126,,96.7,122.1,2026-08-28 18:13:20+00:00,False,False
GME,2026-09-11,GME260911C00017500,call,17.5,0.97,0.8,1.09,591,364,0.5214891601562499,17.8700008392334,0.6082269118419683,0.21049248018710814,-0.02640134478167819,0.013445166596000799,0.003808679025605715,0.5229539892578126,,96.7,122.1,2026-08-28 19:48:41+00:00,False,False
GME,2026-09-11,GME260911C00018000,call,18.0,0.72,0.68,0.77,650,886,0.543949873046875,17.8700008392334,0.5012877200341562,0.2095592160613497,-0.028253087915152478,0.013962074849270853,0.0031619577451084606,0.5229539892578126,,96.7,122.1,2026-08-28 19:59:55+00:00,False,False
GME,2026-09-11,GME260911C00018500,call,18.5,0.59,0.53,0.64,289,822,0.58789474609375,17.8700008392334,0.4103301309480849,0.18897698402058444,-0.02949794599109994,0.013607953281736217,0.002593806380860591,0.5229539892578126,,96.7,122.1,2026-08-28 19:59:34+00:00,False,False
GME,2026-09-11,GME260911C00019000,call,19.0,0.49,0.39,0.48,182,1506,0.59570716796875,17.8700008392334,0.326071935933145,0.1728657849656221,-0.02757584876800478,0.01261322623628331,0.0020744837487587445,0.5229539892578126,,96.7,122.1,2026-08-28 19:56:59+00:00,False,False
GME,2026-09-11,GME260911C00019500,call,19.5,0.39,0.33,0.39,96,934,0.63867548828125,17.8700008392334,0.2676314191081836,0.14727136938423527,-0.026886950307912168,0.011520806722411488,0.0017028922738534312,0.5229539892578126,,96.7,122.1,2026-08-28 19:55:00+00:00,False,False
GME,2026-09-11,GME260911C00020000,call,20.0,0.3,0.28,0.33,831,2957,0.6816438085937502,17.8700008392334,0.22290782019445432,0.1250517052926324,-0.025923677768328095,0.01044074358014435,0.0014176155661152704,0.5229539892578126,,96.7,122.1,2026-08-28 19:34:13+00:00,False,False
GME,2026-09-11,GME260911C00020500,call,20.5,0.25,0.22,0.37,79,683,0.7539087109375,17.8700008392334,0.19958862620883172,0.10597420383477754,-0.02679998250738132,0.009785955596728218,0.0012627793284578615,0.5229539892578126,,96.7,122.1,2026-08-28 19:46:44+00:00,False,False
GME,2026-09-11,GME260911C00021000,call,21.0,0.21,0.18,0.24,246,1530,0.7421900781249999,17.8700008392334,0.1527996838315318,0.09087305952771879,-0.022244858437365626,0.008261037839727267,0.0009730004280161278,0.5229539892578126,,96.7,122.1,2026-08-28 19:57:19+00:00,False,False
GME,2026-09-11,GME260911C00021500,call,21.5,0.27,0.15,0.27,22,119,0.8105487695312499,17.8700008392334,0.14152271230501867,0.07903988820216538,-0.023036151953329403,0.00784711080590506,0.0008965653883051032,0.5229539892578126,,96.7,122.1,2026-08-28 19:59:13+00:00,False,False
GME,2026-09-11,GME260911C00022000,call,22.0,0.16,0.11,0.29,54,1401,0.8652357226562499,17.8700008392334,0.12903827212675134,0.06950118637995022,-0.023051753707708497,0.007365648278197141,0.0008146902734071276,0.5229539892578126,,96.7,122.1,2026-08-28 17:58:36+00:00,False,True
GME,2026-09-11,GME260911C00022500,call,22.5,0.11,0.12,0.25,24,359,0.9062509375,17.8700008392334,0.11535527566673032,0.06133279699048934,-0.022294812722025013,0.0068080942022268765,0.0007270580881058261,0.5229539892578126,,96.7,122.1,2026-08-28 19:52:48+00:00,False,True
GME,2026-09-11,GME260911C00023000,call,23.0,0.15,0.13,0.17,43,568,0.914063359375,17.8700008392334,0.09517593326058732,0.05290631417875359,-0.01955166598397953,0.005923359942560435,0.0006014018763016926,0.5229539892578126,,96.7,122.1,2026-08-28 19:58:49+00:00,False,False
GME,2026-09-11,GME260911C00023500,call,23.5,0.1,0.1,0.15,20,134,0.929688203125,17.8700008392334,0.08036632138886196,0.045849281142290886,-0.017516978283370413,0.005221005709126,0.0005084650312099957,0.5229539892578126,,96.7,122.1,2026-08-28 19:58:23+00:00,False,False
GME,2026-09-11,GME260911C00024000,call,24.0,0.15,0.09,0.25,258,1778,1.0546922265625,17.8700008392334,0.09421035865531419,0.04550866877009227,-0.022354902468858122,0.005879009930306173,0.0005882661790260798,0.5229539892578126,,96.7,122.1,2026-08-28 19:03:32+00:00,False,True
GME,2026-09-11,GME260911C00024500,call,24.5,0.13,0.05,0.19,16,227,1.0234423828125,17.8700008392334,0.0715272769101021,0.038112650093559824,-0.01762379395201451,0.004777677850153461,0.0004498430329250241,0.5229539892578126,,96.7,122.1,2026-08-28 18:45:05+00:00,False,True
GME,2026-09-11,GME260911C00025000,call,25.0,0.11,0.11,0.13,989,4726,1.0703171484375005,17.8700008392334,0.06840566047586893,0.03521341940016711,-0.017799705472545294,0.004616416663512351,0.00042887613022781575,0.5229539892578126,,96.7,122.1,2026-08-28 19:55:58+00:00,False,False
GME,2026-09-11,GME260911C00026000,call,26.0,0.11,0.0,0.62,32,392,1.4609401953125,17.8700008392334,0.12286644979379613,0.03977873290934256,-0.03740294227876193,0.0071181592566570825,0.0007361886336726011,0.5229539892578126,,96.7,122.1,2026-08-28 15:47:05+00:00,True,False
GME,2026-09-11,GME260911C00026500,call,26.5,0.13,0.07,0.13,14,101,1.1640666796875,17.8700008392334,0.0541458774325954,0.026969488517331084,-0.01610732576104718,0.0038453412361165815,0.0003381760810155366,0.5229539892578126,,96.7,122.1,2026-08-28 19:56:25+00:00,False,False
GME,2026-09-11,GME260911C00027000,call,27.0,0.08,0.07,0.09,1006,239,1.15625421875,17.8700008392334,0.04448565595145205,0.023207691629615414,-0.013672222997884653,0.003286772105740835,0.0002787832607504099,0.5229539892578126,,96.7,122.1,2026-08-28 19:56:04+00:00,False,False
GME,2026-09-11,GME260911C00030000,call,30.0,0.07,0.02,0.07,23,708,1.2578162109375,17.8700008392334,0.02429733736849611,0.012962834122634556,-0.009025802738293839,0.001997107618373811,0.00015230429344913088,0.5229539892578126,,96.7,122.1,2026-08-28 19:57:48+00:00,False,True
GME,2026-09-11,GME260911C00031000,call,31.0,0.06,0.0,0.09,12,263,1.3203158984375,17.8700008392334,0.023096107057766522,0.011833763714555608,-0.009075636198282432,0.0019137493812555592,0.00014424401822437242,0.5229539892578126,,96.7,122.1,2026-08-28 17:30:51+00:00,True,False
GME,2026-09-11,GME260911C00035000,call,35.0,0.05,0.04,0.05,191,787,1.5468772656249998,17.8700008392334,0.019646249486700153,0.008809114252784588,-0.00926408412695032,0.0016690617960429352,0.00012109808324043134,0.5229539892578126,,96.7,122.1,2026-08-28 19:37:26+00:00,False,False
GME,2026-09-11,GME260911P00015000,put,15.0,0.01,0.0,0.24,17,235,0.6992217578125001,17.8700008392334,-0.08676714046096079,0.06457510040145395,-0.013584303516713973,0.005530499290802351,-0.0006344045101569293,0.5229539892578126,,96.7,122.1,2026-08-28 17:27:14+00:00,True,False
GME,2026-09-11,GME260911P00016000,put,16.0,0.11,0.0,0.15,32,310,0.5390671093750001,17.8700008392334,-0.1317980257149871,0.11319847005298815,-0.014049154894306134,0.007474251525715914,-0.0009535979430364506,0.5229539892578126,,96.7,122.1,2026-08-28 19:59:49+00:00,True,False
GME,2026-09-11,GME260911P00016500,put,16.5,0.18,0.04,0.26,44,318,0.5449264257812501,17.8700008392334,-0.20647336449527665,0.14961531563720665,-0.018897269469057325,0.009986153543830832,-0.0015048350660644791,0.5229539892578126,,96.7,122.1,2026-08-27 19:39:21+00:00,False,True
GME,2026-09-11,GME260911P00017000,put,17.0,0.35,0.29,0.36,176,378,0.50586431640625,17.8700008392334,-0.283434647817431,0.1912584544193244,-0.020671036105918795,0.0118505635701137,-0.002068871297671134,0.5229539892578126,,96.7,122.1,2026-08-28 19:59:51+00:00,False,False
GME,2026-09-11,GME260911P00017500,put,17.5,0.51,0.4,0.57,148,471,0.51758294921875,17.8700008392334,-0.3912717337589606,0.21200486180009406,-0.02381412300898701,0.013440335148120774,-0.002885338619364143,0.5229539892578126,,96.7,122.1,2026-08-28 19:38:05+00:00,False,False
GME,2026-09-11,GME260911P00018000,put,18.0,0.79,0.71,0.88,246,1190,0.5019581054687501,17.8700008392334,-0.5020226674915755,0.22708834952073553,-0.02369789453335833,0.01396196813106064,-0.0037291260234193226,0.5229539892578126,,96.7,122.1,2026-08-28 19:58:44+00:00,False,False
GME,2026-09-11,GME260911P00020000,put,20.0,2.11,1.96,2.53,26,460,0.7656273437500001,17.8700008392334,-0.7464093603023099,0.11949016147802655,-0.028474772671207047,0.011205568648974866,-0.006063534119849301,0.5229539892578126,,96.7,122.1,2026-08-28 16:47:10+00:00,False,False
GME,2026-09-11,GME260911P00021500,put,21.5,3.7,2.42,3.95,25,124,0.93164130859375,17.8700008392334,-0.8190622976150024,0.08073995651077648,-0.028118698750617198,0.009213434758644919,-0.007103807650142787,0.5229539892578126,,96.7,122.1,2026-08-28 19:33:41+00:00,False,False
GME,2026-09-11,GME260911P00022000,put,22.0,4.05,3.75,4.45,12,180,1.001958115234375,17.8700008392334,-0.8293691747714289,0.07233543991388322,-0.0291366062000644,0.008877384103095324,-0.007365173081309625,0.5229539892578126,,96.7,122.1,2026-08-28 16:18:45+00:00,False,False
GME,2026-09-11,GME260911P00022500,put,22.5,4.8,3.35,5.75,17,340,1.767579287109375,17.8700008392334,-0.686837886316337,0.05728066801403405,-0.07583380468708063,0.012401416541115989,-0.006870216965096349,0.5229539892578126,,96.7,122.1,2026-08-26 16:49:58+00:00,False,False
GME,2026-09-18,GME260918C00015000,call,15.0,3.1,2.86,3.25,31,1731,0.6562534375000001,17.8700008392334,0.8867042108110111,0.06827367363593739,-0.014611250278286057,0.008231906693088405,0.007345080523616193,0.5346726220703125,,93.9,116.2,2026-08-28 19:02:17+00:00,False,False
GME,2026-09-18,GME260918C00016000,call,16.0,2.13,1.95,2.38,50,7466,0.5742230078125,17.8700008392334,0.8138761661620387,0.10885801923587646,-0.017394918488713492,0.011484619035555522,0.007111332790822823,0.5346726220703125,,93.9,116.2,2026-08-28 19:11:17+00:00,False,False
GME,2026-09-18,GME260918C00017500,call,17.5,1.14,0.89,1.4,67,58,0.5478560839843751,17.8700008392334,0.5974728194274986,0.1647889552914659,-0.022941509525617645,0.01658708863741249,0.005480965751648796,0.5346726220703125,,93.9,116.2,2026-08-28 18:56:59+00:00,False,False
GME,2026-09-18,GME260918C00018000,call,18.0,0.88,0.83,0.93,964,5188,0.5371140039062501,17.8700008392334,0.5121595702235004,0.17320244146640595,-0.0229911647947197,0.017092125039843517,0.004758694983656489,0.5346726220703125,,93.9,116.2,2026-08-28 19:56:02+00:00,False,False
GME,2026-09-18,GME260918C00018500,call,18.5,0.74,0.57,0.81,114,438,0.5468795312500001,17.8700008392334,0.42990727274147195,0.1675550533990668,-0.022879372607509867,0.016835451788282108,0.0040237251279644885,0.5346726220703125,,93.9,116.2,2026-08-28 18:20:34+00:00,False,False
GME,2026-09-18,GME260918C00019000,call,19.0,0.56,0.56,0.59,256,5056,0.579105771484375,17.8700008392334,0.36269850113578717,0.1511028764053372,-0.022977150272843538,0.01607704402328791,0.003400941322998819,0.5346726220703125,,93.9,116.2,2026-08-28 19:59:59+00:00,False,False
GME,2026-09-18,GME260918C00019500,call,19.5,0.47,0.34,0.63,14,261,0.6103554589843752,17.8700008392334,0.3073438210899201,0.13434244403917142,-0.022579960656176283,0.015065087355660162,0.0028852516799037315,0.5346726220703125,,93.9,116.2,2026-08-28 19:03:04+00:00,False,False
GME,2026-09-18,GME260918C00020000,call,20.0,0.38,0.37,0.4,2273,15060,0.6210975390625001,17.8700008392334,0.25396134709310125,0.12035862629199763,-0.020880666452817564,0.013734492193415573,0.0023942060857984593,0.5346726220703125,,93.9,116.2,2026-08-28 19:57:04+00:00,False,False
GME,2026-09-18,GME260918C00020500,call,20.5,0.34,0.29,0.41,12,76,0.6660189648437502,17.8700008392334,0.2231566091905115,0.1045660684369014,-0.020790040829154078,0.012795373020371063,0.0020985605442752644,0.5346726220703125,,93.9,116.2,2026-08-28 17:58:56+00:00,False,False
GME,2026-09-18,GME260918C00021000,call,21.0,0.31,0.27,0.3,645,5733,0.6796907031250001,17.8700008392334,0.18651320344465544,0.09208565945243706,-0.01902849068706537,0.011499498694728362,0.001758637351625139,0.5346726220703125,,93.9,116.2,2026-08-28 19:59:29+00:00,False,False
GME,2026-09-18,GME260918C00022000,call,22.0,0.21,0.2,0.22,970,9443,0.7246121289062499,17.8700008392334,0.13723973377099408,0.07069595157110287,-0.01654643929269484,0.00941186566199502,0.001295524886139903,0.5346726220703125,,93.9,116.2,2026-08-28 19:57:24+00:00,False,False
GME,2026-09-18,GME260918C00022500,call,22.5,0.19,0.16,0.22,23,98,0.7539087109375,17.8700008392334,0.12145962396342674,0.0624320293254412,-0.01579557026491013,0.008647723380091635,0.0011454552523328912,0.5346726220703125,,93.9,116.2,2026-08-28 19:58:45+00:00,False,False
GME,2026-09-18,GME260918C00023000,call,23.0,0.21,0.08,0.23,218,5393,0.7617211328125001,17.8700008392334,0.10130066286680445,0.05426038169414184,-0.014000132461510856,0.0075937173007123195,0.0009576068927809118,0.5346726220703125,,93.9,116.2,2026-08-28 19:46:17+00:00,False,True
GME,2026-09-18,GME260918C00024000,call,24.0,0.17,0.14,0.18,46,5422,0.85937640625,17.8700008392334,0.09446375115520772,0.04569315243816438,-0.01497265698201928,0.007214564558059601,0.0008848936988421882,0.5346726220703125,,93.9,116.2,2026-08-28 19:55:56+00:00,False,False
GME,2026-09-18,GME260918C00025000,call,25.0,0.13,0.13,0.16,1394,12106,0.92187578125,17.8700008392334,0.08153515735709993,0.038166763635748474,-0.014370319159445064,0.006464475846801384,0.0007609032532514621,0.5346726220703125,,93.9,116.2,2026-08-28 19:57:36+00:00,False,False
GME,2026-09-18,GME260918C00026000,call,26.0,0.13,0.1,0.18,138,3770,0.992187578125,17.8700008392334,0.07429809758888864,0.033046728496791467,-0.014395430518580027,0.006024178530634896,0.0006896571130035305,0.5346726220703125,,93.9,116.2,2026-08-28 19:21:10+00:00,False,False
GME,2026-09-18,GME260918C00027000,call,27.0,0.14,0.09,0.21,113,5052,1.08203583984375,17.8700008392334,0.07362455675885082,0.030092526054902834,-0.015573635862169146,0.005982405778138848,0.0006774960167646931,0.5346726220703125,,93.9,116.2,2026-08-28 19:46:17+00:00,False,True
GME,2026-09-18,GME260918C00028000,call,28.0,0.12,0.1,0.15,47,9615,1.109379453125,17.8700008392334,0.06132005948413448,0.025481227345612742,-0.013852968066502904,0.005193690153191853,0.000564734460825436,0.5346726220703125,,93.9,116.2,2026-08-28 19:43:41+00:00,False,False
GME,2026-09-18,GME260918C00029000,call,29.0,0.14,0.11,0.17,56,1601,1.19922275390625,17.8700008392334,0.06308518052954666,0.024099863353028033,-0.015298527083336953,0.005309944922385791,0.0005757460208752378,0.5346726220703125,,93.9,116.2,2026-08-28 17:42:11+00:00,False,False
GME,2026-09-18,GME260918C00030000,call,30.0,0.1,0.09,0.12,698,12226,1.1953165234375,17.8700008392334,0.0491086253707053,0.019842814433256317,-0.012509357908535294,0.004357744566326614,0.00045046236534639316,0.5346726220703125,,93.9,116.2,2026-08-28 19:59:03+00:00,False,False
GME,2026-09-18,GME260918C00031000,call,31.0,0.11,0.07,0.17,13,386,1.28515982421875,17.8700008392334,0.05223763370188009,0.019386290829397572,-0.01411970802900948,0.004577490379398755,0.00047470640832857194,0.5346726220703125,,93.9,116.2,2026-08-28 17:29:16+00:00,False,True
GME,2026-09-18,GME260918C00032000,call,32.0,0.09,0.05,0.13,33,4016,1.2734411328124997,17.8700008392334,0.04047167046602564,0.01593836528869418,-0.01139455895941053,0.003729050166343077,0.00036988894809852934,0.5346726220703125,,93.9,116.2,2026-08-28 19:58:42+00:00,False,True
GME,2026-09-18,GME260918C00033000,call,33.0,0.1,0.01,0.14,18,695,1.28515982421875,17.8700008392334,0.033898806523993456,0.013663407092011097,-0.009945780968642055,0.003226203251766293,0.00031041202895734237,0.5346726220703125,,93.9,116.2,2026-08-28 19:10:25+00:00,False,True
GME,2026-09-18,GME260918C00034000,call,34.0,0.18,0.01,0.18,11,1713,1.390628046875,17.8700008392334,0.03980145534591243,0.014398587023090468,-0.012266335096716409,0.003678802185678616,0.0003601524231115736,0.5346726220703125,,93.9,116.2,2026-08-28 14:07:21+00:00,False,True
GME,2026-09-18,GME260918C00035000,call,35.0,0.08,0.06,0.09,70,8987,1.3828155859374998,17.8700008392334,0.03200054621244871,0.012109473834944538,-0.010198570778912078,0.003076558058187204,0.00029087293240198187,0.5346726220703125,,93.9,116.2,2026-08-28 19:30:36+00:00,False,False
GME,2026-09-18,GME260918C00036000,call,36.0,0.08,0.04,0.12,47,1659,1.4453152734375,17.8700008392334,0.03298177950490454,0.011878112497518167,-0.01092519239170561,0.0031541736721848778,0.0002980542103310517,0.5346726220703125,,93.9,116.2,2026-08-28 19:44:04+00:00,False,True
GME,2026-09-18,GME260918C00037000,call,37.0,0.05,0.02,0.13,18,628,1.47265888671875,17.8700008392334,0.03035515474752206,0.010884880846679428,-0.010391785622869016,0.002945109305118735,0.0002740857106379893,0.5346726220703125,,93.9,116.2,2026-08-28 19:11:17+00:00,False,True
GME,2026-09-18,GME260918C00038000,call,38.0,0.06,0.02,0.09,66,4230,1.4453152734375,17.8700008392334,0.023041655668248114,0.00880905408841954,-0.00809959098754801,0.0023392004822610475,0.00020946030125906686,0.5346726220703125,,93.9,116.2,2026-08-28 19:13:10+00:00,False,True
GME,2026-09-18,GME260918C00039000,call,39.0,0.13,0.01,0.13,40,57,1.5390648046875,17.8700008392334,0.027322346498755746,0.009542527294503693,-0.009946410507193247,0.002698335168692807,0.0002457972363555645,0.5346726220703125,,93.9,116.2,2026-08-28 14:08:27+00:00,False,True
GME,2026-09-18,GME260918C00040000,call,40.0,0.07,0.04,0.09,456,1809,1.5625021874999998,17.8700008392334,0.025301066664865566,0.008814477240650402,-0.009467943243171193,0.002530420928380334,0.00022747926241849286,0.5346726220703125,,93.9,116.2,2026-08-28 19:53:23+00:00,False,True
GME,2026-09-18,GME260918P00010000,put,10.0,0.01,0.0,0.04,20,73,1.09375453125,17.8700008392334,-0.009262116345707061,0.005316547708136311,-0.0027573988595297567,0.0010683785418008846,-0.00010436350182487461,0.5346726220703125,,93.9,116.2,2026-08-26 18:30:05+00:00,True,False
GME,2026-09-18,GME260918P00014000,put,14.0,0.04,0.0,0.3,11,1188,0.78711150390625,17.8700008392334,-0.08040290753772772,0.04423207514118389,-0.011772656669902801,0.006396599364618785,-0.0009032114441167826,0.5346726220703125,,93.9,116.2,2026-08-28 16:45:15+00:00,True,False
GME,2026-09-18,GME260918P00015000,put,15.0,0.08,0.05,0.09,20,3877,0.500005,17.8700008392334,-0.06132877148629012,0.05654241003088963,-0.006025425768521388,0.00519426663130431,-0.0006648046420632886,0.5346726220703125,,93.9,116.2,2026-08-28 17:31:28+00:00,False,False
GME,2026-09-18,GME260918P00016000,put,16.0,0.17,0.13,0.21,34,1236,0.5019581054687501,17.8700008392334,-0.15813645928325826,0.11222107390246805,-0.011956066849977721,0.01034945469967797,-0.0017344459669436153,0.5346726220703125,,93.9,116.2,2026-08-28 19:59:59+00:00,False,False
GME,2026-09-18,GME260918P00016500,put,16.5,0.3,0.07,0.33,11,65,0.5019581054687501,17.8700008392334,-0.22766150493919413,0.14032145166250887,-0.014867650846172151,0.012940978524553653,-0.002514157077044288,0.5346726220703125,,93.9,116.2,2026-08-28 19:53:50+00:00,False,True
GME,2026-09-18,GME260918P00017000,put,17.0,0.44,0.4,0.46,171,3217,0.48242705078125,17.8700008392334,-0.303614931341631,0.16904959250601614,-0.016409326760763593,0.014983778900922467,-0.003366630252096351,0.5346726220703125,,93.9,116.2,2026-08-28 19:59:59+00:00,False,False
GME,2026-09-18,GME260918P00017500,put,17.5,0.64,0.5,0.8,162,314,0.5625043750000001,17.8700008392334,-0.403672819880051,0.16061422263131342,-0.021139642306612853,0.01659913590688696,-0.004584368000661096,0.5346726220703125,,93.9,116.2,2026-08-28 19:28:29+00:00,False,False
GME,2026-09-18,GME260918P00018000,put,18.0,0.88,0.88,1.0,616,11623,0.532231240234375,17.8700008392334,-0.4881980796791451,0.1747961336221085,-0.020334639002145646,0.01709258549249509,-0.005566595945815747,0.5346726220703125,,93.9,116.2,2026-08-28 19:33:08+00:00,False,False
GME,2026-09-18,GME260918P00018500,put,18.5,1.16,1.04,1.43,27,152,0.6103554589843752,17.8700008392334,-0.5571744590305184,0.1509206264967684,-0.02304265095199521,0.016924155565324034,-0.0065183733815832945,0.5346726220703125,,93.9,116.2,2026-08-28 19:15:22+00:00,False,False
GME,2026-09-18,GME260918P00019000,put,19.0,1.56,1.42,1.73,38,8459,0.5937540625000001,17.8700008392334,-0.6327400090549733,0.147993745733173,-0.02104594925673562,0.01614453469120688,-0.007465843722473105,0.5346726220703125,,93.9,116.2,2026-08-28 19:55:22+00:00,False,False
GME,2026-09-18,GME260918P00021000,put,21.0,3.35,3.05,3.5,26,7467,0.5468795312500001,17.8700008392334,-0.873456041960932,0.08857227068640058,-0.009010157970144985,0.008899488034945025,-0.010826814974548273,0.5346726220703125,,93.9,116.2,2026-08-28 19:58:52+00:00,False,False
GME,2026-09-18,GME260918P00022000,put,22.0,4.3,4.1,4.4,32,5509,0.6210975390625001,17.8700008392334,-0.9035135193200374,0.06421657878605005,-0.008052177165534458,0.007327950868142316,-0.0116945784104963,0.5346726220703125,,93.9,116.2,2026-08-28 19:12:21+00:00,False,False
GME,2026-09-18,GME260918P00023000,put,23.0,5.07,4.9,5.7,20,1914,0.7812521875,17.8700008392334,-0.8920854182346873,0.05538415902465204,-0.011887964170742997,0.007949730169672403,-0.012177991333792531,0.5346726220703125,,93.9,116.2,2026-08-28 19:19:25+00:00,False,False
GME,2026-09-18,GME260918P00024000,put,24.0,6.05,5.45,6.4,10,703,0.98632826171875,17.8700008392334,-0.8678255698133417,0.05061397948297757,-0.018550180148345276,0.009172073750329756,-0.012555998962139086,0.5346726220703125,,93.9,116.2,2026-08-28 16:29:54+00:00,False,False
GME,2026-09-18,GME260918P00025000,put,25.0,7.1,6.95,7.4,19,1596,0.7304714453125,17.8700008392334,-0.9650244808303965,0.024664415931803303,-0.002422310314072748,0.003310165098992395,-0.014006107521734147,0.5346726220703125,,93.9,116.2,2026-08-28 16:30:12+00:00,False,False
GME,2026-09-18,GME260918P00026000,put,26.0,8.09,7.7,8.35,20,651,1.1035201074218752,17.8700008392334,-0.8985647749909031,0.03749027100386376,-0.0166400690553648,0.007601064307033265,-0.013990982973647146,0.5346726220703125,,93.9,116.2,2026-08-25 16:01:41+00:00,False,False
GME,2026-09-18,GME260918P00028000,put,28.0,10.02,9.9,10.85,75,211,1.2871129394531249,17.8700008392334,-0.9016345164153717,0.031429289408209424,-0.01916201075996028,0.00743236097773553,-0.015182434659465617,0.5346726220703125,,93.9,116.2,2026-08-27 17:58:44+00:00,False,False
GME,2026-09-25,GME260925C00018000,call,18.0,1.0,0.8,1.22,128,205,0.53320779296875,17.8700008392334,0.5202306440023681,0.15097239046593008,-0.019909894566478126,0.01972006456112824,0.006346488553872989,0.5366257275390626,,98.3,113.6,2026-08-28 19:58:42+00:00,False,False
GME,2026-09-25,GME260925C00018500,call,18.5,0.85,0.49,0.97,55,160,0.6171913281250001,17.8700008392334,0.4622473545576477,0.13001177053355606,-0.022662268255425753,0.01965698022272142,0.005587524924501288,0.5366257275390626,,98.3,113.6,2026-08-28 19:08:27+00:00,False,False
GME,2026-09-25,GME260925C00019000,call,19.0,0.75,0.38,0.78,102,88,0.506840869140625,17.8700008392334,0.3672027647336543,0.1501366008316627,-0.017690231615573763,0.018641142168985433,0.004584370060187747,0.5366257275390626,,98.3,113.6,2026-08-28 19:38:47+00:00,False,True
GME,2026-09-25,GME260925C00020000,call,20.0,0.49,0.37,0.7,186,723,0.63086306640625,17.8700008392334,0.29627074338840226,0.11072059667161359,-0.019928334505896598,0.017111096194066814,0.0036510870874079094,0.5366257275390626,,98.3,113.6,2026-08-28 19:57:34+00:00,False,False
GME,2026-09-25,GME260925C00021000,call,21.0,0.36,0.29,0.47,56,836,0.65820654296875,17.8700008392334,0.21971956147805471,0.09082213476079005,-0.017698679809107498,0.014644286389520008,0.0027229557440991564,0.5366257275390626,,98.3,113.6,2026-08-28 19:45:13+00:00,False,False
GME,2026-09-25,GME260925C00022000,call,22.0,0.28,0.27,0.4,391,910,0.7324245507812499,17.8700008392334,0.1828377487508791,0.07309653903886006,-0.017555777955158346,0.01311517290769711,0.0022536102955019806,0.5366257275390626,,98.3,113.6,2026-08-28 18:17:50+00:00,False,False
GME,2026-09-25,GME260925C00023000,call,23.0,0.24,0.2,0.29,171,987,0.75195560546875,17.8700008392334,0.1380322722994845,0.05923049998124911,-0.014955805154954677,0.010910682360860815,0.001709021260363142,0.5366257275390626,,98.3,113.6,2026-08-28 19:52:37+00:00,False,False
GME,2026-09-25,GME260925C00024000,call,24.0,0.2,0.16,0.25,36,119,0.79687703125,17.8700008392334,0.11341967436242312,0.04873070751829119,-0.013787095636651892,0.009512799400844792,0.0014024221110308108,0.5366257275390626,,98.3,113.6,2026-08-28 19:54:35+00:00,False,False
GME,2026-09-25,GME260925C00025000,call,25.0,0.21,0.18,0.21,587,1335,0.86132951171875,17.8700008392334,0.10167947054424753,0.0416697385214731,-0.013746662853795524,0.00879233882020908,0.0012503029524899506,0.5366257275390626,,98.3,113.6,2026-08-28 19:12:46+00:00,False,False
GME,2026-09-25,GME260925C00026000,call,26.0,0.19,0.12,0.21,44,279,0.8964854101562498,17.8700008392334,0.08525488959250366,0.03514861574337172,-0.01254433990657288,0.007719083957548438,0.001047841999674726,0.5366257275390626,,98.3,113.6,2026-08-28 19:58:38+00:00,False,False
GME,2026-09-25,GME260925C00027000,call,27.0,0.14,0.07,0.26,21,158,0.960937890625,17.8700008392334,0.0802803859249614,0.03134068048704434,-0.012834861159488488,0.00737765008008799,0.0009805874358443573,0.5366257275390626,,98.3,113.6,2026-08-28 19:49:23+00:00,False,True
GME,2026-09-25,GME260925C00029000,call,29.0,0.2,0.06,0.28,26,57,1.08984830078125,17.8700008392334,0.07488352100672156,0.026211291459707565,-0.013780257649774624,0.006997916945139958,0.0009027639220468955,0.5366257275390626,,98.3,113.6,2026-08-28 17:06:16+00:00,False,True
GME,2026-09-25,GME260925C00030000,call,30.0,0.17,0.08,0.2,14,309,1.1015669921875002,17.8700008392334,0.06264785373843368,0.022598535314932135,-0.01213099647849119,0.006098254132593629,0.0007572256551890866,0.5366257275390626,,98.3,113.6,2026-08-28 18:13:52+00:00,False,True
GME,2026-09-25,GME260925C00031000,call,31.0,0.26,0.08,0.27,12,158,1.205082099609375,17.8700008392334,0.07050441123698402,0.02263583745280245,-0.014529972857168826,0.006682323779851724,0.0008403602912116951,0.5366257275390626,,98.3,113.6,2026-08-28 19:53:36+00:00,False,True
GME,2026-09-25,GME260925C00035000,call,35.0,0.12,0.12,0.16,68,2586,1.3398470507812497,17.8700008392334,0.05309401347702585,0.01631290370205767,-0.012922700348744924,0.005354276684797187,0.0006280037010484033,0.5366257275390626,,98.3,113.6,2026-08-28 19:59:27+00:00,False,False
GME,2026-09-25,GME260925P00010000,put,10.0,0.03,0.0,2.13,40,378,2.5195349511718748,17.8700008392334,-0.11774657527720966,0.015827983200987272,-0.04352683583654192,0.009769228789583894,-0.002388853128876562,0.5366257275390626,,98.3,113.6,2026-08-27 18:52:27+00:00,True,False
GME,2026-09-25,GME260925P00017000,put,17.0,0.5,0.2,0.75,71,129,0.57812921875,17.8700008392334,-0.3388105466952769,0.12787965433546197,-0.017771309530723395,0.018110927231892587,-0.005185228742070617,0.5366257275390626,,98.3,113.6,2026-08-27 17:31:56+00:00,False,True
GME,2026-09-25,GME260925P00017500,put,17.5,0.76,0.64,0.8,17,321,0.49023947265625,17.8700008392334,-0.40120529693076024,0.15934854513264418,-0.015667691916970976,0.019136860533888897,-0.006077369429261506,0.5366257275390626,,98.3,113.6,2026-08-28 18:43:31+00:00,False,False
GME,2026-09-25,GME260925P00018000,put,18.0,1.02,0.88,1.43,101,280,0.5400436621093752,17.8700008392334,-0.47927564771037534,0.14905189783171144,-0.017692453637245413,0.019718809730033492,-0.0074124418218783576,0.5366257275390626,,98.3,113.6,2026-08-28 18:47:22+00:00,False,False
GME,2026-09-25,GME260925P00019000,put,19.0,1.57,1.51,1.79,27,247,0.5488326367187502,17.8700008392334,-0.618722588021551,0.1403109449738051,-0.016737856394056325,0.01886452139426145,-0.009802654365782424,0.5366257275390626,,98.3,113.6,2026-08-25 18:05:52+00:00,False,False
GME,2026-09-25,GME260925P00022500,put,22.5,4.3,3.45,5.6,20,128,1.1875040625,17.8700008392334,-0.699990399410642,0.05915745653433062,-0.03402641634459863,0.017209129790533472,-0.0138111838537304,0.5366257275390626,,98.3,113.6,2026-08-19 15:52:00+00:00,False,False
GME,2026-10-02,GME261002C00017500,call,17.5,1.3,1.17,1.49,30,62,0.5127001855468749,17.8700008392334,0.5953638228880116,0.1365790487754312,-0.01697640456489751,0.021442325478633693,0.008899989439762777,0.5385788330078126,,87.4,117.3,2026-08-28 19:59:40+00:00,False,False
GME,2026-10-02,GME261002C00018000,call,18.0,1.11,1.04,1.29,126,361,0.5478560839843751,17.8700008392334,0.5280467513537836,0.13126725272318898,-0.018365109726365094,0.02202151586613768,0.007909553626335901,0.5385788330078126,,87.4,117.3,2026-08-28 19:54:22+00:00,False,False
GME,2026-10-02,GME261002C00018500,call,18.5,0.9,0.81,1.23,59,318,0.57617611328125,17.8700008392334,0.4688710023749334,0.12474348203146464,-0.01912143223571943,0.022008854428615453,0.00704026362551123,0.5385788330078126,,87.4,117.3,2026-08-28 19:52:46+00:00,False,False
GME,2026-10-02,GME261002C00019000,call,19.0,0.79,0.68,0.82,13,176,0.5351608984375,17.8700008392334,0.39812372194490836,0.13029752863208205,-0.017194019608956872,0.021352310603951187,0.006088919997427319,0.5385788330078126,,87.4,117.3,2026-08-28 19:42:35+00:00,False,False
GME,2026-10-02,GME261002C00020000,call,20.0,0.6,0.52,0.88,483,1900,0.649417568359375,17.8700008392334,0.3315729689321454,0.10096612728981147,-0.019342141011374655,0.02007816678220534,0.005003844591484863,0.5385788330078126,,87.4,117.3,2026-08-28 19:49:22+00:00,False,False
GME,2026-10-02,GME261002C00020500,call,20.5,0.63,0.18,0.87,10,132,0.6191444335937502,17.8700008392334,0.27583267538672634,0.09753522722150673,-0.01695847495283115,0.018491740852807588,0.0042187405050784065,0.5385788330078126,,87.4,117.3,2026-08-27 19:19:18+00:00,False,True
GME,2026-10-02,GME261002C00021000,call,21.0,0.5,0.4,0.5,16,193,0.631839619140625,17.8700008392334,0.24115972426889382,0.08914645098107145,-0.016096704806431075,0.01724786079598131,0.0036981156817840312,0.5385788330078126,,87.4,117.3,2026-08-28 16:09:25+00:00,False,False
GME,2026-10-02,GME261002C00021500,call,21.5,0.39,0.3,0.66,26,177,0.700198310546875,17.8700008392334,0.23503216065549082,0.07931658993802138,-0.01752057178283294,0.017006283653472513,0.0035662916514066527,0.5385788330078126,,87.4,117.3,2026-08-28 18:29:28+00:00,False,True
GME,2026-10-02,GME261002C00022000,call,22.0,0.36,0.21,0.41,30,75,0.64062859375,17.8700008392334,0.17755141828423354,0.07338388459593258,-0.013566655641480435,0.01439565209113488,0.0027439259377831844,0.5385788330078126,,87.4,117.3,2026-08-28 19:46:49+00:00,False,False
GME,2026-10-02,GME261002C00023000,call,23.0,0.29,0.0,0.7,16,251,0.7539087109375,17.8700008392334,0.1726481198919802,0.061259430363870174,-0.015606174386494859,0.014142169597148833,0.002624172197004213,0.5385788330078126,,87.4,117.3,2026-08-28 19:49:08+00:00,True,False
GME,2026-10-02,GME261002C00023500,call,23.5,0.21,0.14,0.38,25,87,0.725588681640625,17.8700008392334,0.1389067175092767,0.055139278333413665,-0.01300367607891936,0.01225112308109993,0.0021329701021121973,0.5385788330078126,,87.4,117.3,2026-08-28 19:57:54+00:00,False,True
GME,2026-10-02,GME261002C00025000,call,25.0,0.25,0.01,0.37,84,400,0.7695335546875001,17.8700008392334,0.10209401441070476,0.04184018651059425,-0.011062830726264933,0.00985928677516962,0.0015692950960571436,0.5385788330078126,,87.4,117.3,2026-08-28 19:03:58+00:00,False,True
GME,2026-10-02,GME261002C00030000,call,30.0,0.17,0.03,0.24,825,1263,0.9804689453125,17.8700008392334,0.06193139263439512,0.022506416360355365,-0.009598340209059775,0.006757164897146739,0.000936478063337319,0.5385788330078126,,87.4,117.3,2026-08-28 19:45:41+00:00,False,True
GME,2026-10-02,GME261002C00035000,call,35.0,0.14,0.13,0.15,51,535,1.203128984375,17.8700008392334,0.05422774934821524,0.016522951961974553,-0.010576987059412154,0.00608729228756081,0.0008009315406170066,0.5385788330078126,,87.4,117.3,2026-08-28 18:14:01+00:00,False,False
GME,2026-10-02,GME261002P00017000,put,17.0,0.61,0.51,0.65,15,50,0.47070841796875,17.8700008392334,-0.32700990681804376,0.13852483779721342,-0.012542949787391422,0.019966591886863158,-0.0061837802811904145,0.5385788330078126,,87.4,117.3,2026-08-28 19:57:59+00:00,False,False
GME,2026-10-02,GME261002P00018000,put,18.0,1.06,0.98,1.53,77,96,0.5293015820312501,17.8700008392334,-0.4732984374736009,0.13590032377201738,-0.015333608460856043,0.02202662759173888,-0.00925202908521345,0.5385788330078126,,87.4,117.3,2026-08-28 17:40:18+00:00,False,False
GME,2026-10-02,GME261002P00020000,put,20.0,2.52,2.27,3.15,49,402,0.5888712988281251,17.8700008392334,-0.6914875261101109,0.10803767866472207,-0.014336795994069694,0.019481390758810824,-0.014362746832703787,0.5385788330078126,,87.4,117.3,2026-08-26 18:10:29+00:00,False,False
GME,2026-10-16,GME261016C00003000,call,3.0,14.95,13.45,17.1,11,104,3.750000625,17.8700008392334,0.9767409389404969,0.0022402992098760756,-0.01407996594693491,0.003601552311789053,0.002925432078170651,0.4985401708984375,,87.6,117.5,2026-08-27 14:25:10+00:00,False,False
GME,2026-10-16,GME261016C00004000,call,4.0,14.0,13.6,14.15,356,219,1.5000025,17.8700008392334,0.9986959913756688,0.00043720771718161255,-0.0009708346957062025,0.0002811461646810751,0.00529698051905054,0.4985401708984375,,87.6,117.5,2026-08-28 19:47:35+00:00,False,False
GME,2026-10-16,GME261016C00005000,call,5.0,12.95,12.75,13.15,88,157,1.8671881640625,17.8700008392334,0.9865729534989041,0.0028157103638216823,-0.0049317204108550025,0.0022538677348815815,0.006246908447046555,0.4985401708984375,,87.6,117.5,2026-08-28 19:54:03+00:00,False,False
GME,2026-10-16,GME261016C00014000,call,14.0,4.41,3.8,4.5,255,229,0.63086306640625,17.8700008392334,0.8850287955563738,0.04698317462190576,-0.009768131977621948,0.012706613566889442,0.015566361396223763,0.4985401708984375,,87.6,117.5,2026-08-28 15:38:24+00:00,False,False
GME,2026-10-16,GME261016C00016000,call,16.0,2.54,2.19,2.63,14,506,0.5048877636718749,17.8700008392334,0.7661722465030381,0.09270254447541326,-0.011874037412710847,0.020064986019053144,0.015059907451894498,0.4985401708984375,,87.6,117.5,2026-08-28 18:10:28+00:00,False,False
GME,2026-10-16,GME261016C00017000,call,17.0,1.8,1.7,1.83,61,1495,0.52539537109375,17.8700008392334,0.6518754996766865,0.1074616850609103,-0.014314369728429562,0.024204284544516192,0.01311263273536169,0.4985401708984375,,87.6,117.5,2026-08-28 19:53:35+00:00,False,False
GME,2026-10-16,GME261016C00018000,call,18.0,1.27,1.25,1.35,1277,12736,0.51562984375,17.8700008392334,0.5365020714860971,0.11767192315537024,-0.014815664567585507,0.02601137189010534,0.01107111652815637,0.4985401708984375,,87.6,117.5,2026-08-28 19:59:22+00:00,False,False
GME,2026-10-16,GME261016C00019000,call,19.0,0.93,0.89,1.02,473,8823,0.534184345703125,17.8700008392334,0.4281366427763246,0.11220683730861482,-0.014919440450441942,0.025695841197495732,0.008947355240574374,0.4985401708984375,,87.6,117.5,2026-08-28 19:58:44+00:00,False,False
GME,2026-10-16,GME261016C00020000,call,20.0,0.69,0.67,0.7,1220,13748,0.5444381494140625,17.8700008392334,0.33318985807278784,0.10198235140904999,-0.013942418466062357,0.02380268404060642,0.007044808465857099,0.4985401708984375,,87.6,117.5,2026-08-28 19:59:49+00:00,False,False
GME,2026-10-16,GME261016C00021000,call,21.0,0.55,0.41,0.7,369,4030,0.585941640625,17.8700008392334,0.2698792599559462,0.08616578996890879,-0.013523622627455946,0.02164420297997852,0.005709103707976999,0.4985401708984375,,87.6,117.5,2026-08-28 19:49:49+00:00,False,False
GME,2026-10-16,GME261016C00022000,call,22.0,0.44,0.41,0.44,1134,13393,0.6064492480468751,17.8700008392334,0.213476587207655,0.07328218811878423,-0.012252999237457608,0.019052205254707754,0.004537437023562138,0.4985401708984375,,87.6,117.5,2026-08-28 19:59:25+00:00,False,False
GME,2026-10-16,GME261016C00023000,call,23.0,0.36,0.36,0.38,3370,8514,0.6513706738281251,17.8700008392334,0.18141290792912595,0.06182847441657949,-0.011867783823013053,0.017265099826876962,0.003844484386101001,0.4985401708984375,,87.6,117.5,2026-08-28 19:58:56+00:00,False,False
GME,2026-10-16,GME261016C00024000,call,24.0,0.33,0.28,0.38,418,4803,0.694338994140625,17.8700008392334,0.15727626839705267,0.05292073507787721,-0.011499819000069782,0.015752510773617005,0.0033224013432579537,0.4985401708984375,,87.6,117.5,2026-08-28 18:55:12+00:00,False,False
GME,2026-10-16,GME261016C00025000,call,25.0,0.29,0.29,0.31,1470,23486,0.73633076171875,17.8700008392334,0.13902179287291738,0.04594724406330483,-0.011196246112025002,0.014503899209213078,0.002926540371726605,0.4985401708984375,,87.6,117.5,2026-08-28 19:59:45+00:00,False,False
GME,2026-10-16,GME261016C00026000,call,26.0,0.26,0.27,0.35,221,4479,0.8007832421875,17.8700008392334,0.1338384014162588,0.04116506693573498,-0.01183215534368026,0.014131757080881163,0.0027903798377247675,0.4985401708984375,,87.6,117.5,2026-08-28 19:01:36+00:00,False,False
GME,2026-10-16,GME261016C00027000,call,27.0,0.24,0.21,0.32,34,3797,0.8203142968749999,17.8700008392334,0.11496615572229674,0.036131302373888674,-0.01088072947225183,0.012706216716268783,0.0024002365125939573,0.4985401708984375,,87.6,117.5,2026-08-28 19:46:08+00:00,False,False
GME,2026-10-16,GME261016C00028000,call,28.0,0.24,0.21,0.25,89,2116,0.840821904296875,17.8700008392334,0.0999426797704055,0.031864781893083303,-0.010067805464542699,0.011485960768102304,0.0020880194953686905,0.4985401708984375,,87.6,117.5,2026-08-28 19:06:10+00:00,False,False
GME,2026-10-16,GME261016C00029000,call,29.0,0.19,0.19,0.24,115,1318,0.8730481445312499,17.8700008392334,0.09131968417466774,0.028716984680800313,-0.009769247259969208,0.010748042908391224,0.0019030339625660541,0.4985401708984375,,87.6,117.5,2026-08-28 19:55:15+00:00,False,False
GME,2026-10-16,GME261016C00030000,call,30.0,0.31,0.2,0.3,470,18002,0.9492192578125,17.8700008392334,0.09741569479973089,0.02770179132420184,-0.011122982921281855,0.011272669011916757,0.0020028874979862482,0.4985401708984375,,87.6,117.5,2026-08-28 19:59:52+00:00,False,False
GME,2026-10-16,GME261016C00031000,call,31.0,0.19,0.17,0.34,46,918,0.9960937890625,17.8700008392334,0.09535458227792432,0.025986584897838207,-0.011477896773521044,0.011096903329827561,0.0019478235338241212,0.4985401708984375,,87.6,117.5,2026-08-28 19:40:22+00:00,False,False
GME,2026-10-16,GME261016C00032000,call,32.0,0.21,0.2,0.21,524,28850,0.9882813671875,17.8700008392334,0.07936139928338154,0.022836121762142805,-0.009923361821363545,0.009675096797234575,0.001631766944938858,0.4985401708984375,,87.6,117.5,2026-08-28 19:59:54+00:00,False,False
GME,2026-10-16,GME261016C00033000,call,33.0,0.21,0.0,0.32,92,945,0.976562734375,17.8700008392334,0.06468232686236931,0.019754712762882633,-0.008377997670785783,0.00827033741414514,0.0013393439800862192,0.4985401708984375,,87.6,117.5,2026-08-28 19:32:40+00:00,True,False
GME,2026-10-16,GME261016C00034000,call,34.0,0.22,0.1,0.25,68,767,1.0312548437500002,17.8700008392334,0.06736860722600028,0.019306215107554637,-0.009122729696032303,0.008535235403308047,0.001382722499037443,0.4985401708984375,,87.6,117.5,2026-08-28 19:26:34+00:00,False,True
GME,2026-10-16,GME261016C00035000,call,35.0,0.18,0.07,0.21,40,3701,1.01953615234375,17.8700008392334,0.05537976859162035,0.016755204549887947,-0.00773545507882327,0.0073232645949862455,0.0011441296947931718,0.4985401708984375,,87.6,117.5,2026-08-28 19:26:34+00:00,False,True
GME,2026-10-16,GME261016C00036000,call,36.0,0.1,0.11,0.18,100,538,1.05859845703125,17.8700008392334,0.055409495603887755,0.016143776445327045,-0.008030143601420946,0.007326368399469104,0.0011385844607202217,0.4985401708984375,,87.6,117.5,2026-08-28 19:54:53+00:00,False,False
GME,2026-10-16,GME261016C00037000,call,37.0,0.16,0.1,0.24,59,857,1.123051259765625,17.8700008392334,0.060972597567893305,0.016405286435385857,-0.009177666164185335,0.007898338788441806,0.001238735144863565,0.4985401708984375,,87.6,117.5,2026-08-28 19:39:19+00:00,False,True
GME,2026-10-16,GME261016C00038000,call,38.0,0.17,0.07,0.17,134,1056,1.0859420703125,17.8700008392334,0.04644295091310817,0.013673602190594436,-0.007151221151551848,0.0063656383352674725,0.0009548225585983397,0.4985401708984375,,87.6,117.5,2026-08-28 19:40:22+00:00,False,True
GME,2026-10-16,GME261016C00039000,call,39.0,0.33,0.05,0.33,111,173,1.2089883300781248,17.8700008392334,0.06360514854271127,0.01574994767240198,-0.010200612096500153,0.008163071216479209,0.0012754201625014415,0.4985401708984375,,87.6,117.5,2026-08-28 19:58:17+00:00,False,True
GME,2026-10-16,GME261016C00040000,call,40.0,0.15,0.09,0.16,63,4498,1.1484417578125,17.8700008392334,0.04565363628655168,0.012752650934908695,-0.007452765885968215,0.006278585445653656,0.0009312086246638638,0.4985401708984375,,87.6,117.5,2026-08-28 19:20:34+00:00,False,False
GME,2026-10-16,GME261016C00050000,call,50.0,0.12,0.09,0.12,802,25167,1.3476595117187498,17.8700008392334,0.03413306394019866,0.008578416671552262,-0.0068851822405839955,0.004956095647940233,0.0006834915483776042,0.4985401708984375,,87.6,117.5,2026-08-28 19:56:16+00:00,False,False
GME,2026-10-16,GME261016P00010000,put,10.0,0.01,0.0,0.15,10,238,0.9062509375,17.8700008392334,-0.026519800103699254,0.010348437157133758,-0.0036437213462762043,0.004020458623121451,-0.0007269747703309448,0.4985401708984375,,87.6,117.5,2026-08-12 19:58:41+00:00,True,False
GME,2026-10-16,GME261016P00014000,put,14.0,0.12,0.01,0.33,20,248,0.5410202148437502,17.8700008392334,-0.08625004916188173,0.044411128150903555,-0.005454455047435427,0.010300484652193903,-0.0022740447303798038,0.4985401708984375,,87.6,117.5,2026-08-28 15:20:41+00:00,False,True
GME,2026-10-16,GME261016P00015000,put,15.0,0.22,0.07,0.26,124,774,0.4882863671875,17.8700008392334,-0.13446169067992475,0.06772598493230986,-0.006702294688136541,0.014176933104844906,-0.0035415436925111637,0.4985401708984375,,87.6,117.5,2026-08-28 18:54:27+00:00,False,True
GME,2026-10-16,GME261016P00016000,put,16.0,0.4,0.19,0.4,136,855,0.436529072265625,17.8700008392334,-0.2081012947199924,0.10029599508601258,-0.007801381440878576,0.018769345355821598,-0.00548011103148915,0.4985401708984375,,87.6,117.5,2026-08-28 19:45:34+00:00,False,True
GME,2026-10-16,GME261016P00017000,put,17.0,0.72,0.68,0.8,1782,356,0.460942890625,17.8700008392334,-0.33734873977433555,0.12104167076003533,-0.01032254276675278,0.023918524882717333,-0.009089820875079934,0.4985401708984375,,87.6,117.5,2026-08-28 19:45:34+00:00,False,False
GME,2026-10-16,GME261016P00018000,put,18.0,1.24,1.13,1.34,139,4235,0.481450498046875,17.8700008392334,-0.46606624798392127,0.12609775807828386,-0.011472408766348753,0.02602623620067395,-0.012873837900783051,0.4985401708984375,,87.6,117.5,2026-08-28 19:41:19+00:00,False,False
GME,2026-10-16,GME261016P00019000,put,19.0,1.9,1.72,2.12,54,2907,0.5478560839843751,17.8700008392334,-0.5681450284394813,0.10958955643725862,-0.012720881183651198,0.025738783650095066,-0.01634685657083972,0.4985401708984375,,87.6,117.5,2026-08-28 19:48:20+00:00,False,False
GME,2026-10-16,GME261016P00020000,put,20.0,2.55,2.49,2.8,15,7979,0.5380905566406251,17.8700008392334,-0.6695051399756237,0.10285276720778437,-0.011020187320812376,0.023725955549224277,-0.01966929053916691,0.4985401708984375,,87.6,117.5,2026-08-27 19:56:12+00:00,False,False
GME,2026-10-16,GME261016P00021000,put,21.0,3.5,2.96,3.7,45,3779,0.5927775097656252,17.8700008392334,-0.7269508027333105,0.0856690296668722,-0.010899238097850457,0.021770476122891968,-0.02223795286646454,0.4985401708984375,,87.6,117.5,2026-08-28 18:14:23+00:00,False,False
GME,2026-10-16,GME261016P00022000,put,22.0,4.33,4.15,4.55,12,2113,0.6044961425781252,17.8700008392334,-0.787477611322936,0.07332704330808484,-0.009188986704365331,0.019002470587190422,-0.024817131991328675,0.4985401708984375,,87.6,117.5,2026-08-28 19:12:21+00:00,False,False
GME,2026-10-16,GME261016P00028000,put,28.0,10.12,8.9,10.65,75,146,1.0459032080078128,17.8700008392334,-0.8321641428063603,0.036649684796650456,-0.01406770325691062,0.016432895758206417,-0.03400869198593661,0.4985401708984375,,87.6,117.5,2026-08-27 17:58:44+00:00,False,False
GME,2026-10-16,GME261016P00030000,put,30.0,12.05,11.5,12.45,10,319,1.0078174609375,17.8700008392334,-0.8849679645392978,0.02942110339333029,-0.009227980801858986,0.012711394463394714,-0.03767344107251652,0.4985401708984375,,87.6,117.5,2026-08-11 14:03:35+00:00,False,False
GME,2026-10-16,GME261016P00032000,put,32.0,14.25,13.45,14.85,41,282,0.6796907031250001,17.8700008392334,-0.9856650291730781,0.008184053148221935,0.0026680656869215334,0.002384691106759602,-0.042355567482724725,0.4985401708984375,,87.6,117.5,2026-08-27 14:01:49+00:00,False,False
GTX,2026-09-18,GTX260918C00005000,call,5.0,21.87,20.6,23.8,66,108,5.12500359375,26.65999984741211,0.9760649059299603,0.0017193390885058926,-0.04449709837236965,0.0036033166340161253,0.00221770617643454,0.6169471899414063,,146.3,156.6,2026-08-28 19:49:13+00:00,False,False
GTX,2026-09-18,GTX260918C00029000,call,29.0,0.39,0.0,1.1,10,134,0.523442265625,26.65999984741211,0.2794786932929998,0.10047531812245437,-0.027749883746036,0.021506755232185103,0.003974064883578239,0.6169471899414063,,146.3,156.6,2026-08-28 15:59:13+00:00,True,False
GTX,2026-10-16,GTX261016P00034000,put,34.0,3.95,8.2,8.5,23,68,0.7954122021484374,26.65999984741211,-0.747206292579234,0.04114043375824306,-0.02149918402394952,0.03122371801488979,-0.037665259620148,1.2968770129394531,,43.2,96.2,2026-07-01 19:32:54+00:00,False,False
GXO,2026-09-18,GXO260918C00042500,call,42.5,5.0,4.5,6.1,10,1200,0.6479527392578125,47.59999847412109,0.7954267683450639,0.03835823423579078,-0.054330164684072965,0.03239979370164184,0.018251340869437943,0.3758607336425781,,99.3,114.2,2026-08-25 13:35:11+00:00,False,False
GXO,2026-09-18,GXO260918P00042500,put,42.5,0.13,0.05,0.25,13,281,0.39063109375,47.59999847412109,-0.09903640615288412,0.03907173555220122,-0.017829412841454624,0.01989618545324203,-0.002837152916418313,0.3758607336425781,,99.3,114.2,2026-08-28 14:28:30+00:00,False,True
GXO,2026-09-18,GXO260918P00045000,put,45.0,0.65,0.4,0.7,20,167,0.37305314453125,47.59999847412109,-0.24052378339846303,0.07307323220495211,-0.029909023780235768,0.03553606459384753,-0.006950506533014164,0.3758607336425781,,99.3,114.2,2026-08-28 15:59:47+00:00,False,False
GXO,2026-09-18,GXO260918P00047500,put,47.5,1.26,1.3,1.7,29,80,0.375982802734375,47.59999847412109,-0.46004934359449345,0.09246704952636474,-0.03735296644282226,0.04532056224469045,-0.013515061082710672,0.3758607336425781,,99.3,114.2,2026-08-27 19:45:10+00:00,False,False
GXO,2026-10-16,GXO261016C00045000,call,45.0,4.6,3.6,4.5,3001,3048,0.4428766650390625,47.59999847412109,0.6803421715548414,0.04627803083505439,-0.03197135837606712,0.062341143254622124,0.03722493589216275,0.3848938464355468,,104.9,107.2,2026-08-27 16:39:48+00:00,False,False
GXO,2026-10-16,GXO261016C00055000,call,55.0,0.62,0.2,0.7,3005,6099,0.4086973193359374,47.59999847412109,0.19897814746547476,0.039156112199745026,-0.021496299925204222,0.048676399477889924,0.011724599451613036,0.3848938464355468,,104.9,107.2,2026-08-27 19:57:09+00:00,False,True
GXO,2026-10-16,GXO261016C00060000,call,60.0,1.95,0.0,0.4,21,132,0.471684970703125,47.59999847412109,0.11231054331566098,0.0232003127986831,-0.016696130370903933,0.033286104479574787,0.006616525472164598,0.3848938464355468,,104.9,107.2,2026-07-23 15:33:55+00:00,True,False
GXO,2026-10-16,GXO261016P00037500,put,37.5,0.5,0.0,0.4,20,157,0.5131884619140624,47.59999847412109,-0.08104446003038945,0.016773835278334235,-0.013133994549324832,0.026183418696378986,-0.00565713710108304,0.3848938464355468,,104.9,107.2,2026-08-05 15:18:58+00:00,True,False
GXO,2026-10-16,GXO261016P00042500,put,42.5,0.65,0.45,0.85,51,305,0.40039662109375,47.59999847412109,-0.18630238161496138,0.03839175026994217,-0.017783882819357374,0.04675686763791224,-0.012930866521775459,0.3848938464355468,,104.9,107.2,2026-08-28 17:49:25+00:00,False,False
GXO,2026-10-16,GXO261016P00045000,put,45.0,1.45,0.9,1.65,102,166,0.4038145556640625,47.59999847412109,-0.3088947055709337,0.050015285746967085,-0.02309244766660521,0.061433013113166436,-0.02176946180124728,0.3848938464355468,,104.9,107.2,2026-08-28 16:37:18+00:00,False,False
GXO,2026-10-16,GXO261016P00047500,put,47.5,2.55,2.1,2.45,10,106,0.3564517480468749,47.59999847412109,-0.44717625909083525,0.06360939525406223,-0.021858983999628448,0.06896664645873529,-0.03161477367511131,0.3848938464355468,,104.9,107.2,2026-08-28 16:34:11+00:00,False,False
GXO,2026-10-16,GXO261016P00050000,put,50.0,4.2,3.5,4.2,50,98,0.3945373046875,47.59999847412109,-0.5876757407798459,0.056572186448283386,-0.02295819112047983,0.06789036296058412,-0.04286253518654713,0.3848938464355468,,104.9,107.2,2026-08-11 14:43:30+00:00,False,False
HBAN,2026-09-18,HBAN260918C00017000,call,17.0,0.3,0.25,0.45,52,762,0.2949289257812499,16.920000076293945,0.5037330844257525,0.3332806553867878,-0.012473220505216938,0.01619028997517495,0.004637677817258265,0.31592480957031244,,93.4,82.8,2026-08-28 17:53:47+00:00,False,False
HBAN,2026-09-18,HBAN260918P00015000,put,15.0,0.06,0.0,0.1,64,115,0.42188078125,16.920000076293945,-0.10217068942563723,0.10411593896388258,-0.007018617805012191,0.0072349263310269585,-0.0010445689471472914,0.31592480957031244,,93.4,82.8,2026-08-21 18:16:17+00:00,True,False
HBAN,2026-09-18,HBAN260918P00016000,put,16.0,0.12,0.05,0.15,29,334,0.2949289257812499,16.920000076293945,-0.19315373386357593,0.22900918782202084,-0.007346255552549346,0.011124933589424301,-0.0019563738084592895,0.31592480957031244,,93.4,82.8,2026-08-28 18:14:45+00:00,False,True
HBAN,2026-09-18,HBAN260918P00017000,put,17.0,0.52,0.4,0.6,26,1921,0.336920693359375,16.920000076293945,-0.4929646528107402,0.2917099655205531,-0.01176674490893969,0.016188481127394867,-0.005122014241223658,0.31592480957031244,,93.4,82.8,2026-08-28 17:07:31+00:00,False,False
HBAN,2026-10-16,HBAN261016C00016000,call,16.0,1.33,0.9,1.45,24,67,0.3779359082031249,16.920000076293945,0.6989734259541546,0.14862619295344282,-0.009738719891015686,0.021588250421821473,0.013849704635077788,0.26929441650390623,,109.9,93.9,2026-08-24 15:51:17+00:00,False,False
HBAN,2026-10-16,HBAN261016C00018000,call,18.0,0.17,0.15,0.25,29,1627,0.252937158203125,16.920000076293945,0.29153996605376375,0.218838102702825,-0.006128900084530082,0.021273527675531447,0.006254564476350234,0.26929441650390623,,109.9,93.9,2026-08-28 17:23:16+00:00,False,False
HBAN,2026-10-16,HBAN261016C00019000,call,19.0,0.06,0.05,0.1,50,17780,0.26367923828125,16.920000076293945,0.13955707014560909,0.13586771800296063,-0.0040128485136168,0.013768801962417771,0.0030204432984876615,0.26929441650390623,,109.9,93.9,2026-08-28 15:53:35+00:00,False,False
HBAN,2026-10-16,HBAN261016C00020000,call,20.0,0.07,0.0,0.1,10,510,0.34180345703125,16.920000076293945,0.11139283479995715,0.0895421819578726,-0.004345916368782174,0.011762728169857248,0.0023845688883045377,0.26929441650390623,,109.9,93.9,2026-08-28 13:32:29+00:00,True,False
HBAN,2026-10-16,HBAN261016P00009000,put,9.0,0.06,0.0,0.2,112,1761,1.0429735351562504,16.920000076293945,-0.0314027837646651,0.010929124667433341,-0.004577111054988328,0.004380892590882928,-0.0008358619876443097,0.26929441650390623,,109.9,93.9,2026-05-08 19:42:53+00:00,True,False
HBAN,2026-10-16,HBAN261016P00012000,put,12.0,0.08,0.0,0.3,10,1311,0.6914093359375001,16.920000076293945,-0.06559143330576522,0.029789525997038335,-0.005414165672328674,0.007915945020837882,-0.0016727593129318155,0.26929441650390623,,109.9,93.9,2026-08-03 14:16:42+00:00,True,False
HBAN,2026-10-16,HBAN261016P00015000,put,15.0,0.15,0.05,0.35,31,883,0.442388388671875,16.920000076293945,-0.19337135956364682,0.10001764650490975,-0.007184813167900777,0.01700529958967113,-0.004818301798143489,0.26929441650390623,,109.9,93.9,2026-08-25 18:32:42+00:00,False,True
HBAN,2026-10-16,HBAN261016P00016000,put,16.0,0.3,0.2,0.35,64,13061,0.295905478515625,16.920000076293945,-0.26376396117195544,0.17812730732674809,-0.005462741269849019,0.020257574546123508,-0.006408408451845827,0.26929441650390623,,109.9,93.9,2026-08-28 16:34:38+00:00,False,False
HBAN,2026-10-16,HBAN261016P00017000,put,17.0,0.72,0.4,0.75,32,253,0.2832102929687499,16.920000076293945,-0.4716540388685443,0.2266475076597623,-0.005942576461160936,0.02466970281902284,-0.01162988830889738,0.26929441650390623,,109.9,93.9,2026-08-28 17:10:57+00:00,False,False
HDB,2026-09-18,HDB260918C00025000,call,25.0,0.07,0.05,0.15,48,357,0.3183661914062499,23.07999992370605,0.16588102164763618,0.14132849348211235,-0.010956700316071034,0.013789696503977903,0.002116409761303098,0.48096222167968755,,75.1,66.2,2026-08-28 18:58:31+00:00,False,True
HDB,2026-09-18,HDB260918P00022500,put,22.5,0.5,0.0,0.55,259,453,0.36133451171875,23.07999992370605,-0.35562433154787076,0.18622812776194847,-0.016548758072570016,0.020623043475108137,-0.005013389537533442,0.48096222167968755,,75.1,66.2,2026-08-27 18:49:55+00:00,True,False
HDB,2026-10-16,HDB261016C00022500,call,22.5,1.18,0.85,1.65,31,167,0.398443515625,23.07999992370605,0.6153571476538893,0.11341607997543789,-0.014848910267116175,0.03231589717994025,0.016758723788224305,0.34229173339843744,,83.6,96.1,2026-08-28 14:28:48+00:00,False,False
HDB,2026-10-16,HDB261016C00025000,call,25.0,0.33,0.25,0.45,543,5359,0.3291082714843749,23.07999992370605,0.2922827366161578,0.1234457093865662,-0.010614900473509126,0.029052908675742596,0.008410499081718988,0.34229173339843744,,83.6,96.1,2026-08-28 18:27:09+00:00,False,False
HDB,2026-10-16,HDB261016C00027500,call,27.5,0.2,0.05,0.25,160,7046,0.4179745703124999,23.07999992370605,0.15297836685743538,0.06683312043854374,-0.008967621491212609,0.01997636296652604,0.004386573340480978,0.34229173339843744,,83.6,96.1,2026-08-28 17:48:53+00:00,False,True
HDB,2026-10-16,HDB261016P00020000,put,20.0,0.1,0.0,0.25,200,1139,0.383795224609375,23.07999992370605,-0.12784759847515814,0.06442985312282923,-0.006490842013332111,0.017683227312266684,-0.00425713025064558,0.34229173339843744,,83.6,96.1,2026-08-28 15:32:04+00:00,True,False
HDB,2026-10-16,HDB261016P00022500,put,22.5,0.55,0.2,0.7,35,1489,0.2861399511718749,23.07999992370605,-0.3597211233283887,0.15457033141262227,-0.008011466478502169,0.03162856283057402,-0.01198958275044905,0.34229173339843744,,83.6,96.1,2026-08-28 17:12:39+00:00,False,True
HDB,2026-10-16,HDB261016P00025000,put,25.0,2.15,1.95,2.5,30,2534,0.3740296972656249,23.07999992370605,-0.679247213507668,0.11317323085286343,-0.009081466926317332,0.03027085039152906,-0.024223594201256537,0.34229173339843744,,83.6,96.1,2026-08-28 19:32:08+00:00,False,False
HII,2026-09-18,HII260918C00340000,call,340.0,0.42,0.0,0.7,10,83,0.3723207299804688,294.2099914550781,0.061431328853377015,0.0046181226765691025,-0.07829219960417957,0.08562960642983806,0.010010462598578691,0.34287156158447263,,88.0,85.9,2026-08-28 13:37:09+00:00,True,False
HON,2026-08-28,HON260828C00217500,call,217.5,0.4,0.0,2.55,237,53,0.569340244140625,217.42999267578125,,,,,,0.5505416040039063,,,,2026-08-28 19:46:20+00:00,True,False
HON,2026-08-28,HON260828C00220000,call,220.0,0.05,0.0,0.05,157,141,0.149422568359375,217.42999267578125,,,,,,0.5505416040039063,,,,2026-08-28 19:24:41+00:00,True,False
HON,2026-08-28,HON260828C00227500,call,227.5,0.13,0.0,0.1,17,186,0.5019581054687501,217.42999267578125,,,,,,0.5505416040039063,,,,2026-08-28 16:45:36+00:00,True,False
HON,2026-08-28,HON260828C00230000,call,230.0,0.03,0.0,2.15,10,56,1.0835006762695314,217.42999267578125,,,,,,0.5505416040039063,,,,2026-08-28 15:41:18+00:00,True,False
HON,2026-08-28,HON260828C00250000,call,250.0,0.05,0.0,2.15,13,91,2.020512761230469,217.42999267578125,,,,,,0.5505416040039063,,,,2026-08-27 17:48:44+00:00,True,False
HON,2026-08-28,HON260828P00212500,put,212.5,0.1,0.0,0.65,50,77,0.5195360546875,217.42999267578125,,,,,,0.5505416040039063,,,,2026-08-28 19:40:17+00:00,True,False
HON,2026-08-28,HON260828P00215000,put,215.0,0.05,0.0,0.25,78,189,0.231452998046875,217.42999267578125,,,,,,0.5505416040039063,,,,2026-08-28 19:59:51+00:00,True,False
HON,2026-08-28,HON260828P00217500,put,217.5,0.92,0.0,2.45,53,68,0.5317429638671876,217.42999267578125,,,,,,0.5505416040039063,,,,2026-08-28 19:59:45+00:00,True,False
HON,2026-08-28,HON260828P00220000,put,220.0,4.0,0.6,4.5,31,65,0.6665072412109377,217.42999267578125,,,,,,0.5505416040039063,,,,2026-08-28 18:22:51+00:00,False,True
HON,2026-09-04,HON260904P00207500,put,207.5,0.35,0.2,0.4,74,51,0.2524488818359375,217.42999267578125,-0.08348422248536913,0.020196377672852924,-0.0808290565750938,0.04622650004402207,-0.003537603267891552,0.3387517297363281,,72.4,130.2,2026-08-28 19:54:50+00:00,False,False
HON,2026-09-11,HON260911C00235000,call,235.0,0.65,0.0,0.65,10,112,0.2993234130859374,217.42999267578125,0.10319241606530377,0.014087493192082341,-0.0847291242141091,0.0764624978949799,0.008371389369488575,0.3526065716552733,,107.6,128.4,2026-08-27 19:00:31+00:00,True,False
HON,2026-09-11,HON260911P00215000,put,215.0,3.66,2.25,3.5,11,76,0.2639233764648437,217.42999267578125,-0.38959229449514143,0.03412906304339494,-0.14191673729780327,0.16333388717544023,-0.033709445510850936,0.3526065716552733,,107.6,128.4,2026-08-28 19:32:54+00:00,False,False
HON,2026-09-11,HON260911P00220000,put,220.0,5.63,3.6,7.5,11,88,0.3466862207031249,217.42999267578125,-0.544140109447816,0.02685760370642259,-0.1918795936935641,0.16884099999693414,-0.04808561954475474,0.3526065716552733,,107.6,128.4,2026-08-28 16:32:18+00:00,False,True
HON,2026-09-18,HON260918C00145000,call,145.0,80.67,86.3,89.8,20,50,2.4545937072753907,217.42999267578125,0.8382746227902811,0.0019139995320515048,-0.7597932238575816,0.12778703000721733,0.05447914293057002,0.2833323620605468,,108.1,138.2,2026-06-23 15:10:50+00:00,False,False
HON,2026-09-18,HON260918C00230000,call,230.0,1.75,1.45,1.75,107,1569,0.2773509765624999,217.42999267578125,0.2211513701072665,0.020531253369013753,-0.10862315462070218,0.154885404614065,0.026641067157060508,0.2833323620605468,,108.1,138.2,2026-08-28 19:58:27+00:00,False,False
HON,2026-09-18,HON260918C00350000,call,350.0,0.1,0.05,0.9,10,55,0.946289599609375,217.42999267578125,0.02435127376651757,0.001158407011690246,-0.06784553937766705,0.029816082212545388,0.002804780397903812,0.2833323620605468,,108.1,138.2,2026-06-26 18:31:03+00:00,False,True
HON,2026-09-18,HON260918P00210000,put,210.0,2.7,1.75,3.3,51,565,0.30274134765625,217.42999267578125,-0.28953890684576444,0.021663738352667255,-0.11955412364461616,0.1783899872139092,-0.0379329320678128,0.2833323620605468,,108.1,138.2,2026-08-28 18:37:22+00:00,False,False
HON,2026-09-18,HON260918P00212500,put,212.5,3.7,2.35,3.6,23,135,0.2722851092529296,217.42999267578125,-0.33437425845954605,0.025636012201021904,-0.1126826980295649,0.18986271792618187,-0.0437005772117131,0.2833323620605468,,108.1,138.2,2026-08-28 19:16:08+00:00,False,False
HON,2026-09-25,HON260925C00235000,call,235.0,1.2,0.25,2.75,22,70,0.3506534661865234,217.42999267578125,0.2382100268659445,0.01466142118821435,-0.1234565221733261,0.18644823468266764,0.037569326612268396,0.34125414611816396,,103.6,102.8,2026-08-28 18:33:09+00:00,False,True
HON,2026-09-25,HON260925P00210000,put,210.0,3.6,2.0,4.2,123,96,0.3048775567626953,217.42999267578125,-0.30874905709646516,0.019181215652483,-0.10574586334439773,0.2120828997968044,-0.05441632848334522,0.34125414611816396,,103.6,102.8,2026-08-28 18:14:47+00:00,False,True
HON,2026-10-16,HON261016C00220000,call,220.0,8.1,7.5,9.5,21,512,0.3326482751464844,217.42999267578125,0.5078199297436681,0.015051170894418939,-0.1216074778623201,0.31775886879887744,0.13473388686629081,0.32224188507080076,,92.8,91.8,2026-08-28 19:46:37+00:00,False,False
HON,2026-10-16,HON261016C00230000,call,230.0,4.19,4.1,5.3,35,407,0.3150092913818358,217.42999267578125,0.3552892932790161,0.014839337993870244,-0.10516771330386127,0.296674356197386,0.09609180320883119,0.32224188507080076,,92.8,91.8,2026-08-28 19:10:50+00:00,False,False
HON,2026-10-16,HON261016C00240000,call,240.0,2.3,2.1,2.5,444,8028,0.2957834094238281,217.42999267578125,0.21325360164725982,0.012341262962563382,-0.07590346989629332,0.2316730599289831,0.058603529609219634,0.32224188507080076,,92.8,91.8,2026-08-28 19:54:53+00:00,False,False
HON,2026-10-16,HON261016C00250000,call,250.0,1.14,0.2,2.25,11,2770,0.3544986425781249,217.42999267578125,0.16902276350504436,0.008927303338435433,-0.07736012047489128,0.20085238190010135,0.04611021323224382,0.32224188507080076,,92.8,91.8,2026-08-28 19:10:50+00:00,False,True
HON,2026-10-16,HON261016C00260000,call,260.0,0.6,0.35,1.1,11,3966,0.3441227697753906,217.42999267578125,0.09648485846268967,0.006235983065414872,-0.05053616008754807,0.13619477763731433,0.02657712776301064,0.32224188507080076,,92.8,91.8,2026-08-28 19:43:30+00:00,False,True
HON,2026-10-16,HON261016C00270000,call,270.0,0.25,0.15,0.7,11,433,0.35938140625,217.42999267578125,0.0632919169788083,0.004337924574497356,-0.03806602847467567,0.09894177977386605,0.017468719531723746,0.32224188507080076,,92.8,91.8,2026-08-28 15:15:42+00:00,False,True
HON,2026-10-16,HON261016P00190000,put,190.0,1.2,0.95,1.95,15,512,0.3457096679687499,217.42999267578125,-0.11881103995484998,0.007212469159120308,-0.05205288882858553,0.15824777488470507,-0.036959546601710434,0.32224188507080076,,92.8,91.8,2026-08-28 16:57:09+00:00,False,True
HON,2026-10-16,HON261016P00195000,put,195.0,1.85,1.5,1.9,14,89,0.2960275476074219,217.42999267578125,-0.13137120008664038,0.009035455821421262,-0.04714143087206041,0.16975567902632552,-0.040537550999766164,0.32224188507080076,,92.8,91.8,2026-08-28 18:18:18+00:00,False,False
HON,2026-10-16,HON261016P00200000,put,200.0,2.85,2.25,3.0,13,196,0.2990792749023437,217.42999267578125,-0.18981528071493858,0.011382487668523279,-0.05992362349094216,0.2160556488435626,-0.05892615773564789,0.32224188507080076,,92.8,91.8,2026-08-28 17:17:56+00:00,False,False
HON,2026-10-16,HON261016P00210000,put,210.0,5.5,4.4,5.7,16,233,0.2830882238769531,217.42999267578125,-0.3257098661800325,0.015973284218941074,-0.07250170637939814,0.2869843016127765,-0.10190203972318539,0.32224188507080076,,92.8,91.8,2026-08-28 16:02:51+00:00,False,False
HON,2026-10-16,HON261016P00220000,put,220.0,10.1,7.3,11.4,13,148,0.3118354949951171,217.42999267578125,-0.4948015104765954,0.016057450272070325,-0.08494705361912319,0.31779294485010906,-0.15851007716549004,0.32224188507080076,,92.8,91.8,2026-08-28 18:47:35+00:00,False,False
HON,2026-10-16,HON261016P00230000,put,230.0,15.72,15.2,16.5,13,106,0.2675244146728516,217.42999267578125,-0.675764412912722,0.016871170464330825,-0.05597083354674419,0.28645127131389575,-0.21781291814734882,0.32224188507080076,,92.8,91.8,2026-08-28 19:54:40+00:00,False,False
HON,2026-10-16,HON261016P00240000,put,240.0,20.0,22.0,25.8,15,244,0.3272162005615234,217.42999267578125,-0.7604754550152651,0.011912626265072782,-0.05660487693470212,0.24739130553825553,-0.2547766365417488,0.32224188507080076,,92.8,91.8,2026-08-19 19:42:13+00:00,False,False
HST,2026-09-18,HST260918C00022000,call,22.0,0.7,0.45,0.85,309,350,0.3232489550781249,22.280000686645508,0.5944402297846857,0.22443610436288278,-0.01764206725734484,0.02071985355614257,0.007119972366899774,0.2954172021484375,,220.2,228.1,2026-08-28 17:15:06+00:00,False,False
HST,2026-10-16,HST261016C00018000,call,18.0,7.15,0.0,0.0,14,80,1.0000000000000004e-05,22.280000686645508,1.0,0.0,-0.002449257900637043,0.0,0.02400272742624302,0.3269110278320312,,189.2,94.7,2026-06-29 14:45:14+00:00,True,False
HST,2026-10-16,HST261016C00022280,call,22.28,0.65,0.25,1.0,15,196,0.3042061767578125,22.280000686645508,0.5461547607619244,0.15957163977001532,-0.01156276773455426,0.032348738648246014,0.014908262727425665,0.3269110278320312,,189.2,94.7,2026-08-28 14:49:15+00:00,False,True
HST,2026-10-16,HST261016C00023280,call,23.28,0.45,0.0,1.1,37,97,0.460942890625,22.280000686645508,0.44599838549411347,0.10504923216417665,-0.01638201656406843,0.03226811668378524,0.01180617253538302,0.3269110278320312,,189.2,94.7,2026-08-27 17:11:10+00:00,True,False
HST,2026-10-16,HST261016C00025280,call,25.28,0.1,0.0,0.95,36,125,0.6059609716796877,22.280000686645508,0.3344249070718021,0.0735989153045391,-0.019263960782432466,0.029720060040613366,0.008694851061950802,0.3269110278320312,,189.2,94.7,2026-08-27 19:55:18+00:00,True,False
HST,2026-10-16,HST261016C00026000,call,26.0,1.01,0.0,0.0,68,94,0.12500875,22.280000686645508,0.0006831481280986504,0.0023237129580352682,-2.6752395685350862e-05,0.00019357822696165238,2.01837559195138e-05,0.3269110278320312,,189.2,94.7,2026-06-29 15:06:13+00:00,True,False
HST,2026-10-16,HST261016P00013280,put,13.28,0.05,0.0,1.0,20,54,1.236331943359375,22.280000686645508,-0.08324471227001551,0.015178510585645608,-0.01545826716832305,0.012505407942263418,-0.003117334788037058,0.3269110278320312,,189.2,94.7,2026-07-28 13:34:28+00:00,True,False
IPGP,2026-09-18,IPGP260918C00075000,call,75.0,4.45,4.7,7.1,50,109,0.6879914013671876,76.52999877929688,0.5879670125831564,0.0308176502809578,-0.12238865862470938,0.0714450880736896,0.02249630357758092,0.679812772216797,,83.2,84.4,2026-08-27 15:22:59+00:00,False,False
JKS,2026-09-18,JKS260918C00020000,call,20.0,0.04,0.0,0.05,24,1039,0.7812521875,13.539999961853027,0.024271558101919475,0.022469791335838634,-0.0034862963182708383,0.0018516292910356722,0.00017655019613059121,0.5781292187500001,,95.3,95.3,2026-08-27 15:20:12+00:00,True,False
JKS,2026-09-18,JKS260918C00030000,call,30.0,0.1,0.0,0.05,16,1189,1.40625296875,13.539999961853027,0.014579075647670603,0.008091397060681937,-0.00404264556559358,0.0012001919850653981,0.00010137595481131603,0.5781292187500001,,95.3,95.3,2026-07-23 13:30:17+00:00,True,False
JKS,2026-09-18,JKS260918P00012500,put,12.5,0.4,0.2,0.4,87,568,0.5507857421875001,13.539999961853027,-0.2442286793918107,0.17544121266722454,-0.012875397609838789,0.010192437723021081,-0.002061823798417495,0.5781292187500001,,95.3,95.3,2026-08-27 18:44:03+00:00,False,False
JKS,2026-09-18,JKS260918P00017500,put,17.5,4.1,3.8,4.2,28,315,0.6093789062500001,13.539999961853027,-0.9517869196440233,0.05061918573499248,-0.002414581380874875,0.0032536162486268777,-0.009685609309780279,0.5781292187500001,,95.3,95.3,2026-08-28 17:30:57+00:00,False,False
JKS,2026-09-18,JKS260918P00035000,put,35.0,14.7,14.1,18.0,14,76,1.0000000000000004e-05,13.539999961853027,-1.0,0.0,0.004780747911029535,0.0,-0.020079141226324048,0.5781292187500001,,95.3,95.3,2026-04-17 18:28:56+00:00,False,False
JKS,2026-09-18,JKS260918P00037500,put,37.5,20.69,20.2,23.2,22,151,1.0000000000000004e-05,13.539999961853027,-1.0,0.0,0.005122229904674502,0.0,-0.021513365599632905,0.5781292187500001,,95.3,95.3,2026-06-10 16:08:58+00:00,False,False
KIM,2026-09-18,KIM260918C00030000,call,30.0,0.1,0.0,0.4,44,54,0.7128934960937501,23.780000686645508,0.10446908710750002,0.04455383757736672,-0.01785461109238536,0.01033379699684792,0.0013203998979584297,0.36084623535156246,,79.3,80.9,2026-07-29 18:37:29+00:00,True,False
KIM,2026-10-16,KIM261016P00025000,put,25.0,1.3,0.75,2.1,10,111,0.3911193701171874,23.780000686645508,-0.5911989598403223,0.113995351699762,-0.011311726617260558,0.0338472515350607,-0.02152823615675597,0.30933307861328113,,73.7,73.6,2026-08-24 18:56:32+00:00,False,True
LFTO,2026-09-18,LFTO260918C00030000,call,30.0,0.18,0.0,1.35,45,58,1.7080092724609377,18.90999984741211,0.18019648599170723,0.033893494603485765,-0.048814610077897384,0.011910117725573597,0.0015954472133582413,0.6982452050781252,,120.8,110.1,2026-08-13 19:02:02+00:00,True,False
LFTO,2026-09-18,LFTO260918P00015000,put,15.0,0.2,0.0,1.45,100,105,1.2968785156249998,18.90999984741211,-0.18156041695144942,0.04484972993068849,-0.03638732056479317,0.011966540331405704,-0.002364744249469884,0.6982452050781252,,120.8,110.1,2026-08-17 19:37:53+00:00,True,False
LFTO,2026-09-18,LFTO260918P00017500,put,17.5,0.8,0.5,1.3,15,264,0.8437515624999999,18.90999984741211,-0.30913948006271386,0.09207132611797114,-0.03119096906812581,0.015982638238258136,-0.0038516897778970833,0.6982452050781252,,120.8,110.1,2026-08-27 13:37:21+00:00,False,True
LFTO,2026-09-18,LFTO260918P00020000,put,20.0,2.0,1.0,2.1,72,272,0.7841818457031251,18.90999984741211,-0.5747961185096689,0.11018304548987165,-0.03142313427823795,0.017776286332499513,-0.007421246291067657,0.6982452050781252,,120.8,110.1,2026-08-24 19:54:49+00:00,False,True
LFTO,2026-10-16,LFTO261016P00020000,put,20.0,3.01,2.5,3.1,13,55,0.7729514892578125,18.90999984741211,-0.5129939902706738,0.0744533505154412,-0.02009165732312355,0.027626301741805137,-0.01663966897352906,0.8337418969726562,,99.0,107.3,2026-08-28 18:54:04+00:00,False,False
LHX,2026-08-28,LHX260828C00285000,call,285.0,0.25,0.0,2.0,33,56,1.276859084472656,262.82000732421875,,,,,,0.1522301574707031,,,,2026-08-25 17:26:34+00:00,True,False
LHX,2026-08-28,LHX260828C00315000,call,315.0,0.05,0.0,5.0,55,50,2.906741014404297,262.82000732421875,,,,,,0.1522301574707031,,,,2026-08-25 15:15:04+00:00,True,False
LHX,2026-09-04,LHX260904C00275000,call,275.0,0.31,0.15,1.15,121,332,0.3198310205078124,262.82000732421875,0.1637886452141014,0.02122283210959639,-0.21117932117982238,0.08991785618683762,0.008065852590641475,0.3197089514160155,,74.5,74.5,2026-08-28 18:03:13+00:00,False,True
LHX,2026-09-04,LHX260904C00280000,call,280.0,0.2,0.0,0.3,82,85,0.2780833911132812,262.82000732421875,0.05479014646130342,0.010957709207489777,-0.08212043619999011,0.04036610481821077,0.002717177541164055,0.3197089514160155,,74.5,74.5,2026-08-28 14:03:25+00:00,True,False
LHX,2026-09-11,LHX260911C00300000,call,300.0,1.48,0.0,1.5,10,138,0.5219774365234374,262.82000732421875,0.1103966691244318,0.007016710370330242,-0.18468323780034135,0.09703698583714351,0.010601894688623046,0.23072058349609365,,111.4,120.3,2026-08-26 13:48:27+00:00,True,False
LHX,2026-09-18,LHX260918C00275000,call,275.0,1.71,1.25,1.95,35,364,0.2368850726318359,262.82000732421875,0.23630276215784513,0.02064093418754547,-0.11782896138247212,0.1943167865904671,0.03457417675570548,0.2900461621093749,,88.0,105.8,2026-08-28 18:03:13+00:00,False,False
LHX,2026-09-18,LHX260918C00320000,call,320.0,0.53,0.0,1.35,20,126,0.5589643713378907,262.82000732421875,0.0838352033421445,0.004370509742366686,-0.1320522538887259,0.09708664548277389,0.01193970875681522,0.2900461621093749,,88.0,105.8,2026-08-18 19:14:51+00:00,True,False
LHX,2026-09-25,LHX260925C00320000,call,320.0,2.0,0.0,2.9,54,111,0.596683720703125,262.82000732421875,0.13889499492567042,0.0050968703603720645,-0.17631521239099132,0.16114980694369976,0.02581052541198057,0.24936663726806646,,103.1,99.8,2026-08-14 15:21:37+00:00,True,False
LHX,2026-10-16,LHX261016C00270000,call,270.0,7.06,6.5,7.8,39,110,0.2802196002197265,262.82000732421875,0.4420397161525997,0.014628018485909978,-0.12345152082478351,0.38010542787686386,0.14469499367284955,0.2875284870910644,,95.4,99.8,2026-08-28 19:09:22+00:00,False,False
LHX,2026-10-16,LHX261016C00280000,call,280.0,4.0,3.6,4.4,23,200,0.2722851092529296,262.82000732421875,0.3023919436725969,0.013308075545078039,-0.10358964402264727,0.33601542197209694,0.1002585525985265,0.2875284870910644,,95.4,99.8,2026-08-28 19:52:40+00:00,False,False
LHX,2026-10-16,LHX261016C00300000,call,300.0,1.1,0.85,1.4,62,58,0.2805247729492187,262.82000732421875,0.12087918236370182,0.007443367230730392,-0.05956591971747958,0.1936246864042387,0.040580801322172594,0.2875284870910644,,95.4,99.8,2026-08-28 19:09:22+00:00,False,False
LHX,2026-10-16,LHX261016P00250000,put,250.0,4.7,3.8,5.2,13,205,0.2742382147216796,262.82000732421875,-0.26936364220358944,0.012505795349629015,-0.07866859507379415,0.31802360196345847,-0.10119001669498634,0.2875284870910644,,95.4,99.8,2026-08-28 16:00:54+00:00,False,False
LHX,2026-10-16,LHX261016P00260000,put,260.0,8.95,7.4,9.3,54,143,0.276099768371582,262.82000732421875,-0.41154521355510965,0.014634571771218722,-0.08959591461200497,0.37468484108888644,-0.1564640151721969,0.2875284870910644,,95.4,99.8,2026-08-28 16:14:25+00:00,False,False
LMB,2026-09-18,LMB260918C00045000,call,45.0,0.97,0.05,1.5,89,222,0.5024463818359376,41.34000015258789,0.26770659324990576,0.06608133277026687,-0.04046602948929262,0.03264644489635754,0.005926442675217429,0.5456588403320313,,106.3,92.1,2026-08-28 17:54:41+00:00,False,True
LMB,2026-09-18,LMB260918P00050000,put,50.0,8.63,6.6,9.9,10,160,0.9516606396484374,41.34000015258789,-0.7600492698817185,0.03293964045486655,-0.06420480648706033,0.03082253397009869,-0.023665736690044716,0.5456588403320313,,106.3,92.1,2026-08-26 15:02:35+00:00,False,False
LMB,2026-10-16,LMB261016C00075000,call,75.0,0.05,0.0,2.25,50,62,1.2334022705078125,41.34000015258789,0.14068090946760547,0.011953189785832548,-0.04321481087081176,0.03382460408888654,0.006311711711350187,0.5876506079101563,,88.2,102.4,2026-08-13 15:41:26+00:00,True,False
LMB,2026-10-16,LMB261016C00090000,call,90.0,0.2,0.0,0.4,15,63,1.052739111328125,41.34000015258789,0.03540532339911538,0.00489182337841393,-0.012865599629586997,0.011815053424339052,0.0017011879476224112,0.5876506079101563,,88.2,102.4,2026-08-10 14:56:14+00:00,True,False
LMB,2026-10-16,LMB261016P00040000,put,40.0,2.0,1.05,3.3,150,191,0.6567417138671876,41.34000015258789,-0.3877657675327493,0.0385067973995839,-0.03625688759800742,0.05801979170322128,-0.025722675953435126,0.5876506079101563,,88.2,102.4,2026-08-27 15:12:55+00:00,False,True
LMB,2026-10-16,LMB261016P00045000,put,45.0,5.0,4.8,6.5,35,90,0.5537154003906251,41.34000015258789,-0.6116470488377379,0.04569142274819435,-0.028591673471318326,0.05804508445261817,-0.04120617176497157,0.5876506079101563,,88.2,102.4,2026-08-24 19:56:51+00:00,False,False
LMB,2026-10-16,LMB261016P00090000,put,90.0,14.3,17.5,21.7,175,175,1.0000000000000004e-05,41.34000015258789,-1.0,0.0,0.012246289503185216,0.0,-0.12001363713121511,0.5876506079101563,,88.2,102.4,2026-04-17 18:34:04+00:00,False,False
LYTS,2026-10-16,LYTS261016C00022500,call,22.5,0.3,0.25,4.3,34,52,1.1308637207031251,19.709999084472656,0.46170373644336565,0.04862441749901618,-0.03402551022905769,0.02867748802906712,0.009146692115063602,0.530278134765625,,97.2,195.3,2026-08-21 16:34:36+00:00,False,True
MGM,2026-08-28,MGM260828C00043500,call,43.5,0.15,0.0,2.4,51,365,1.9472658886718752,42.27999877929688,,,,,,0.3711000390625,,,,2026-08-27 19:29:15+00:00,True,False
MGM,2026-08-28,MGM260828C00044000,call,44.0,0.1,0.0,2.25,41,664,2.0664110839843746,42.27999877929688,,,,,,0.3711000390625,,,,2026-08-28 14:55:36+00:00,True,False
MGM,2026-08-28,MGM260828C00045500,call,45.5,0.16,0.0,2.15,12,64,2.558597353515625,42.27999877929688,,,,,,0.3711000390625,,,,2026-08-27 18:43:24+00:00,True,False
MGM,2026-08-28,MGM260828P00042000,put,42.0,0.05,0.0,0.1,121,104,0.2402419726562499,42.27999877929688,,,,,,0.3711000390625,,,,2026-08-28 19:23:50+00:00,True,False
MGM,2026-08-28,MGM260828P00042500,put,42.5,0.26,0.15,0.45,81,534,0.3711000390625,42.27999877929688,,,,,,0.3711000390625,,,,2026-08-28 19:57:33+00:00,False,True
MGM,2026-09-04,MGM260904C00045000,call,45.0,0.26,0.0,0.35,46,186,0.49414568359375,42.27999877929688,0.19410324838764975,0.0950254691660568,-0.057902413734350386,0.016097933773240657,0.0015161343398413431,0.3344793115234374,,141.3,353.0,2026-08-28 18:03:42+00:00,True,False
MGM,2026-09-04,MGM260904C00045500,call,45.5,0.27,0.0,2.4,31,72,0.9599613378906248,42.27999877929688,0.31617166180310907,0.06330157892529907,-0.14453056724201993,0.020832596047955593,0.0023579263995239463,0.3344793115234374,,141.3,353.0,2026-08-27 19:18:41+00:00,True,False
MGM,2026-09-04,MGM260904C00046000,call,46.0,0.1,0.0,0.8,61,67,0.624027197265625,42.27999877929688,0.17839545173924432,0.07141293384150287,-0.06908424834234542,0.015277612884905716,0.0013814881845144388,0.3344793115234374,,141.3,353.0,2026-08-28 19:40:46+00:00,True,False
MGM,2026-09-04,MGM260904C00047000,call,47.0,0.3,0.0,2.2,49,55,1.087895185546875,42.27999877929688,0.26737031484832774,0.05165381022242622,-0.1511171114683599,0.019264800907435594,0.0019831144785213235,0.3344793115234374,,141.3,353.0,2026-08-11 18:27:57+00:00,True,False
MGM,2026-09-18,MGM260918C00028000,call,28.0,11.38,18.8,21.0,10,58,3.447267006835937,42.27999877929688,0.8199857988051433,0.007506064108285265,-0.22047550505106028,0.0266123701043371,0.008597666870569912,0.4172421557617187,,101.3,90.1,2026-05-08 16:13:02+00:00,False,False
MGM,2026-09-18,MGM260918C00032000,call,32.0,11.53,9.7,12.5,22,976,1.12109814453125,42.27999877929688,0.8812197506330504,0.01746808214230666,-0.05734306895431439,0.02014119442427766,0.015038332631112037,0.4172421557617187,,101.3,90.1,2026-08-19 17:37:57+00:00,False,False
MGM,2026-09-18,MGM260918C00043000,call,43.0,1.25,0.9,1.35,48,245,0.4038145556640625,42.27999877929688,0.46167931387247313,0.09696615525650167,-0.0412067842102776,0.04027156505349162,0.010446052203444849,0.4172421557617187,,101.3,90.1,2026-08-28 19:08:11+00:00,False,False
MGM,2026-09-18,MGM260918C00046000,call,46.0,0.3,0.05,0.45,67,2010,0.393560751953125,42.27999877929688,0.2073595107297772,0.07167156405237596,-0.02832408595641263,0.029010487449753684,0.0047872684644154765,0.4172421557617187,,101.3,90.1,2026-08-28 19:58:59+00:00,False,True
MGM,2026-09-18,MGM260918C00048000,call,48.0,0.28,0.0,0.35,20,1241,0.4672904833984375,42.27999877929688,0.14677991137616908,0.04849121473809388,-0.026732260042594085,0.023304852716150813,0.003374133266300122,0.4172421557617187,,101.3,90.1,2026-08-25 19:45:08+00:00,True,False
MGM,2026-09-18,MGM260918C00050000,call,50.0,0.1,0.0,0.85,20,1384,0.5976602734375001,42.27999877929688,0.1404885139873936,0.036809052751030746,-0.03295439413142036,0.022625875498893274,0.0031825859776516653,0.4172421557617187,,101.3,90.1,2026-08-27 13:30:08+00:00,True,False
MGM,2026-09-18,MGM260918P00036000,put,36.0,0.1,0.0,0.95,10,97,0.6347692773437501,42.27999877929688,-0.12484646212455763,0.03195003466673677,-0.030743099461907654,0.02085852503767216,-0.0032824909061846138,0.4172421557617187,,101.3,90.1,2026-08-26 19:36:16+00:00,True,False
MGM,2026-09-18,MGM260918P00037000,put,37.0,0.15,0.0,0.8,95,761,0.526371923828125,42.27999877929688,-0.12663202894252168,0.03891318606851896,-0.025619359626064413,0.021066183824450115,-0.003285166644456817,0.4172421557617187,,101.3,90.1,2026-08-11 15:16:14+00:00,True,False
MGM,2026-09-18,MGM260918P00039000,put,39.0,0.38,0.05,0.5,10,1752,0.414068359375,42.27999877929688,-0.18628214456505976,0.06383919531200448,-0.025662297274160965,0.0271866572641885,-0.004789697151253528,0.4172421557617187,,101.3,90.1,2026-08-27 15:18:59+00:00,False,True
MGM,2026-09-18,MGM260918P00040000,put,40.0,0.65,0.55,0.8,276,1461,0.422857333984375,42.27999877929688,-0.2657823673950397,0.07649388488771225,-0.031854065646685116,0.03326725351459075,-0.0068859455855442555,0.4172421557617187,,101.3,90.1,2026-08-28 19:59:59+00:00,False,False
MGM,2026-09-18,MGM260918P00041000,put,41.0,0.9,0.85,1.1,1202,3579,0.4077207666015625,42.27999877929688,-0.3472856859501072,0.08932418403329498,-0.034210704923410676,0.037456591294694974,-0.009033340491219628,0.4172421557617187,,101.3,90.1,2026-08-28 19:59:31+00:00,False,False
MGM,2026-09-18,MGM260918P00042000,put,42.0,1.1,1.1,1.55,522,2378,0.4086973193359374,42.27999877929688,-0.4419054460367807,0.0952297195580018,-0.036193022085731476,0.04002862360347051,-0.011585218874384136,0.4172421557617187,,101.3,90.1,2026-08-28 18:39:45+00:00,False,False
MGM,2026-09-18,MGM260918P00043000,put,43.0,1.31,1.5,1.85,22,6977,0.3501041552734374,42.27999877929688,-0.5496725769384913,0.11148865875982764,-0.03004107614292305,0.04014433966320123,-0.014374481467673372,0.4172421557617187,,101.3,90.1,2026-08-28 15:52:06+00:00,False,False
MGM,2026-10-16,MGM261016C00040000,call,40.0,3.7,3.1,4.0,50,496,0.4465387377929687,42.27999877929688,0.6778348527566481,0.05184241269067001,-0.028672505239669195,0.055554276132633855,0.032919187916074386,0.38562626098632813,,93.2,97.6,2026-08-28 19:43:47+00:00,False,False
MGM,2026-10-16,MGM261016C00043000,call,43.0,2.35,1.7,2.35,345,1663,0.4284725122070312,42.27999877929688,0.5054618981137057,0.06009797255053717,-0.02961012885283307,0.06179536967447586,0.025403089885915456,0.38562626098632813,,93.2,97.6,2026-08-28 16:02:24+00:00,False,False
MGM,2026-10-16,MGM261016C00045000,call,45.0,1.2,0.2,1.4,42,112,0.3930724755859375,42.27999877929688,0.37664806358698905,0.06235921004298389,-0.025573526505554802,0.058822893911058625,0.01940395444694922,0.38562626098632813,,93.2,97.6,2026-08-28 19:08:05+00:00,False,True
MGM,2026-10-16,MGM261016C00046000,call,46.0,0.84,0.7,1.05,43,213,0.3808655664062499,42.27999877929688,0.3133366488622822,0.06007239443929695,-0.023001460350272104,0.0549059994139552,0.016296265773693867,0.38562626098632813,,93.2,97.6,2026-08-28 19:57:59+00:00,False,False
MGM,2026-10-16,MGM261016C00047000,call,47.0,0.65,0.5,0.8,62,911,0.3764710791015625,42.27999877929688,0.25796748315334483,0.055392785489645484,-0.020602907861706574,0.050044686306707414,0.013504726472871098,0.38562626098632813,,93.2,97.6,2026-08-28 19:10:16+00:00,False,False
MGM,2026-10-16,MGM261016C00048000,call,48.0,0.45,0.4,0.6,96,1349,0.3725648681640625,42.27999877929688,0.20836595678897074,0.049706153508229885,-0.018014645327228688,0.04444114136312689,0.010971444476702756,0.38562626098632813,,93.2,97.6,2026-08-28 19:01:19+00:00,False,False
MGM,2026-10-16,MGM261016P00038000,put,38.0,0.6,0.4,0.85,32,758,0.407232490234375,42.27999877929688,-0.2018915292397594,0.0446295668384872,-0.016849667794733184,0.04361523728126952,-0.01248867251376024,0.38562626098632813,,93.2,97.6,2026-08-28 18:56:56+00:00,False,True
MGM,2026-10-16,MGM261016P00041000,put,41.0,1.1,1.1,1.7,40,91,0.3715883154296875,42.27999877929688,-0.36573399101729054,0.06534140126891563,-0.019761311007035428,0.05826713184118442,-0.022853005788905104,0.38562626098632813,,93.2,97.6,2026-08-24 16:39:19+00:00,False,False
MGM,2026-10-16,MGM261016P00042000,put,42.0,1.45,0.95,2.05,14,786,0.3518131225585937,42.27999877929688,-0.43326380012488996,0.07217346047120579,-0.01910683959267457,0.060934424115938295,-0.02712827218716851,0.38562626098632813,,93.2,97.6,2026-08-21 17:02:49+00:00,False,True
MLCO,2026-09-18,MLCO260918P00005000,put,5.0,0.1,0.0,0.2,12,517,0.6640658593750002,5.320000171661377,-0.31307075737103196,0.41810810463915604,-0.006894718865767732,0.004521155683719505,-0.0010656321085491258,0.9043006933593751,,73.4,60.0,2026-08-27 19:33:35+00:00,True,False
MLCO,2026-09-18,MLCO260918P00006000,put,6.0,0.76,0.45,1.2,10,108,0.7148466015625,5.320000171661377,-0.7254166383722801,0.36551676111242365,-0.006602744899782543,0.004254709142264639,-0.0026831151307610828,0.9043006933593751,,73.4,60.0,2026-08-28 16:26:58+00:00,False,True
MLCO,2026-10-16,MLCO261016C00005000,call,5.0,0.47,0.15,0.85,11,135,0.8945323046874999,5.320000171661377,0.6456606255784745,0.21337177747894367,-0.006972187625796887,0.007252028670004815,0.0034556995344171637,0.6679720703124999,,66.1,256.1,2026-08-27 19:51:17+00:00,False,True
MLCO,2026-10-16,MLCO261016P00007000,put,7.0,1.81,1.2,1.95,36,76,0.9570316796875,5.320000171661377,-0.7217926949829259,0.1798864124115728,-0.005600959241453745,0.006541105934893721,-0.00771105543260543,0.6679720703124999,,66.1,256.1,2026-08-28 15:16:27+00:00,False,False
MLI,2026-09-18,MLI260918C00057500,call,57.5,6.2,5.2,7.5,10,65,0.5063525927734375,62.79999923706055,0.7911334583062304,0.03766492162178521,-0.0580986167034781,0.04327487412994071,0.02489074297821171,0.41931733032226565,,74.5,94.9,2026-07-21 19:58:06+00:00,False,False
MLI,2026-09-18,MLI260918C00060000,call,60.0,4.41,2.2,4.7,10,132,0.5161181201171875,62.79999923706055,0.6749286379074033,0.04629845774745627,-0.07178541897037122,0.05422022786212329,0.02165833891031285,0.41931733032226565,,74.5,94.9,2026-08-28 14:25:39+00:00,False,True
MLI,2026-09-18,MLI260918C00070000,call,70.0,0.18,0.0,0.5,26,211,0.4160214648437499,62.79999923706055,0.1564911812127669,0.03826529399691789,-0.0370583778935025,0.03612156019368941,0.005371743310506911,0.41931733032226565,,74.5,94.9,2026-08-25 17:42:01+00:00,True,False
MLI,2026-09-18,MLI260918C00072500,call,72.5,0.2,0.0,0.4,20,107,0.47070841796875,62.79999923706055,0.11698248987467613,0.027709326338463333,-0.03412187821188261,0.0295953608631238,0.00400403357895433,0.41931733032226565,,74.5,94.9,2026-08-26 18:25:22+00:00,True,False
MLI,2026-09-18,MLI260918C00075000,call,75.0,0.3,0.0,2.6,20,107,0.79101771484375,62.79999923706055,0.20449972152458845,0.023810589331385152,-0.08207693141062315,0.04273680601243106,0.006667405607878672,0.41931733032226565,,74.5,94.9,2026-08-14 14:51:50+00:00,True,False
MLI,2026-09-18,MLI260918C00120000,call,120.0,19.6,0.0,0.0,10,63,0.500005,62.79999923706055,5.3265660969066406e-08,3.8839599025476346e-08,-5.2907696286642384e-08,4.4065103255876405e-08,1.8846048693532203e-09,0.41931733032226565,,74.5,94.9,2026-06-10 13:59:07+00:00,True,False
MLI,2026-09-18,MLI260918C00165000,call,165.0,1.4,0.0,0.0,10,153,0.500005,62.79999923706055,7.902591291606232e-16,8.490692684314389e-16,-1.1535019507164823e-15,9.633035850931761e-16,2.814210236409008e-17,0.41931733032226565,,74.5,94.9,2026-06-23 17:14:50+00:00,True,False
MLI,2026-10-16,MLI261016C00060000,call,60.0,5.81,3.4,5.9,10,61,0.4812063598632812,62.79999923706055,0.6498509855477297,0.03345757720093729,-0.04661224324240063,0.08524096149418466,0.04661505585689898,0.3481510498046875,,101.8,97.8,2026-08-28 14:25:39+00:00,False,False
NRG,2026-08-28,NRG260828C00115000,call,115.0,0.1,0.0,2.35,15,142,1.1357465087890626,111.12000274658205,,,,,,0.586918193359375,,,,2026-08-28 15:46:33+00:00,True,False
NRG,2026-08-28,NRG260828C00120000,call,120.0,0.25,0.0,1.1,32,98,1.3320345898437496,111.12000274658205,,,,,,0.586918193359375,,,,2026-08-28 19:52:32+00:00,True,False
NRG,2026-08-28,NRG260828C00122000,call,122.0,0.35,0.0,1.0,101,1521,1.48047134765625,111.12000274658205,,,,,,0.586918193359375,,,,2026-08-25 14:49:56+00:00,True,False
NRG,2026-08-28,NRG260828C00128000,call,128.0,1.2,0.0,0.05,10,511,1.1640666796875,111.12000274658205,,,,,,0.586918193359375,,,,2026-08-18 15:48:15+00:00,True,False
NRG,2026-08-28,NRG260828P00100000,put,100.0,0.02,0.0,2.15,165,152,2.124028127441406,111.12000274658205,,,,,,0.586918193359375,,,,2026-08-27 14:40:44+00:00,True,False
NRG,2026-08-28,NRG260828P00105000,put,105.0,0.1,0.0,1.05,13,56,1.09375453125,111.12000274658205,,,,,,0.586918193359375,,,,2026-08-25 19:06:41+00:00,True,False
NRG,2026-08-28,NRG260828P00110000,put,110.0,0.05,0.0,0.3,12,142,0.3144599804687499,111.12000274658205,,,,,,0.586918193359375,,,,2026-08-28 19:48:30+00:00,True,False
NRG,2026-08-28,NRG260828P00111000,put,111.0,0.3,0.0,1.4,93,124,0.6289099609375001,111.12000274658205,,,,,,0.586918193359375,,,,2026-08-28 19:46:42+00:00,True,False
NRG,2026-08-28,NRG260828P00112000,put,112.0,1.0,0.6,1.3,102,195,0.335944140625,111.12000274658205,,,,,,0.586918193359375,,,,2026-08-28 19:54:34+00:00,False,True
NRG,2026-08-28,NRG260828P00113000,put,113.0,1.94,0.8,2.2,41,85,0.42188078125,111.12000274658205,,,,,,0.586918193359375,,,,2026-08-28 19:51:29+00:00,False,True
NRG,2026-08-28,NRG260828P00114000,put,114.0,3.0,2.3,3.5,39,107,0.7158231542968749,111.12000274658205,,,,,,0.586918193359375,,,,2026-08-28 18:27:15+00:00,False,False
NRG,2026-08-28,NRG260828P00115000,put,115.0,3.84,3.3,4.3,16,83,0.72070591796875,111.12000274658205,,,,,,0.586918193359375,,,,2026-08-28 19:49:38+00:00,False,False
NRG,2026-09-04,NRG260904P00105000,put,105.0,0.54,0.45,0.65,10,250,0.4174862939453124,111.12000274658205,-0.15260147216573716,0.036709753056971814,-0.10583039045990987,0.036292204361793465,-0.0033524323372367344,0.41541111938476555,,93.3,100.0,2026-08-28 19:56:42+00:00,False,False
NRG,2026-09-04,NRG260904P00110000,put,110.0,2.0,1.7,2.25,43,106,0.424810439453125,111.12000274658205,-0.41374879725304037,0.059594841377669495,-0.1753360699937043,0.05995059687864148,-0.009205896063742353,0.41541111938476555,,93.3,100.0,2026-08-28 19:48:33+00:00,False,False
NRG,2026-09-04,NRG260904P00113000,put,113.0,3.6,3.3,3.8,53,50,0.4169980175781249,111.12000274658205,-0.596788749374118,0.06033124923829047,-0.16787611191527035,0.05957526335854355,-0.013401110490695162,0.41541111938476555,,93.3,100.0,2026-08-28 19:52:10+00:00,False,False
NRG,2026-09-04,NRG260904P00114000,put,114.0,4.19,3.8,4.8,53,60,0.4743704907226562,111.12000274658205,-0.6338472279828762,0.05154543496327011,-0.18592463068289145,0.05790252945496925,-0.014378030160320163,0.41541111938476555,,93.3,100.0,2026-08-28 18:33:55+00:00,False,False
NRG,2026-09-04,NRG260904P00115000,put,115.0,4.84,4.6,5.4,38,1030,0.4611870288085938,111.12000274658205,-0.688087689793647,0.04984344334727114,-0.1681388118687598,0.0544345683725752,-0.01565083190599836,0.41541111938476555,,93.3,100.0,2026-08-28 19:49:38+00:00,False,False
NRG,2026-09-11,NRG260911C00119000,call,119.0,3.08,0.85,1.1,15,62,0.4099180102539062,111.12000274658205,0.2149452068053151,0.03274873692779548,-0.09620649216040629,0.06357863691435207,0.008757894663270083,0.5346115875244141,,76.6,76.5,2026-08-26 19:14:16+00:00,False,False
NRG,2026-09-11,NRG260911P00105000,put,105.0,1.15,0.55,1.35,15,53,0.414068359375,111.12000274658205,-0.22279986985257705,0.03309691676323856,-0.09242647367844935,0.06490516248336013,-0.009957615144869106,0.5346115875244141,,76.6,76.5,2026-08-28 18:21:23+00:00,False,True
NRG,2026-09-18,NRG260918C00110000,call,110.0,5.4,4.5,5.3,15,291,0.4360407958984374,111.12000274658205,0.5701112599512183,0.033794870412669036,-0.11662847761132969,0.10468605313005012,0.03336570670465313,0.5003712072753908,,82.0,86.9,2026-08-28 16:48:09+00:00,False,False
NRG,2026-09-18,NRG260918C00120000,call,120.0,1.55,1.45,1.7,34,1706,0.4348201049804688,111.12000274658205,0.2554608228174051,0.027733105167810364,-0.09234814062795473,0.08566807975485448,0.015360156312599764,0.5003712072753908,,82.0,86.9,2026-08-28 19:19:01+00:00,False,False
NRG,2026-09-18,NRG260918C00125000,call,125.0,0.95,0.6,1.0,156,624,0.4567925415039063,111.12000274658205,0.1603035534892004,0.0200090629583399,-0.07292584012263947,0.06493168484562756,0.009685435067436911,0.5003712072753908,,82.0,86.9,2026-08-28 17:27:15+00:00,False,False
NRG,2026-09-18,NRG260918C00130000,call,130.0,0.5,0.4,0.5,368,9071,0.4580132324218751,111.12000274658205,0.08894559561154652,0.01318623751272293,-0.04807652549652473,0.04290519070058221,0.0054099562808975574,0.5003712072753908,,82.0,86.9,2026-08-28 19:19:41+00:00,False,False
NRG,2026-09-18,NRG260918C00135000,call,135.0,0.15,0.15,0.5,14,1998,0.5376022802734376,111.12000274658205,0.07739497614134316,0.010118133942992753,-0.05057645819324935,0.03864314313653688,0.004674705740296641,0.5003712072753908,,82.0,86.9,2026-08-28 19:54:22+00:00,False,True
NRG,2026-09-18,NRG260918C00175000,call,175.0,0.1,0.0,0.7,21,325,0.965820654296875,111.12000274658205,0.0334581196632538,0.002892513576576487,-0.0461048050250437,0.01984644897508758,0.001959077759297264,0.5003712072753908,,82.0,86.9,2026-08-20 19:41:59+00:00,True,False
NRG,2026-09-18,NRG260918C00195000,call,195.0,0.85,0.0,1.2,144,204,1.25390998046875,111.12000274658205,0.04364184975816093,0.002766939002144796,-0.07417656708601986,0.02464772622902005,0.0024812826169871376,0.5003712072753908,,82.0,86.9,2026-07-23 17:57:57+00:00,True,False
NRG,2026-09-18,NRG260918P00105000,put,105.0,1.82,1.75,1.95,41,496,0.4104062866210937,111.12000274658205,-0.2565826217581625,0.029450102429936353,-0.07975380762849134,0.08586412162839904,-0.017425761075268314,0.5003712072753908,,82.0,86.9,2026-08-28 19:49:48+00:00,False,False
NRG,2026-09-18,NRG260918P00110000,put,110.0,3.54,3.6,3.9,19,508,0.4099180102539062,111.12000274658205,-0.42800730108145246,0.03591767793526311,-0.09507055068341987,0.10459626317593303,-0.02946260794036033,0.5003712072753908,,82.0,86.9,2026-08-28 16:51:49+00:00,False,False
NRG,2026-09-18,NRG260918P00115000,put,115.0,6.7,6.3,6.8,21,320,0.4157773266601562,111.12000274658205,-0.6046627148110815,0.034753181165343566,-0.09152708495479317,0.1026517326111284,-0.04238887281074998,0.5003712072753908,,82.0,86.9,2026-08-28 19:49:14+00:00,False,False
NRG,2026-09-18,NRG260918P00120000,put,120.0,10.27,9.3,10.6,11,553,0.4370173486328125,111.12000274658205,-0.7433062894496381,0.02766304803076529,-0.07664549150356373,0.08588347844132858,-0.05341463608295965,0.5003712072753908,,82.0,86.9,2026-08-28 19:58:32+00:00,False,False
NRG,2026-09-18,NRG260918P00155000,put,155.0,40.4,42.0,45.7,18,133,1.0952193676757815,111.12000274658205,-0.8696175207623025,0.0072615489362357405,-0.1279092023994361,0.05649907021466682,-0.0815701094701381,0.5003712072753908,,82.0,86.9,2026-08-27 19:55:38+00:00,False,False
NRG,2026-10-16,NRG261016C00115000,call,115.0,5.82,5.4,5.8,18,290,0.4547173669433594,111.12000274658205,0.4671602074747143,0.02147582841649488,-0.08139486396721315,0.16187477188646335,0.06159696641099334,0.43762769409179686,,97.4,104.2,2026-08-28 18:05:35+00:00,False,False
NRG,2026-10-16,NRG261016C00130000,call,130.0,1.85,1.75,2.1,29,231,0.4710746252441406,111.12000274658205,0.21652444422913408,0.015297157646136131,-0.06041481758757473,0.11945055066164575,0.029363978476822178,0.43762769409179686,,97.4,104.2,2026-08-28 18:56:33+00:00,False,False
NRG,2026-10-16,NRG261016P00100000,put,100.0,2.3,2.25,2.5,22,55,0.4261531994628906,111.12000274658205,-0.21291451405590367,0.01674525286541487,-0.04788641361603831,0.11828921942843244,-0.034806439776768665,0.43762769409179686,,97.4,104.2,2026-08-28 19:46:31+00:00,False,False
NRG,2026-10-16,NRG261016P00110000,put,110.0,6.0,5.9,6.3,44,154,0.4198056066894531,111.12000274658205,-0.4260627832544167,0.022938902602143152,-0.06109099227204218,0.1596278169690877,-0.07143480120619523,0.43762769409179686,,97.4,104.2,2026-08-28 19:46:31+00:00,False,False
NTB,2026-10-16,NTB261016C00060000,call,60.0,1.7,1.35,1.95,21,56,0.2592847509765625,59.29999923706055,0.49785693012197507,0.07081422851816432,-0.026688732131917213,0.08667824213350932,0.03680611062605715,0.2592847509765625,,110.5,201.7,2026-08-20 16:37:22+00:00,False,False
NTES,2026-09-18,NTES260918C00130000,call,130.0,1.22,1.05,1.6,10,379,0.3459538061523437,122.76000213623048,0.2694767661656433,0.032426682550710836,-0.08442903608858997,0.09726595111401103,0.018106691602878696,0.4014342083740233,,95.1,491.9,2026-08-28 19:01:00+00:00,False,False
NTES,2026-09-18,NTES260918C00155000,call,155.0,0.5,0.0,0.2,35,91,0.50586431640625,122.76000213623048,0.03306994666325557,0.004951069822489621,-0.02668592418901481,0.021715673401469335,0.0022290387885054953,0.4014342083740233,,95.1,491.9,2026-08-21 15:27:42+00:00,True,False
NTES,2026-09-18,NTES260918C00170000,call,170.0,0.55,0.0,1.95,12,149,0.8969736865234373,122.76000213623048,0.08192203037079032,0.005730538517551776,-0.09643352265702176,0.044567199380465106,0.0052647438962831064,0.4014342083740233,,95.1,491.9,2026-07-28 18:32:02+00:00,True,False
NTES,2026-09-18,NTES260918P00100000,put,100.0,0.1,0.0,0.3,20,219,0.5117236328125,122.76000213623048,-0.03959076963410357,0.005671381241967783,-0.029958244936815565,0.02516312191176105,-0.0029410128412764953,0.4014342083740233,,95.1,491.9,2026-08-27 16:12:03+00:00,True,False
NTES,2026-09-18,NTES260918P00105000,put,105.0,0.23,0.1,0.75,10,2556,0.51562984375,122.76000213623048,-0.08873207757213053,0.010583249782431997,-0.05650597210799563,0.047314831396479004,-0.006644308346658946,0.4014342083740233,,95.1,491.9,2026-08-28 17:23:50+00:00,False,True
NTES,2026-09-18,NTES260918P00120000,put,120.0,2.8,2.35,3.1,38,439,0.36524072265625,122.76000213623048,-0.3683597854450884,0.03505632838663356,-0.08995529645345962,0.11101606428164251,-0.02766363034226776,0.4014342083740233,,95.1,491.9,2026-08-28 16:18:40+00:00,False,False
NTES,2026-10-16,NTES261016P00115000,put,115.0,3.1,1.35,3.0,24,85,0.348639326171875,122.76000213623048,-0.26513192684916986,0.020892670899617844,-0.04759614009755473,0.14736261752427385,-0.04732186380982941,0.3771424591064453,,92.4,130.8,2026-08-27 16:33:41+00:00,False,True
OGE,2026-09-18,OGE260918C00050000,call,50.0,0.13,0.0,0.15,20,148,0.2793040820312499,45.7400016784668,0.10514481417931243,0.05939853372972644,-0.013918329108276516,0.019969711470901173,0.0026807629466716336,0.45557185058593763,,165.0,61.3,2026-08-25 17:56:57+00:00,True,False
OGE,2026-09-18,OGE260918P00040000,put,40.0,0.11,0.0,2.15,10,120,0.7514673291015624,45.7400016784668,-0.19765705590443794,0.03371664878809903,-0.053193371000284484,0.030498135434105855,-0.00577136557125765,0.45557185058593763,,165.0,61.3,2026-07-31 14:19:03+00:00,True,False
OPLN,2026-10-16,OPLN261016C00035000,call,35.0,1.23,1.5,3.0,15,137,0.5720257641601563,35.09000015258789,0.5592522426905492,0.0536455676045688,-0.031874307277244156,0.05072468870790981,0.022209923117711063,0.4547173669433594,,139.8,163.0,2026-08-24 13:30:36+00:00,False,False
OPLN,2026-10-16,OPLN261016C00050000,call,50.0,0.1,0.0,0.15,116,114,0.5566450585937501,35.09000015258789,0.05465185660677269,0.015465886100073982,-0.00832467977322778,0.014230597047231725,0.0023679465058287184,0.4547173669433594,,139.8,163.0,2026-08-05 19:51:48+00:00,True,False
ORN,2026-09-18,ORN260918C00010000,call,10.0,0.36,0.0,1.65,10,156,1.2265663671875,9.270000457763672,0.459868552490202,0.14553626502768863,-0.026247684527571053,0.008825680850949327,0.0019874420227464244,1.084963154296875,,64.4,238.2,2026-08-28 15:10:47+00:00,True,False
ORN,2026-09-18,ORN260918P00010000,put,10.0,1.0,0.6,2.0,10,187,0.94335994140625,9.270000457763672,-0.5828317095290867,0.1860764742920716,-0.01858024591159774,0.008678703285309855,-0.0038343773984108377,1.084963154296875,,64.4,238.2,2026-08-20 15:33:52+00:00,False,True
PEG,2026-09-18,PEG260918P00072500,put,72.5,1.16,1.0,1.35,13,243,0.23438265625,73.19000244140625,-0.40215789290026305,0.09402415288842432,-0.033703429894063774,0.06791955857933954,-0.01763725995646294,0.242195078125,,272.5,131.8,2026-08-28 18:25:51+00:00,False,False
PEG,2026-09-18,PEG260918P00075000,put,75.0,3.0,2.6,3.2,14,409,0.3000558276367187,73.19000244140625,-0.6039059672356439,0.07315085273810655,-0.04186071232756765,0.06764744725840419,-0.02716511597053338,0.242195078125,,272.5,131.8,2026-08-28 19:33:19+00:00,False,False
PEG,2026-10-16,PEG261016C00075000,call,75.0,1.25,0.45,2.3,147,281,0.2854075366210937,73.19000244140625,0.45337588588148064,0.05176804727206021,-0.03515109369882218,0.1062512283119663,0.04123170489362022,0.23572541625976556,,229.5,89.8,2026-08-27 15:08:52+00:00,False,True
PHIN,2026-09-18,PHIN260918P00065000,put,65.0,0.45,0.05,2.0,200,800,0.5395553857421876,68.6500015258789,-0.30534678998071163,0.03944509865904562,-0.0710089032373436,0.057708078157908176,-0.013129650112461467,0.4644828942871094,,116.2,128.7,2026-08-05 13:52:09+00:00,False,True
PRIM,2026-09-18,PRIM260918C00090000,call,90.0,0.45,0.25,0.5,70,102,0.5815471533203125,73.12000274658203,0.08095675901288013,0.014707150713562312,-0.037191310204003514,0.026309482485568282,0.0032014564086862286,0.6040078662109377,,104.6,100.0,2026-08-28 16:34:31+00:00,False,False
PRIM,2026-09-18,PRIM260918P00060000,put,60.0,0.65,0.0,1.0,100,113,0.6347692773437501,73.12000274658203,-0.08168047186870941,0.01356479674821193,-0.03915233111636553,0.026486710089607724,-0.0036897075392018945,0.6040078662109377,,104.6,100.0,2026-08-21 15:45:22+00:00,True,False
QFIN,2026-09-18,QFIN260918C00010000,call,10.0,0.05,0.05,0.15,83,1070,0.5195360546875,8.800000190734863,0.17350288088620025,0.23378063843445157,-0.006889865951620384,0.0054114796021059045,0.0008228493718057772,0.7509790527343749,,77.0,69.2,2026-08-28 18:03:16+00:00,False,True
QFIN,2026-09-18,QFIN260918C00012500,call,12.5,0.01,0.0,0.05,2372,4073,0.773439765625,8.800000190734863,0.03724489394479715,0.0498021200966365,-0.003202189723426748,0.0017161929823503105,0.00017547785802939816,0.7509790527343749,,77.0,69.2,2026-08-27 19:26:01+00:00,True,False
QFIN,2026-09-18,QFIN260918P00010000,put,10.0,1.6,1.5,1.75,56,994,0.98242205078125,8.800000190734863,-0.6599943937679523,0.17669589201731678,-0.017078220095109276,0.007734216910660788,-0.004254127986124977,0.7509790527343749,,77.0,69.2,2026-08-28 17:25:09+00:00,False,False
QFIN,2026-10-16,QFIN261016C00010000,call,10.0,0.2,0.05,0.2,16,230,0.45117736328125,8.800000190734863,0.25783460317316076,0.22201059806952556,-0.005076400770766807,0.01041332894150061,0.0027661446054489565,0.602543037109375,,90.8,74.9,2026-08-28 17:05:55+00:00,False,True
QFIN,2026-10-16,QFIN261016P00007500,put,7.5,0.25,0.1,0.3,56,100,0.5468795312500001,8.800000190734863,-0.17581439867949866,0.1466201244840774,-0.004414642201279857,0.008335925630509226,-0.0023239774409348733,0.602543037109375,,90.8,74.9,2026-08-28 16:44:15+00:00,False,True
RRX,2026-09-18,RRX260918P00150000,put,150.0,3.1,2.3,4.1,41,589,0.4796194616699218,157.42999267578125,-0.3075642694943441,0.019412139162037968,-0.14445404548009882,0.1327613237565691,-0.030042155290703712,0.5523116058349611,,82.2,111.8,2026-08-28 17:56:10+00:00,False,False
RRX,2026-09-18,RRX260918P00165000,put,165.0,10.8,9.6,12.2,17,100,0.4969532727050781,157.42999267578125,-0.6218192845830053,0.020260055465842138,-0.1548579492351308,0.14356797202062038,-0.06306234872523454,0.5523116058349611,,82.2,111.8,2026-08-28 19:52:45+00:00,False,False
SARO,2026-09-18,SARO260918C00025000,call,25.0,0.85,0.8,1.4,160,886,0.570316796875,25.01000022888184,0.5367905623378875,0.11610876143866153,-0.03400638314228901,0.023830599975842363,0.0069168947392951085,0.4802298071289063,,111.8,211.1,2026-08-28 19:36:46+00:00,False,False
SARO,2026-09-18,SARO260918C00035000,call,35.0,0.5,0.0,0.6,153,154,1.013676806640625,25.01000022888184,0.10587019985483309,0.030081218263740557,-0.026809349471719274,0.010973590566478581,0.0013625253531240123,0.4802298071289063,,111.8,211.1,2026-08-06 15:39:38+00:00,True,False
SARO,2026-09-18,SARO260918P00025000,put,25.0,0.88,0.7,0.95,11,291,0.3901428173828125,25.01000022888184,-0.4674011133992326,0.16988553302193973,-0.02043340452759762,0.0238524961647395,-0.007238501537331956,0.4802298071289063,,111.8,211.1,2026-08-28 17:26:08+00:00,False,False
SARO,2026-10-16,SARO261016C00022500,call,22.5,3.6,2.9,3.5,50,404,0.5712933496093751,25.01000022888184,0.7395583745833775,0.0620139852524037,-0.019385735998767504,0.029749482613440535,0.020023397074138454,0.4201718139648437,,117.1,129.6,2026-08-28 13:34:48+00:00,False,False
SARO,2026-10-16,SARO261016C00025000,call,25.0,1.4,1.35,1.65,84,182,0.4458063232421875,25.01000022888184,0.5498225857119802,0.09689336370339946,-0.018149409914115257,0.03627194665401903,0.016161585411679585,0.4201718139648437,,117.1,129.6,2026-08-28 17:33:00+00:00,False,False
SARO,2026-10-16,SARO261016C00030000,call,30.0,0.22,0.2,0.55,26,233,0.5444381494140625,25.01000022888184,0.21811111990584997,0.05905566887294554,-0.01566857782848776,0.026998569181058543,0.0065615523015494824,0.4201718139648437,,117.1,129.6,2026-08-28 19:58:17+00:00,False,True
SEDG,2026-08-28,SEDG260828C00030000,call,30.0,1.5,1.26,1.59,17,105,0.51562984375,31.40999984741211,,,,,,0.19825020507812502,,,,2026-08-28 19:35:00+00:00,False,False
SEDG,2026-08-28,SEDG260828C00031000,call,31.0,0.63,0.26,0.59,19,112,0.5312546875,31.40999984741211,,,,,,0.19825020507812502,,,,2026-08-28 19:44:26+00:00,False,True
SEDG,2026-08-28,SEDG260828C00032000,call,32.0,0.04,0.0,0.04,156,234,0.3320379296875,31.40999984741211,,,,,,0.19825020507812502,,,,2026-08-28 19:44:52+00:00,True,False
SEDG,2026-08-28,SEDG260828C00032500,call,32.5,0.02,0.0,0.24,151,144,0.7187528125,31.40999984741211,,,,,,0.19825020507812502,,,,2026-08-28 19:21:53+00:00,True,False
SEDG,2026-08-28,SEDG260828C00033000,call,33.0,0.01,0.0,0.01,67,675,0.500005,31.40999984741211,,,,,,0.19825020507812502,,,,2026-08-28 19:18:03+00:00,True,False
SEDG,2026-08-28,SEDG260828C00033500,call,33.5,0.01,0.0,0.73,141,169,1.640626796875,31.40999984741211,,,,,,0.19825020507812502,,,,2026-08-28 19:42:05+00:00,True,False
SEDG,2026-08-28,SEDG260828C00034000,call,34.0,0.01,0.0,0.01,85,869,0.6875031250000001,31.40999984741211,,,,,,0.19825020507812502,,,,2026-08-28 17:36:46+00:00,True,False
SEDG,2026-08-28,SEDG260828C00034500,call,34.5,0.01,0.0,0.01,26,214,0.7812521875,31.40999984741211,,,,,,0.19825020507812502,,,,2026-08-28 15:32:00+00:00,True,False
SEDG,2026-08-28,SEDG260828C00035000,call,35.0,0.04,0.0,0.39,35,817,1.8007822460937497,31.40999984741211,,,,,,0.19825020507812502,,,,2026-08-28 19:26:38+00:00,True,False
SEDG,2026-08-28,SEDG260828C00037500,call,37.5,0.01,0.0,0.24,239,128,2.2656293359375,31.40999984741211,,,,,,0.19825020507812502,,,,2026-08-27 18:10:56+00:00,True,False
SEDG,2026-08-28,SEDG260828P00026000,put,26.0,0.02,0.0,0.72,183,351,3.3554703613281243,31.40999984741211,,,,,,0.19825020507812502,,,,2026-08-26 17:59:06+00:00,True,False
SEDG,2026-08-28,SEDG260828P00028500,put,28.5,0.01,0.0,0.24,12,218,1.4921900390624998,31.40999984741211,,,,,,0.19825020507812502,,,,2026-08-28 17:36:53+00:00,True,False
SEDG,2026-08-28,SEDG260828P00029000,put,29.0,0.02,0.0,0.24,31,240,1.2968785156249998,31.40999984741211,,,,,,0.19825020507812502,,,,2026-08-28 18:27:41+00:00,True,False
SEDG,2026-08-28,SEDG260828P00030000,put,30.0,0.01,0.0,0.04,77,278,0.5468795312500001,31.40999984741211,,,,,,0.19825020507812502,,,,2026-08-28 19:43:27+00:00,True,False
SEDG,2026-08-28,SEDG260828P00031000,put,31.0,0.01,0.0,0.04,38,162,0.26563234375,31.40999984741211,,,,,,0.19825020507812502,,,,2026-08-28 19:38:35+00:00,True,False
SEDG,2026-08-28,SEDG260828P00032000,put,32.0,0.38,0.41,0.74,99,231,0.5625043750000001,31.40999984741211,,,,,,0.19825020507812502,,,,2026-08-28 19:46:33+00:00,False,False
SEDG,2026-08-28,SEDG260828P00032500,put,32.5,0.98,0.91,1.24,12,226,0.7851583984375,31.40999984741211,,,,,,0.19825020507812502,,,,2026-08-28 19:49:34+00:00,False,False
SEDG,2026-08-28,SEDG260828P00033000,put,33.0,1.45,1.41,1.74,21,50,0.98437515625,31.40999984741211,,,,,,0.19825020507812502,,,,2026-08-28 19:44:11+00:00,False,False
SEDG,2026-08-28,SEDG260828P00034000,put,34.0,2.5,2.41,2.74,24,360,1.3437532812499997,31.40999984741211,,,,,,0.19825020507812502,,,,2026-08-28 18:23:51+00:00,False,False
SEDG,2026-08-28,SEDG260828P00035000,put,35.0,3.43,3.4,3.7,46,614,1.5390648046875,31.40999984741211,,,,,,0.19825020507812502,,,,2026-08-28 19:56:47+00:00,False,False
SEDG,2026-09-04,SEDG260904C00030000,call,30.0,2.11,1.87,2.16,12,53,0.65039412109375,31.40999984741211,0.7141695406538144,0.12016972501430791,-0.07150404981752076,0.014788111571627299,0.0039246614618805445,0.6528355029296876,,93.3,97.1,2026-08-28 19:41:05+00:00,False,False
SEDG,2026-09-04,SEDG260904C00031000,call,31.0,1.5,1.26,1.54,19,110,0.6425816992187501,31.40999984741211,0.5804012509034813,0.139820166462308,-0.08033970142399972,0.01699961992614509,0.0032391354114472254,0.6528355029296876,,93.3,97.1,2026-08-28 19:53:55+00:00,False,False
SEDG,2026-09-04,SEDG260904C00032000,call,32.0,1.06,0.87,1.06,17,90,0.6611362011718751,31.40999984741211,0.44156441656964673,0.13723219605834008,-0.08284507502165434,0.017166746554209748,0.002487528997009956,0.6528355029296876,,93.3,97.1,2026-08-28 19:44:26+00:00,False,False
SEDG,2026-09-04,SEDG260904C00033000,call,33.0,0.65,0.58,0.71,58,426,0.676761044921875,31.40999984741211,0.3192478702474384,0.12136027731100742,-0.07641488359094938,0.015540069493637136,0.0018117003406048992,0.6528355029296876,,93.3,97.1,2026-08-28 19:56:37+00:00,False,False
SEDG,2026-09-04,SEDG260904C00033500,call,33.5,0.47,0.38,0.51,237,80,0.6337927246093751,31.40999984741211,0.24852551014282476,0.11490477875858088,-0.06339584362246056,0.013779275536517257,0.001422135217118964,0.6528355029296876,,93.3,97.1,2026-08-28 19:59:13+00:00,False,False
SEDG,2026-09-04,SEDG260904C00034000,call,34.0,0.39,0.37,0.47,167,112,0.6914093359375001,31.40999984741211,0.2207615910153794,0.09864692091873928,-0.06463337287256413,0.012905053747695317,0.001259975602272108,0.6528355029296876,,93.3,97.1,2026-08-28 19:58:43+00:00,False,False
SEDG,2026-09-04,SEDG260904C00034500,call,34.5,0.35,0.27,0.39,23,60,0.69336244140625,31.40999984741211,0.17898911908796616,0.08669530682641607,-0.05706044106714954,0.011373573665939335,0.0010245294487140613,0.6528355029296876,,93.3,97.1,2026-08-28 19:56:37+00:00,False,False
SEDG,2026-09-04,SEDG260904C00035000,call,35.0,0.3,0.16,0.32,397,338,0.6796907031250001,31.40999984741211,0.1373084869318364,0.07429415332022742,-0.046950082778920064,0.009554479027836148,0.0007892102062578887,0.6528355029296876,,93.3,97.1,2026-08-28 19:27:08+00:00,False,False
SEDG,2026-09-04,SEDG260904C00036500,call,36.5,0.48,0.06,0.19,63,69,0.7148466015625,31.40999984741211,0.07243202570304838,0.04432787359972703,-0.030912129019283568,0.005995574443836862,0.0004178204710794236,0.6528355029296876,,93.3,97.1,2026-08-27 19:33:44+00:00,False,True
SEDG,2026-09-04,SEDG260904C00045000,call,45.0,0.06,0.0,0.25,40,88,1.390628046875,31.40999984741211,0.038726074072866906,0.013875753423231246,-0.036419904489365995,0.003650972838521045,0.0002164140088504293,0.6528355029296876,,93.3,97.1,2026-08-28 15:41:15+00:00,True,False
SEDG,2026-09-04,SEDG260904C00046000,call,46.0,0.07,0.0,0.25,85,127,1.453127734375,31.40999984741211,0.03668897351776846,0.012705938031243761,-0.036406021428499385,0.0034934261659330754,0.00020448550281240108,0.6528355029296876,,93.3,97.1,2026-08-20 13:39:11+00:00,True,False
SEDG,2026-09-04,SEDG260904C00049000,call,49.0,0.34,0.0,0.25,15,160,1.640626796875,31.40999984741211,0.032925245657520266,0.010296827833124935,-0.03758725149107813,0.0031963497620052755,0.00018198137020054552,0.6528355029296876,,93.3,97.1,2026-08-07 16:56:44+00:00,True,False
SEDG,2026-09-04,SEDG260904P00025000,put,25.0,0.01,0.0,0.06,24,93,0.7812521875,31.40999984741211,-0.014903519365586093,0.011082285720686329,-0.009074981739688055,0.0016381800523492037,-9.334305860352239e-05,0.6528355029296876,,93.3,97.1,2026-08-28 15:49:11+00:00,True,False
SEDG,2026-09-04,SEDG260904P00026500,put,26.5,0.35,0.01,0.1,50,50,0.6796907031250001,31.40999984741211,-0.031222210885746504,0.023787985605046916,-0.014712853160090779,0.0030592152870797832,-0.00019520747073298593,0.6528355029296876,,93.3,97.1,2026-08-24 15:17:47+00:00,False,True
SEDG,2026-09-04,SEDG260904P00028500,put,28.5,0.19,0.15,0.24,28,64,0.6113320117187502,31.40999984741211,-0.11467456774042972,0.07284635248456839,-0.03627931496066662,0.008426088045105475,-0.0007203326104031437,0.6528355029296876,,93.3,97.1,2026-08-28 19:56:15+00:00,False,False
SEDG,2026-09-04,SEDG260904P00030000,put,30.0,0.55,0.49,0.59,752,159,0.6093789062500001,31.40999984741211,-0.2749850221915138,0.12587805850211753,-0.061926506011653795,0.014513711866502568,-0.0017463902120545094,0.6528355029296876,,93.3,97.1,2026-08-28 19:57:40+00:00,False,False
SEDG,2026-09-04,SEDG260904P00031000,put,31.0,0.88,0.93,1.07,15,175,0.648441015625,31.40999984741211,-0.4199996965212348,0.13858552285502967,-0.07682192923902538,0.017003150000081423,-0.0027046976141346496,0.6528355029296876,,93.3,97.1,2026-08-28 19:12:02+00:00,False,False
SEDG,2026-09-04,SEDG260904P00032000,put,32.0,1.41,1.44,1.62,21,65,0.647464462890625,31.40999984741211,-0.5604149980045599,0.14002488356584797,-0.07672445338912443,0.0171538734106723,-0.003650999598572945,0.6528355029296876,,93.3,97.1,2026-08-28 19:49:34+00:00,False,False
SEDG,2026-09-04,SEDG260904P00033000,put,33.0,2.07,2.01,2.26,23,305,0.6171913281250001,31.40999984741211,-0.6997893792770816,0.1295516612451351,-0.06340382507014679,0.015128777851777858,-0.004608149854263135,0.6528355029296876,,93.3,97.1,2026-08-28 19:44:11+00:00,False,False
SEDG,2026-09-04,SEDG260904P00035000,put,35.0,3.65,3.6,3.95,19,409,0.6269568554687501,31.40999984741211,-0.883367844827545,0.07189012479134496,-0.0338820652242981,0.008528014638618403,-0.006032081098179305,0.6528355029296876,,93.3,97.1,2026-08-28 19:56:47+00:00,False,False
SEDG,2026-09-11,SEDG260911C00033000,call,33.0,1.27,1.07,1.35,64,57,0.7304714453125,31.40999984741211,0.39733910516398996,0.08582522914578096,-0.06344120902172279,0.023724073186759856,0.004337804966503803,0.7314479980468749,,94.7,103.5,2026-08-28 19:55:05+00:00,False,False
SEDG,2026-09-11,SEDG260911C00034000,call,34.0,0.87,0.79,1.05,13,71,0.737307314453125,31.40999984741211,0.3215984397842384,0.07900950983327247,-0.059311392828254886,0.022044433848367264,0.003536676725321341,0.7314479980468749,,94.7,103.5,2026-08-28 17:36:58+00:00,False,False
SEDG,2026-09-11,SEDG260911C00037000,call,37.0,0.91,0.32,0.49,11,72,0.77148666015625,31.40999984741211,0.15967338254424807,0.051199838053389214,-0.04182089247987161,0.014947482310544739,0.001780666888572653,0.7314479980468749,,94.7,103.5,2026-08-27 18:26:35+00:00,False,False
SEDG,2026-09-11,SEDG260911P00029000,put,29.0,0.9,0.63,0.87,118,158,0.692385888671875,31.40999984741211,-0.25121986462618306,0.07480109934222623,-0.047288941783327126,0.019598698347532972,-0.0032895847283703084,0.7314479980468749,,94.7,103.5,2026-08-28 16:16:59+00:00,False,False
SEDG,2026-09-11,SEDG260911P00030000,put,30.0,1.25,0.97,1.23,49,107,0.6904327832031252,31.40999984741211,-0.3367114662580858,0.08594735742423036,-0.05378296749227459,0.02245561596632222,-0.004448625323315003,0.7314479980468749,,94.7,103.5,2026-08-28 16:11:43+00:00,False,False
SEDG,2026-09-18,SEDG260918C00030000,call,30.0,2.8,2.79,3.15,47,267,0.7304714453125,31.40999984741211,0.6428759523422923,0.06778952207601482,-0.05124488216599865,0.02810788154661002,0.009908456516946669,0.73437765625,,97.9,102.5,2026-08-28 17:08:08+00:00,False,False
SEDG,2026-09-18,SEDG260918C00032500,call,32.5,1.7,1.65,1.9,27,443,0.7290066162109375,31.40999984741211,0.4636637125168254,0.07233375749964496,-0.05370768090785097,0.029931935075946416,0.00736647274936235,0.73437765625,,97.9,102.5,2026-08-28 18:01:50+00:00,False,False
SEDG,2026-09-18,SEDG260918C00034000,call,34.0,1.24,1.16,1.45,14,102,0.74414318359375,31.40999984741211,0.36747620413587945,0.06719462754657551,-0.05169272001554455,0.028382677192290196,0.0059016664174416835,0.73437765625,,97.9,102.5,2026-08-28 17:34:20+00:00,False,False
SEDG,2026-09-18,SEDG260918C00035000,call,35.0,1.08,0.98,1.05,79,1911,0.7377955908203124,31.40999984741211,0.3061524158193407,0.06312079254028845,-0.047617448736123065,0.026434481573560667,0.004960845185778342,0.73437765625,,97.9,102.5,2026-08-28 19:55:00+00:00,False,False
SEDG,2026-09-18,SEDG260918C00037500,call,37.5,0.57,0.53,0.71,11,112,0.7763694238281251,31.40999984741211,0.1995944583685303,0.04780454036032377,-0.03971896095959218,0.02106686288696653,0.0032629540160839573,0.73437765625,,97.9,102.5,2026-08-28 18:14:02+00:00,False,False
SEDG,2026-09-18,SEDG260918C00040000,call,40.0,0.33,0.32,0.38,44,5372,0.79101771484375,31.40999984741211,0.12218633330236645,0.033995131222671365,-0.029227843080422557,0.015263890098068533,0.002016866287771593,0.73437765625,,97.9,102.5,2026-08-28 18:06:35+00:00,False,False
SEDG,2026-09-18,SEDG260918C00045000,call,45.0,0.12,0.03,0.21,80,6286,0.8320329296874999,31.40999984741211,0.045771122155188707,0.01532890615544259,-0.014523715329547588,0.007239590128309188,0.0007638305421619051,0.73437765625,,97.9,102.5,2026-08-28 19:47:54+00:00,False,True
SEDG,2026-09-18,SEDG260918C00120000,call,120.0,0.23,0.0,0.07,10,170,2.0468798828125,31.40999984741211,0.0065933512169645365,0.001198555438670823,-0.006811089826926915,0.0013925563675764652,0.00010262112834588238,0.73437765625,,97.9,102.5,2026-08-04 19:01:47+00:00,True,False
SEDG,2026-09-18,SEDG260918P00025000,put,25.0,0.26,0.2,0.26,54,1363,0.72070591796875,31.40999984741211,-0.07730573818925857,0.026677625050730278,-0.01836692487791182,0.010913587918080734,-0.0015137895011007251,0.73437765625,,97.9,102.5,2026-08-28 19:46:01+00:00,False,False
SEDG,2026-09-18,SEDG260918P00027000,put,27.0,0.58,0.45,0.66,13,51,0.717776259765625,31.40999984741211,-0.16316708435642968,0.04557139045824005,-0.030959613786949697,0.018567082569132823,-0.003239732907128153,0.73437765625,,97.9,102.5,2026-08-28 18:10:57+00:00,False,False
SEDG,2026-09-18,SEDG260918P00027500,put,27.5,0.66,0.56,0.71,26,761,0.700198310546875,31.40999984741211,-0.18602414364678654,0.05077294603770118,-0.03276226110463625,0.020179747181396937,-0.0036967521972997024,0.73437765625,,97.9,102.5,2026-08-28 18:10:57+00:00,False,False
SEDG,2026-09-18,SEDG260918P00029500,put,29.5,1.25,1.13,1.35,757,1511,0.6904327832031252,31.40999984741211,-0.3159711716118261,0.06838110556575688,-0.042535576079193865,0.0267990760616034,-0.006380187192236567,0.73437765625,,97.9,102.5,2026-08-28 18:20:07+00:00,False,False
SEDG,2026-09-18,SEDG260918P00030000,put,30.0,1.42,1.37,1.55,38,2195,0.6958038232421876,31.40999984741211,-0.35350399215466743,0.0709108516178789,-0.04468828110326752,0.028006691705032987,-0.007180851013548552,0.73437765625,,97.9,102.5,2026-08-28 18:26:06+00:00,False,False
SEDG,2026-09-18,SEDG260918P00032500,put,32.5,2.95,2.72,2.97,34,1212,0.7226590234375,31.40999984741211,-0.5372620157775287,0.07295340684888339,-0.048803578218080554,0.02992549249628051,-0.011284243316544795,0.73437765625,,97.9,102.5,2026-08-28 18:01:50+00:00,False,False
SEDG,2026-09-18,SEDG260918P00052500,put,52.5,19.87,20.85,21.3,105,142,1.2168007910156249,31.40999984741211,-0.9456676020151691,0.012017768464213551,-0.017084480505196096,0.00830052601051497,-0.029246048032580223,0.73437765625,,97.9,102.5,2026-08-12 14:47:32+00:00,False,False
SEDG,2026-09-25,SEDG260925P00020000,put,20.0,0.09,0.01,0.16,104,84,0.8828136718749999,31.40999984741211,-0.023625759672710966,0.007257047596964915,-0.007532011076988302,0.004848752955235383,-0.0006261919731265759,0.731447998046875,,95.8,105.1,2026-08-26 18:03:10+00:00,False,True
SEDG,2026-10-16,SEDG261016C00027500,call,27.5,6.0,5.45,5.9,20,50,0.7773459765625,31.40999984741211,0.7365458395506645,0.03650406013205719,-0.03219147808603751,0.03758327401447296,0.023324416831202423,0.7297390307617189,,99.8,106.0,2026-08-26 14:58:45+00:00,False,False
SEDG,2026-10-16,SEDG261016C00032500,call,32.5,2.9,2.89,3.1,102,184,0.747072841796875,31.40999984741211,0.5146605324980256,0.04636969034788909,-0.03677318729731498,0.04588135430734183,0.017610098034935177,0.7297390307617189,,99.8,106.0,2026-08-28 16:05:57+00:00,False,False
SEDG,2026-10-16,SEDG261016C00035000,call,35.0,2.17,2.09,2.23,105,707,0.7536645727539062,31.40999984741211,0.40922817221785746,0.04479939489674589,-0.03585062532509998,0.04471871682103388,0.014307002115705599,0.7297390307617189,,99.8,106.0,2026-08-28 19:58:46+00:00,False,False
SEDG,2026-10-16,SEDG261016C00037500,call,37.5,1.82,1.45,1.75,15,196,0.7739280419921876,31.40999984741211,0.3229377856950637,0.04030338606641103,-0.03379246844693964,0.041312473829315965,0.011437370974248445,0.7297390307617189,,99.8,106.0,2026-08-28 15:01:28+00:00,False,False
SEDG,2026-10-16,SEDG261016C00040000,call,40.0,1.18,0.99,1.25,32,382,0.773439765625,31.40999984741211,0.2458179335410856,0.03538062712052449,-0.029506459332003063,0.03624358156278811,0.008841029160295909,0.7297390307617189,,99.8,106.0,2026-08-28 19:41:28+00:00,False,False
SEDG,2026-10-16,SEDG261016C00045000,call,45.0,1.06,0.47,0.69,87,399,0.7915059912109376,31.40999984741211,0.14194773970611946,0.024664707365266075,-0.021413846641669006,0.025856471451722176,0.005200176432229498,0.7297390307617189,,99.8,106.0,2026-08-27 16:26:24+00:00,False,False
SEDG,2026-10-16,SEDG261016C00050000,call,50.0,0.32,0.22,0.44,10,843,0.82226740234375,31.40999984741211,0.08531627338633846,0.016489601980746258,-0.015389698790385804,0.017958180429603034,0.003154784419080282,0.7297390307617189,,99.8,106.0,2026-08-28 16:16:56+00:00,False,False
SEDG,2026-10-16,SEDG261016C00067500,call,67.5,0.51,0.0,0.63,20,53,1.1777384863281248,31.40999984741211,0.06159841248070256,0.008971316559266616,-0.017040414914873625,0.013994072923916506,0.002182483535973266,0.7297390307617189,,99.8,106.0,2026-08-06 16:04:56+00:00,True,False
SEDG,2026-10-16,SEDG261016C00110000,call,110.0,0.1,0.0,0.54,10,2506,1.6640641796875002,31.40999984741211,0.04094699468200538,0.004586019868716317,-0.017303520143320837,0.010107531146003212,0.0013786921531472496,0.7297390307617189,,99.8,106.0,2026-08-12 18:59:42+00:00,True,False
SEDG,2026-10-16,SEDG261016P00017500,put,17.5,0.14,0.0,0.4,13,68,0.992187578125,31.40999984741211,-0.035207812645095427,0.006799978866784662,-0.008870550132269358,0.008935943880210278,-0.0017299338714278178,0.7297390307617189,,99.8,106.0,2026-08-25 16:20:29+00:00,True,False
SEDG,2026-10-16,SEDG261016P00027500,put,27.5,1.66,1.42,1.73,34,495,0.7280300634765625,31.40999984741211,-0.2556187769284931,0.038373812691151206,-0.026185252377596738,0.037001842402101685,-0.012769063427070506,0.7297390307617189,,99.8,106.0,2026-08-28 18:03:04+00:00,False,False
SEDG,2026-10-16,SEDG261016P00030000,put,30.0,2.75,2.44,2.72,57,2060,0.7160672924804687,31.40999984741211,-0.3700111268440216,0.045817062009761586,-0.029822282849437394,0.043453039277312484,-0.018894629929039654,0.7297390307617189,,99.8,106.0,2026-08-28 17:55:28+00:00,False,False
SEDG,2026-10-16,SEDG261016P00032500,put,32.5,4.15,3.85,4.0,21,694,0.7124052197265626,31.40999984741211,-0.4898143934255287,0.0486431679027307,-0.0307420560182506,0.0458973940253734,-0.02570328177637176,0.7297390307617189,,99.8,106.0,2026-08-28 16:01:47+00:00,False,False
SEDG,2026-10-16,SEDG261016P00035000,put,35.0,5.6,5.5,5.7,180,933,0.7202176416015625,31.40999984741211,-0.5997614431948317,0.04661836922192153,-0.02936037571639356,0.04446926142731379,-0.032543783868775884,0.7297390307617189,,99.8,106.0,2026-08-28 19:58:46+00:00,False,False
SEDG,2026-10-16,SEDG261016P00047500,put,47.5,15.88,16.05,16.65,13,62,0.71679970703125,31.40999984741211,-0.9218986693957839,0.017696795326498625,-0.006125339227744427,0.016800860714007416,-0.06040019594483815,0.7297390307617189,,99.8,106.0,2026-08-26 15:47:24+00:00,False,False
SEDG,2026-10-16,SEDG261016P00060000,put,60.0,27.8,28.3,28.85,22,637,1.001958115234375,31.40999984741211,-0.9407555573413885,0.010228537000723324,-0.00593347685235177,0.013573822688393244,-0.07785594482083359,0.7297390307617189,,99.8,106.0,2026-08-06 16:25:18+00:00,False,False
SFD,2026-09-18,SFD260918C00022500,call,22.5,0.29,0.25,0.4,38,663,0.2949289257812499,21.940000534057617,0.38964680654666417,0.24713789546229262,-0.01529005600440224,0.020186285483715996,0.004683040286229438,0.26758544921874994,,137.2,433.6,2026-08-28 18:58:40+00:00,False,False
SFD,2026-09-18,SFD260918P00022500,put,22.5,0.75,0.65,0.85,15,720,0.2402419726562499,21.940000534057617,-0.6400684604050995,0.29589048465321754,-0.00922837436959783,0.0196870018609122,-0.008537269275217202,0.26758544921874994,,137.2,433.6,2026-08-28 17:31:06+00:00,False,False
SFD,2026-10-16,SFD261016P00022500,put,22.5,1.0,0.1,1.2,13,115,0.2719799365234374,21.940000534057617,-0.5539839915373295,0.18079413172419026,-0.007003127806161152,0.03177588691006248,-0.0177933845473679,0.3281317187499999,,103.1,90.8,2026-08-27 16:44:45+00:00,False,True
SIG,2026-08-28,SIG260828P00078000,put,78.0,0.1,0.0,2.2,11,53,1.703126484375,82.69999694824219,,,,,,0.559574716796875,,,,2026-08-26 15:45:33+00:00,True,False
SIG,2026-09-04,SIG260904C00095000,call,95.0,0.45,0.0,2.2,153,166,0.960937890625,82.69999694824219,0.16647178487087866,0.022685566177089122,-0.19801866970218926,0.028593090814165344,0.0024642938489338557,0.4899953344726563,,92.6,150.1,2026-08-26 14:03:42+00:00,True,False
SIG,2026-09-04,SIG260904C00100000,call,100.0,1.6,0.0,0.85,21,413,0.903321279296875,82.69999694824219,0.07377771498173026,0.013512249756084787,-0.10409132160337264,0.01600980593228103,0.0011078664842937426,0.4899953344726563,,92.6,150.1,2026-08-12 14:34:04+00:00,True,False
SIG,2026-10-16,SIG261016P00070000,put,70.0,2.75,0.9,2.45,11,164,0.5349167602539062,82.69999694824219,-0.1628248936483665,0.015183661007689942,-0.038649821618048065,0.07457219169900837,-0.02013090002979704,0.5799602551269532,,99.2,104.1,2026-08-20 16:20:09+00:00,False,True
SSYS,2026-09-18,SSYS260918C00007500,call,7.5,0.5,0.45,0.5,59,156,0.492192578125,7.739999771118164,0.636906026483928,0.4106196818999738,-0.008769612405517562,0.006965994845654981,0.002546262480289896,0.485356708984375,,98.6,453.1,2026-08-28 19:20:58+00:00,False,False
SSYS,2026-09-18,SSYS260918P00007500,put,7.5,0.15,0.15,0.25,15,707,0.47852083984375,7.739999771118164,-0.3605907394645238,0.421355256269288,-0.007503648740807001,0.006949564630967608,-0.0017397903262010065,0.485356708984375,,98.6,453.1,2026-08-27 18:40:50+00:00,False,False
SSYS,2026-10-16,SSYS261016C00010000,call,10.0,0.15,0.05,0.15,40,81,0.570316796875,7.739999771118164,0.1379939749534353,0.13627112568971175,-0.0037695388244177183,0.006250361227671195,0.0012946205325223518,0.56055126953125,,105.2,101.7,2026-08-27 16:37:23+00:00,False,True
SSYS,2026-10-16,SSYS261016P00007500,put,7.5,0.33,0.3,0.55,65,179,0.5898478515625001,7.739999771118164,-0.3878738136600768,0.22901105012285528,-0.006056465932175445,0.010863794736867025,-0.00472649371825077,0.56055126953125,,105.2,101.7,2026-08-26 17:38:02+00:00,False,False
STM,2026-08-28,STM260828C00050000,call,50.0,0.05,0.0,0.05,14,241,0.23438265625,49.380001068115234,,,,,,0.48242705078125003,,,,2026-08-28 19:30:47+00:00,True,False
STM,2026-08-28,STM260828C00052000,call,52.0,0.23,0.0,0.4,13,248,0.95898478515625,49.380001068115234,,,,,,0.48242705078125003,,,,2026-08-28 19:17:35+00:00,True,False
STM,2026-08-28,STM260828C00053000,call,53.0,0.54,0.0,1.0,7103,7273,1.6328143359374998,49.380001068115234,,,,,,0.48242705078125003,,,,2026-08-28 19:05:40+00:00,True,False
STM,2026-08-28,STM260828C00055000,call,55.0,0.13,0.0,0.4,7105,7167,1.5898458007812497,49.380001068115234,,,,,,0.48242705078125003,,,,2026-08-28 19:22:35+00:00,True,False
STM,2026-08-28,STM260828C00075000,call,75.0,0.15,0.0,2.15,11,71,6.48437689453125,49.380001068115234,,,,,,0.48242705078125003,,,,2026-08-03 19:18:47+00:00,True,False
STM,2026-08-28,STM260828P00047500,put,47.5,0.05,0.0,2.15,51,62,1.8457038964843748,49.380001068115234,,,,,,0.48242705078125003,,,,2026-08-27 19:30:42+00:00,True,False
STM,2026-08-28,STM260828P00048000,put,48.0,0.04,0.0,0.35,52,882,0.632816171875,49.380001068115234,,,,,,0.48242705078125003,,,,2026-08-28 16:46:42+00:00,True,False
STM,2026-08-28,STM260828P00050000,put,50.0,0.55,0.35,0.85,60,185,0.460942890625,49.380001068115234,,,,,,0.48242705078125003,,,,2026-08-28 19:54:38+00:00,False,True
STM,2026-08-28,STM260828P00051000,put,51.0,1.5,1.25,1.85,72,207,0.7539087109375,49.380001068115234,,,,,,0.48242705078125003,,,,2026-08-28 19:45:32+00:00,False,False
STM,2026-08-28,STM260828P00052000,put,52.0,2.5,2.5,3.0,26,83,0.8359391406249999,49.380001068115234,,,,,,0.48242705078125003,,,,2026-08-28 17:49:24+00:00,False,False
STM,2026-09-04,STM260904C00048000,call,48.0,2.75,1.85,2.9,10,74,0.5532271240234375,49.380001068115234,0.6630456529517897,0.09651703577588328,-0.10284015599796177,0.02496978516730143,0.005836594041253875,0.547856083984375,,92.2,173.1,2026-08-26 13:32:50+00:00,False,False
STM,2026-09-04,STM260904C00050000,call,50.0,1.15,0.8,1.25,160,121,0.5249070947265625,49.380001068115234,0.4514050579121021,0.11031535584424179,-0.1044196117117901,0.027078573287854714,0.004050104057824922,0.547856083984375,,92.2,173.1,2026-08-28 19:56:12+00:00,False,False
STM,2026-09-04,STM260904C00052000,call,52.0,0.43,0.35,0.7,7164,1612,0.567387138671875,49.380001068115234,0.272104727280155,0.08554833250713106,-0.09374730992083864,0.022698564969677905,0.002457495588142069,0.547856083984375,,92.2,173.1,2026-08-28 19:22:55+00:00,False,False
STM,2026-09-04,STM260904C00053000,call,53.0,0.35,0.1,0.5,129,271,0.577152666015625,49.380001068115234,0.20237231543655038,0.07143735643821615,-0.08079507557653212,0.019280728830197266,0.0018338653364182258,0.547856083984375,,92.2,173.1,2026-08-28 19:36:25+00:00,False,True
STM,2026-09-04,STM260904C00054000,call,54.0,0.21,0.0,2.3,6957,140,0.948242705078125,49.380001068115234,0.27155190013545905,0.05113662222347318,-0.15528396152640894,0.022675606591152035,0.0023777608041588624,0.547856083984375,,92.2,173.1,2026-08-28 19:14:51+00:00,True,False
STM,2026-09-04,STM260904P00046000,put,46.0,0.2,0.1,0.3,24,70,0.49023947265625,49.380001068115234,-0.13731671062873407,0.06552277665511286,-0.05163846519178212,0.015021314368732117,-0.001346561078814876,0.547856083984375,,92.2,173.1,2026-08-28 19:10:17+00:00,False,True
STM,2026-09-04,STM260904P00048000,put,48.0,0.63,0.5,1.0,69,85,0.5551802294921876,49.380001068115234,-0.33739639891966133,0.09622641647469038,-0.09666617460698486,0.024982487014182233,-0.0033651842884140555,0.547856083984375,,92.2,173.1,2026-08-28 19:51:44+00:00,False,False
STM,2026-09-04,STM260904P00048500,put,48.5,0.5,0.65,1.15,113,116,0.5366257275390626,49.380001068115234,-0.3851326075046303,0.1041757172679085,-0.09745810742800562,0.026142393964272634,-0.0038454614076981353,0.547856083984375,,92.2,173.1,2026-08-27 19:00:06+00:00,False,False
STM,2026-09-04,STM260904P00049000,put,49.0,0.97,0.85,1.55,13,57,0.596683720703125,49.380001068115234,-0.44179885630502425,0.09672916710129245,-0.11185127849730832,0.02699038024090994,-0.004455415157150885,0.547856083984375,,92.2,173.1,2026-08-28 19:53:06+00:00,False,False
STM,2026-09-04,STM260904P00050000,put,50.0,1.5,1.4,1.85,60,112,0.5180712255859375,49.380001068115234,-0.549610136499708,0.11173559069677669,-0.09621864671759449,0.027070006896865687,-0.0055358110921576035,0.547856083984375,,92.2,173.1,2026-08-28 19:42:09+00:00,False,False
STM,2026-09-04,STM260904P00051000,put,51.0,2.15,1.85,2.4,32,85,0.4887746435546876,49.380001068115234,-0.6659968401228683,0.10886918962807822,-0.08205865914954907,0.024884047601935685,-0.006744792158971228,0.547856083984375,,92.2,173.1,2026-08-28 19:50:38+00:00,False,False
STM,2026-09-04,STM260904P00052000,put,52.0,2.9,2.55,3.4,14,84,0.5996133789062501,49.380001068115234,-0.7154992642195076,0.0827279067493593,-0.0940640126091125,0.023196940879039805,-0.0074023433549382876,0.547856083984375,,92.2,173.1,2026-08-28 18:03:05+00:00,False,False
STM,2026-09-04,STM260904P00055000,put,55.0,4.52,5.2,6.1,61,102,0.73437765625,49.380001068115234,-0.8412425342424165,0.04820288831402508,-0.08032634116764975,0.016553883034326488,-0.009111140611143593,0.547856083984375,,92.2,173.1,2026-08-27 15:44:26+00:00,False,False
STM,2026-09-11,STM260911C00050000,call,50.0,1.95,1.35,3.1,40,51,0.6284216845703126,49.380001068115234,0.4903219286526142,0.06562395536900784,-0.089583066258617,0.038570114395447816,0.008449622899557833,0.561527822265625,,84.7,86.7,2026-08-26 17:40:03+00:00,False,True
STM,2026-09-11,STM260911C00055000,call,55.0,0.26,0.2,0.45,10,69,0.524418818359375,49.380001068115234,0.1636783388986886,0.04869092906222451,-0.04577815713716305,0.023881614857660053,0.0029391575423787786,0.561527822265625,,84.7,86.7,2026-08-28 18:16:09+00:00,False,True
STM,2026-09-11,STM260911C00075000,call,75.0,0.3,0.0,1.2,30,60,1.4384793701171876,49.380001068115234,0.09079779544296018,0.01174991471233895,-0.08175441921147861,0.015807955814078872,0.0015181905693750044,0.561527822265625,,84.7,86.7,2026-08-10 15:07:50+00:00,True,False
STM,2026-09-18,STM260918C00050000,call,50.0,2.07,1.9,2.1,10,2063,0.4926808544921875,49.380001068115234,0.4911627322916547,0.0683476360521669,-0.05844960062607493,0.047240861005644195,0.012741644957440335,0.5083056982421875,,97.2,100.3,2026-08-28 19:42:10+00:00,False,False
STM,2026-09-18,STM260918C00051000,call,51.0,2.0,1.55,1.75,26,61,0.5039112109375,49.380001068115234,0.427465434871813,0.06573295272682443,-0.058405183793627746,0.04646926272536378,0.011137947420127563,0.5083056982421875,,97.2,100.3,2026-08-26 19:08:46+00:00,False,False
STM,2026-09-18,STM260918C00053000,call,53.0,1.8,0.95,1.15,21,181,0.5117236328125,49.380001068115234,0.31151266408017353,0.05832962526445648,-0.05297094316037804,0.041874851599594164,0.008194449433301228,0.5083056982421875,,97.2,100.3,2026-08-27 18:54:24+00:00,False,False
STM,2026-09-18,STM260918C00055000,call,55.0,0.6,0.55,0.7,17,3006,0.5092822509765625,49.380001068115234,0.21251212624130206,0.048111487750301565,-0.04302503964321919,0.03437446502213131,0.005642117275659109,0.5083056982421875,,97.2,100.3,2026-08-28 18:02:06+00:00,False,False
STM,2026-09-18,STM260918C00056000,call,56.0,0.5,0.4,0.6,12,273,0.5283250292968751,49.380001068115234,0.1822875966558249,0.0422653047119892,-0.040559089290360596,0.03132663957767099,0.0048416972930577775,0.5083056982421875,,97.2,100.3,2026-08-28 16:27:25+00:00,False,False
STM,2026-09-18,STM260918C00058000,call,58.0,0.3,0.2,0.35,24,51,0.52539537109375,49.380001068115234,0.11684760623421303,0.03154605960483783,-0.02983104132594019,0.023251982210110652,0.003125535349485207,0.5083056982421875,,97.2,100.3,2026-08-28 18:10:55+00:00,False,False
STM,2026-09-18,STM260918C00059000,call,59.0,0.5,0.15,0.35,10,51,0.51758294921875,49.380001068115234,0.08875679294894323,0.02621639640714821,-0.024026738657422816,0.019036257744216876,0.002383878107775407,0.5083056982421875,,97.2,100.3,2026-08-27 17:27:27+00:00,False,True
STM,2026-09-18,STM260918C00060000,call,60.0,0.18,0.1,0.3,14,8262,0.52539537109375,49.380001068115234,0.07215808988737954,0.022085064785960642,-0.02082545770020889,0.01627846837116689,0.0019406030338063405,0.5083056982421875,,97.2,100.3,2026-08-28 17:48:10+00:00,False,True
STM,2026-09-18,STM260918C00075000,call,75.0,0.05,0.0,0.1,15,127,0.7617211328125001,49.380001068115234,0.01461459725187642,0.004104573003500229,-0.008047815733272025,0.004386242203339692,0.00038989228056343585,0.5083056982421875,,97.2,100.3,2026-08-27 19:56:48+00:00,True,False
STM,2026-09-18,STM260918P00040000,put,40.0,0.12,0.05,0.2,12,90,0.5273484765625001,49.380001068115234,-0.039934567001546406,0.01377797147378559,-0.012513943817908085,0.010193224683661843,-0.0011952510466695001,0.5083056982421875,,97.2,100.3,2026-08-28 14:29:48+00:00,False,True
STM,2026-09-18,STM260918P00044000,put,44.0,0.4,0.4,0.55,12,109,0.50586431640625,49.380001068115234,-0.1503169445737056,0.03896856792914122,-0.03222463624153191,0.027655219620163613,-0.0045544154677537715,0.5083056982421875,,97.2,100.3,2026-08-27 15:15:24+00:00,False,False
STM,2026-09-18,STM260918P00044500,put,44.5,0.45,0.5,0.6,12,69,0.4892629199218751,49.380001068115234,-0.1660574960237895,0.04301277854231968,-0.03319507969259857,0.029523539394983832,-0.005028396199268983,0.5083056982421875,,97.2,100.3,2026-08-27 16:01:22+00:00,False,False
STM,2026-09-18,STM260918P00045000,put,45.0,0.62,0.6,0.75,20,1157,0.500005,49.380001068115234,-0.19533251245671313,0.046602786286346225,-0.03750262796276854,0.032689994730324676,-0.005940570707732028,0.5083056982421875,,97.2,100.3,2026-08-28 19:56:13+00:00,False,False
STM,2026-09-18,STM260918P00045500,put,45.5,0.65,0.7,0.85,13,61,0.492192578125,49.380001068115234,-0.2187114384103086,0.05061900408131945,-0.03937478770623754,0.03495242215246791,-0.006659119343167758,0.5083056982421875,,97.2,100.3,2026-08-27 15:18:46+00:00,False,False
STM,2026-09-18,STM260918P00046500,put,46.5,0.84,0.95,1.15,10,75,0.4926808544921875,49.380001068115234,-0.2769464122368147,0.05737781345465379,-0.044502854975315816,0.0396586841445432,-0.008478753027366724,0.5083056982421875,,97.2,100.3,2026-08-28 15:02:35+00:00,False,False
STM,2026-09-18,STM260918P00047500,put,47.5,1.0,1.3,1.5,28,55,0.4892629199218751,49.380001068115234,-0.33945789489889333,0.06318958700887971,-0.04803786343006459,0.04337269817558753,-0.01044750313651013,0.5083056982421875,,97.2,100.3,2026-08-27 19:01:21+00:00,False,False
STM,2026-09-18,STM260918P00048000,put,48.0,1.6,1.5,1.65,10,88,0.4770560107421875,49.380001068115234,-0.37067741568668255,0.0668606336295535,-0.04810775639341936,0.044747469476347515,-0.011417915939580197,0.5083056982421875,,97.2,100.3,2026-08-28 16:45:20+00:00,False,False
STM,2026-09-18,STM260918P00070000,put,70.0,18.7,20.2,21.1,150,71,0.6132851171875001,49.380001068115234,-0.9886669244927994,0.004091568851126205,0.004348169686686777,0.0035203100021247574,-0.039851850005978566,0.5083056982421875,,97.2,100.3,2026-08-27 18:36:47+00:00,False,False
STM,2026-09-25,STM260925C00060000,call,60.0,0.42,0.15,0.75,60,615,0.56055126953125,49.380001068115234,0.12458573548347551,0.026788713956908176,-0.028898475755199944,0.0280888890288686,0.004378840180572745,0.5285691674804687,,98.3,99.4,2026-08-25 14:34:59+00:00,False,True
STM,2026-10-02,STM261002C00065000,call,65.0,0.3,0.0,1.1,30,56,0.6752962158203126,49.380001068115234,0.11764644381908251,0.019103309786748224,-0.029819918926454195,0.03016340076368394,0.005047128565306441,0.5513960876464844,,99.2,102.5,2026-08-26 14:37:43+00:00,True,False
STM,2026-10-16,STM261016C00032000,call,32.0,36.94,17.3,18.0,30,366,0.745119736328125,49.380001068115234,0.9599479464733831,0.006398899533959884,-0.015917074029661284,0.015607622922507296,0.03969184672340622,0.5028125891113282,,100.5,102.4,2026-07-13 19:40:17+00:00,False,False
STM,2026-10-16,STM261016C00035000,call,35.0,17.01,14.4,15.1,45,87,0.6630893066406252,49.380001068115234,0.9413051852286352,0.00975960230371478,-0.018653435562283667,0.021184077212705734,0.0423343178024348,0.5028125891113282,,100.5,102.4,2026-07-28 19:16:03+00:00,False,False
STM,2026-10-16,STM261016C00038000,call,38.0,24.85,38.0,40.7,13,80,6.453615214233399,49.380001068115234,0.9024976243137288,0.0014754623216884268,-0.2060017633910023,0.031169985259301654,0.0072263702632230035,0.5028125891113282,,100.5,102.4,2026-05-13 14:35:45+00:00,False,False
STM,2026-10-16,STM261016C00040000,call,40.0,10.48,9.7,10.5,19,73,0.5542036767578126,49.380001068115234,0.8794116238765248,0.020018993679355345,-0.02507590234568514,0.03631759244646325,0.04447041033949746,0.5028125891113282,,100.5,102.4,2026-08-24 19:05:18+00:00,False,False
STM,2026-10-16,STM261016C00045000,call,45.0,7.52,6.0,6.5,30,173,0.5249070947265625,49.380001068115234,0.7303967395711606,0.03479026407875895,-0.0360805057551826,0.0597785771387481,0.03980696387290977,0.5028125891113282,,100.5,102.4,2026-08-27 15:02:35+00:00,False,False
STM,2026-10-16,STM261016C00048000,call,48.0,4.3,4.3,4.6,14,53,0.5180712255859375,49.380001068115234,0.6101057804111737,0.040930098713492964,-0.04019379212353206,0.06941249724354187,0.034292987631191624,0.5028125891113282,,100.5,102.4,2026-08-28 18:52:51+00:00,False,False
STM,2026-10-16,STM261016C00049000,call,49.0,4.05,3.8,4.0,51,136,0.5109912182617188,49.380001068115234,0.567780327489023,0.04252699226062435,-0.040381025229026105,0.07113502856461298,0.03224029817131827,0.5028125891113282,,100.5,102.4,2026-08-28 16:29:24+00:00,False,False
STM,2026-10-16,STM261016C00060000,call,60.0,0.85,0.75,0.9,110,2075,0.514653291015625,49.380001068115234,0.18321840703130704,0.0284946259057439,-0.026332309707776242,0.04800462920631642,0.010999231086051784,0.5028125891113282,,100.5,102.4,2026-08-28 17:55:03+00:00,False,False
STM,2026-10-16,STM261016C00065000,call,65.0,0.38,0.3,0.45,33,710,0.5200243310546875,49.380001068115234,0.09476415095392254,0.017931325364442054,-0.0167851746917258,0.030524001095854292,0.005762479469071063,0.5028125891113282,,100.5,102.4,2026-08-28 19:22:35+00:00,False,False
STM,2026-10-16,STM261016C00070000,call,70.0,0.2,0.15,0.25,11,4357,0.5449264257812501,49.380001068115234,0.053233607795082065,0.010995302029807882,-0.01123780074848178,0.01961328947684013,0.0032524500108464817,0.5028125891113282,,100.5,102.4,2026-08-28 17:39:54+00:00,False,False
STM,2026-10-16,STM261016C00090000,call,90.0,0.09,0.0,0.1,14,2798,0.6835969140625001,49.380001068115234,0.012398830380504463,0.002597932904321575,-0.004132278537947945,0.005813443147340631,0.0007558117158914205,0.5028125891113282,,100.5,102.4,2026-08-25 14:03:41+00:00,True,False
STM,2026-10-16,STM261016C00100000,call,100.0,0.01,0.0,0.05,18,5247,0.726565234375,49.380001068115234,0.006345929339006546,0.0013592808008207591,-0.002436337443618705,0.003232877149967339,0.0003871455057472841,0.5028125891113282,,100.5,102.4,2026-08-27 17:23:12+00:00,True,False
STM,2026-10-16,STM261016C00110000,call,110.0,0.2,0.0,0.1,20,356,0.8710950390625,49.380001068115234,0.009933648047094325,0.001681279679221869,-0.00432197543694023,0.00479414218114145,0.0005938245764883479,0.5028125891113282,,100.5,102.4,2026-07-28 16:02:45+00:00,True,False
STM,2026-10-16,STM261016P00033000,put,33.0,0.1,0.0,0.2,27,156,0.57812921875,49.380001068115234,-0.0206604026232986,0.004758168280682352,-0.005160633145103343,0.009004718118760982,-0.001484701688619807,0.5028125891113282,,100.5,102.4,2026-08-17 19:43:16+00:00,True,False
STM,2026-10-16,STM261016P00034000,put,34.0,0.15,0.05,0.2,10,57,0.5644574804687501,49.380001068115234,-0.026171702425264787,0.005946605514244829,-0.0061366304731802195,0.01098767405306802,-0.0018817694849001928,0.5028125891113282,,100.5,102.4,2026-08-24 17:00:40+00:00,False,True
STM,2026-10-16,STM261016P00043000,put,43.0,1.05,1.0,1.2,13,163,0.5153857055664062,49.380001068115234,-0.19418229564917244,0.029492067664955192,-0.024702595611659033,0.04975571783317816,-0.014348420419897,0.5028125891113282,,100.5,102.4,2026-08-28 15:47:05+00:00,False,False
STM,2026-10-16,STM261016P00044000,put,44.0,1.4,1.25,1.5,137,2106,0.5180712255859375,49.380001068115234,-0.2302619149403884,0.032415662140580476,-0.027314210519124887,0.05497304257023152,-0.017120252298053737,0.5028125891113282,,100.5,102.4,2026-08-28 17:35:40+00:00,False,False
STM,2026-10-16,STM261016P00045000,put,45.0,1.66,1.55,1.75,56,1855,0.5053760400390624,49.380001068115234,-0.2642006113057056,0.03576714159449582,-0.02850480835239327,0.05917037036173915,-0.019685752757150385,0.5028125891113282,,100.5,102.4,2026-08-28 19:46:41+00:00,False,False
STM,2026-10-16,STM261016P00046000,put,46.0,2.05,1.9,2.1,51,404,0.5031787963867188,49.380001068115234,-0.3039129593388107,0.03841480735603086,-0.03016488517660449,0.06327416127454608,-0.022766288394328232,0.5028125891113282,,100.5,102.4,2026-08-28 16:24:42+00:00,False,False
STM,2026-10-16,STM261016P00048000,put,48.0,2.86,2.75,2.95,58,385,0.5012256909179689,49.380001068115234,-0.3886973947312493,0.04226859969230162,-0.032462252936271634,0.06935161661931474,-0.02947804078747933,0.5028125891113282,,100.5,102.4,2026-08-28 18:45:30+00:00,False,False
STM,2026-10-16,STM261016P00049000,put,49.0,3.2,3.2,3.4,125,2154,0.4946339599609375,49.380001068115234,-0.43239524483718794,0.04393668027299365,-0.032543766554156646,0.0711404447021763,-0.032955886533460536,0.5028125891113282,,100.5,102.4,2026-08-28 19:52:13+00:00,False,False
STM,2026-10-16,STM261016P00050000,put,50.0,3.9,3.7,4.0,170,2376,0.5024463818359376,49.380001068115234,-0.475786709897992,0.043804300022203056,-0.03320244871609786,0.07204633175553832,-0.03661018973345949,0.5028125891113282,,100.5,102.4,2026-08-28 18:01:32+00:00,False,False
STM,2026-10-16,STM261016P00055000,put,55.0,7.3,6.9,7.3,16,3521,0.5017139672851563,49.380001068115234,-0.6764980031400578,0.039574530301026534,-0.027740008602077277,0.06499461360125829,-0.05423497012017344,0.5028125891113282,,100.5,102.4,2026-08-28 17:02:23+00:00,False,False
STM,2026-10-16,STM261016P00060000,put,60.0,11.4,10.9,11.4,14,2491,0.5053760400390624,49.380001068115234,-0.8220427159233796,0.028492293793114985,-0.017235896944787357,0.04713542936440684,-0.0692993763183326,0.5028125891113282,,100.5,102.4,2026-08-28 17:08:27+00:00,False,False
STM,2026-10-16,STM261016P00090000,put,90.0,41.0,40.2,41.2,29,1143,0.72851833984375,49.380001068115234,-0.981699509457283,0.0034062461389630086,0.0060949149113642695,0.00812310229048483,-0.11890845608181957,0.5028125891113282,,100.5,102.4,2026-08-28 19:19:48+00:00,False,False
SWBI,2026-09-18,SWBI260918C00010000,call,10.0,2.96,2.65,3.1,20,411,0.7656273437500001,12.779999732971191,0.9255167839844608,0.05999619405773763,-0.009092584231461172,0.004316475263847633,0.005140738865914486,0.6606479248046876,,114.1,98.2,2026-08-28 18:09:49+00:00,False,False
SWBI,2026-09-18,SWBI260918C00011000,call,11.0,3.51,1.85,2.35,25,82,0.8261736132812498,12.779999732971191,0.8079761803697056,0.10784775240153187,-0.017595802389752082,0.00837279655231036,0.004728534228048322,0.6606479248046876,,114.1,98.2,2026-08-14 16:32:49+00:00,False,False
SWBI,2026-09-18,SWBI260918C00013000,call,13.0,0.75,0.6,0.8,42,145,0.63867548828125,12.779999732971191,0.4936020667839182,0.2037416897433853,-0.019362812094900338,0.012227798463705015,0.0032278592544662203,0.6606479248046876,,114.1,98.2,2026-08-28 19:13:00+00:00,False,False
SWBI,2026-09-18,SWBI260918P00012000,put,12.0,0.5,0.45,0.7,18,262,0.7539087109375,12.779999732971191,-0.32470924742787854,0.1556779957952111,-0.019154422957522257,0.011028948605950786,-0.002699627843489481,0.6606479248046876,,114.1,98.2,2026-08-28 19:56:37+00:00,False,False
SWBI,2026-09-18,SWBI260918P00013000,put,13.0,0.97,0.9,1.05,160,351,0.6826203613281252,12.779999732971191,-0.5019165112767647,0.19064778161299148,-0.018869319043919877,0.01222923003577444,-0.004228074273387607,0.6606479248046876,,114.1,98.2,2026-08-28 19:49:47+00:00,False,False
SWBI,2026-09-18,SWBI260918P00014000,put,14.0,1.46,1.2,1.8,50,422,0.56055126953125,12.779999732971191,-0.722233390230927,0.19513832061608813,-0.012254902388201008,0.01027888538196884,-0.006147832471844182,0.6606479248046876,,114.1,98.2,2026-08-28 15:23:26+00:00,False,False
TDAY,2026-10-16,TDAY261016C00007000,call,7.0,0.28,0.0,0.35,23,280,0.6367223828125,6.340000152587891,0.39009368805767475,0.25942214298236377,-0.0060808693340197156,0.008913307956627365,0.0028394926645392933,0.614261669921875,,174.9,218.1,2026-08-28 18:29:46+00:00,True,False
TDAY,2026-10-16,TDAY261016C00008000,call,8.0,0.05,0.0,0.2,30,558,0.5664105859375,6.340000152587891,0.1624329733124717,0.18675261390862216,-0.0034259721294502034,0.005707945305013755,0.0012441204214915557,0.614261669921875,,174.9,218.1,2026-08-28 19:23:23+00:00,True,False
TDOC,2026-08-28,TDOC260828C00003000,call,3.0,3.52,3.3,3.65,45,209,12.21875236328125,6.5,,,,,,0.664065859375,,,,2026-08-28 15:26:14+00:00,False,False
TDOC,2026-08-28,TDOC260828C00003500,call,3.5,2.93,2.65,3.2,31,90,11.125003046875,6.5,,,,,,0.664065859375,,,,2026-08-28 15:04:10+00:00,False,False
TDOC,2026-08-28,TDOC260828C00006000,call,6.0,0.5,0.36,0.53,26,68,1.375003125,6.5,,,,,,0.664065859375,,,,2026-08-28 19:55:31+00:00,False,False
TDOC,2026-08-28,TDOC260828C00006500,call,6.5,0.01,0.0,0.05,209,1571,0.37500625,6.5,,,,,,0.664065859375,,,,2026-08-28 19:56:44+00:00,True,False
TDOC,2026-08-28,TDOC260828C00007000,call,7.0,0.01,0.0,0.01,14,1609,0.8125018749999999,6.5,,,,,,0.664065859375,,,,2026-08-28 16:02:15+00:00,True,False
TDOC,2026-08-28,TDOC260828P00005500,put,5.5,0.01,0.0,0.01,28,109,1.625001875,6.5,,,,,,0.664065859375,,,,2026-08-25 15:06:26+00:00,True,False
TDOC,2026-08-28,TDOC260828P00006500,put,6.5,0.01,0.0,0.13,59,997,0.95312546875,6.5,,,,,,0.664065859375,,,,2026-08-28 19:46:32+00:00,True,False
TDOC,2026-08-28,TDOC260828P00007000,put,7.0,0.46,0.43,0.59,51,162,0.937500625,6.5,,,,,,0.664065859375,,,,2026-08-28 19:26:22+00:00,False,False
TDOC,2026-09-04,TDOC260904C00006500,call,6.5,0.16,0.05,0.2,171,3179,0.523442265625,6.5,0.5197287162497594,0.8456562351855943,-0.01384681233134502,0.0035866956928485867,0.0006112560681620963,0.4960987890625,,111.8,270.9,2026-08-28 19:23:09+00:00,False,True
TDOC,2026-09-04,TDOC260904C00007000,call,7.0,0.03,0.02,0.04,34,165,0.492192578125,6.5,0.14938007940019982,0.524808426433954,-0.007486711524578046,0.002092992870565907,0.00017984056479848298,0.4960987890625,,111.8,270.9,2026-08-28 19:32:53+00:00,False,False
TDOC,2026-09-04,TDOC260904C00008000,call,8.0,0.01,0.0,0.22,50,110,1.3437532812499997,6.5,0.1544327635237311,0.196523330840255,-0.020663146824637997,0.0021397623560912814,0.00017527868356429177,0.4960987890625,,111.8,270.9,2026-08-27 13:35:40+00:00,True,False
TDOC,2026-09-04,TDOC260904C00009000,call,9.0,0.02,0.0,0.24,100,107,1.8515632421875,6.5,0.12773067213250372,0.1253843834787442,-0.024979165665829556,0.001881108683200071,0.00014091500843155968,0.4960987890625,,111.8,270.9,2026-08-19 18:16:59+00:00,True,False
TDOC,2026-09-04,TDOC260904P00005500,put,5.5,0.02,0.0,0.16,250,507,1.109379453125,6.5,-0.12091592792792172,0.2013944619129127,-0.014228977088469905,0.0018103374294307665,-0.00016294355047835138,0.4960987890625,,111.8,270.9,2026-08-24 13:35:49+00:00,True,False
TDOC,2026-09-04,TDOC260904P00006000,put,6.0,0.07,0.01,0.08,126,182,0.5546919531250001,6.5,-0.13722097658255716,0.4397233986662918,-0.007703349368178677,0.0019763475992114086,-0.00017795198315466372,0.4960987890625,,111.8,270.9,2026-08-28 19:55:25+00:00,False,True
TDOC,2026-09-04,TDOC260904P00006500,put,6.5,0.15,0.11,0.18,85,239,0.4687553125,6.5,-0.4811652219940419,0.944416460182644,-0.011559409598119725,0.003587084764027253,-0.0006314769578882269,0.4960987890625,,111.8,270.9,2026-08-28 19:55:25+00:00,False,False
TDOC,2026-09-11,TDOC260911C00006500,call,6.5,0.25,0.12,0.25,261,640,0.476567734375,6.5,0.5267947039142411,0.6561051547850693,-0.009059447038763253,0.00506710577057595,0.0012182605393184194,0.5429733203125,,95.7,107.9,2026-08-28 19:22:56+00:00,False,True
TDOC,2026-09-11,TDOC260911C00008000,call,8.0,0.03,0.0,0.11,10,139,0.79687703125,6.5,0.1074626724430513,0.18227593580243184,-0.0067880445474875735,0.0023538703054332808,0.00024907292355317196,0.5429733203125,,95.7,107.9,2026-08-24 15:09:56+00:00,True,False
TDOC,2026-09-18,TDOC260918C00007000,call,7.0,0.15,0.05,0.15,89,1158,0.5195360546875,6.5,0.3052742701467611,0.4326082713266236,-0.0070097193492689,0.005463408252854438,0.001056445578578164,0.5117236328125,,102.3,101.5,2026-08-28 17:24:42+00:00,False,True
TDOC,2026-09-18,TDOC260918C00015000,call,15.0,0.13,0.0,0.23,30,733,2.1250046875,6.5,0.08377234134579237,0.04645759291840249,-0.012201939024428194,0.002399770664786708,0.00025290478663094867,0.5117236328125,,102.3,101.5,2026-07-28 19:50:27+00:00,True,False
TDOC,2026-09-18,TDOC260918P00006000,put,6.0,0.11,0.08,0.13,71,1935,0.523442265625,6.5,-0.2347774811638793,0.37634979837761695,-0.005742650572250098,0.0047886557611055165,-0.0009467158054623827,0.5117236328125,,102.3,101.5,2026-08-28 19:45:46+00:00,False,False
TDOC,2026-09-25,TDOC260925P00006000,put,6.0,0.28,0.1,0.21,62,95,0.58789474609375,6.5,-0.2754054492820721,0.31549256063124426,-0.00603887764694873,0.006011468588275937,-0.0015233931706374714,0.579105771484375,,101.5,86.3,2026-08-25 18:26:19+00:00,False,True
TDOC,2026-10-02,TDOC261002C00003000,call,3.0,3.35,3.1,4.05,10,80,1.6953140234375002,6.5,0.9594584188943459,0.025531001246041247,-0.004610357949211726,0.001753557028705992,0.002544207427855447,0.5507857421875,,90.8,102.1,2026-08-24 17:06:16+00:00,False,False
TDOC,2026-10-16,TDOC261016C00007000,call,7.0,0.3,0.26,0.35,15,1924,0.5195360546875,6.5,0.397867086598105,0.3118009070834747,-0.005182053043524198,0.009188042495877593,0.003048926340443779,0.570316796875,,89.0,95.9,2026-08-28 19:53:54+00:00,False,False
TDOC,2026-10-16,TDOC261016C00009000,call,9.0,0.06,0.05,0.07,10,2148,0.6171913281250001,6.5,0.09743617457662013,0.11714742864765519,-0.0026610284634097344,0.004100931400996207,0.0007674859621117298,0.570316796875,,89.0,95.9,2026-08-27 14:46:49+00:00,False,False
TRIP,2026-08-28,TRIP260828C00001000,call,1.0,8.8,8.4,9.2,57,400,40.375003691406256,9.869999885559082,,,,,,1.1132841796875002,,,,2026-08-28 19:09:17+00:00,False,False
TRIP,2026-08-28,TRIP260828C00002000,call,2.0,7.9,7.5,8.2,60,387,26.6250016796875,9.869999885559082,,,,,,1.1132841796875002,,,,2026-08-28 19:54:22+00:00,False,False
TRIP,2026-08-28,TRIP260828C00003000,call,3.0,6.72,6.1,7.8,10,63,13.875001328125,9.869999885559082,,,,,,1.1132841796875002,,,,2026-08-27 18:59:37+00:00,False,False
TRIP,2026-08-28,TRIP260828C00010000,call,10.0,0.06,0.0,0.55,10,140,1.625001875,9.869999885559082,,,,,,1.1132841796875002,,,,2026-08-28 18:19:37+00:00,True,False
TRIP,2026-08-28,TRIP260828C00010500,call,10.5,0.04,0.0,0.1,14,87,1.15625421875,9.869999885559082,,,,,,1.1132841796875002,,,,2026-08-28 15:10:30+00:00,True,False
TRIP,2026-08-28,TRIP260828C00015000,call,15.0,0.4,0.0,0.05,50,3482,4.0937548828125,9.869999885559082,,,,,,1.1132841796875002,,,,2026-08-07 14:11:29+00:00,True,False
TRIP,2026-08-28,TRIP260828C00018000,call,18.0,0.15,0.0,0.05,30,118,5.500003124999999,9.869999885559082,,,,,,1.1132841796875002,,,,2026-08-03 15:49:21+00:00,True,False
TRIP,2026-08-28,TRIP260828P00010000,put,10.0,0.15,0.0,0.2,98,504,0.6015664843750002,9.869999885559082,,,,,,1.1132841796875002,,,,2026-08-28 19:53:46+00:00,True,False
TRIP,2026-08-28,TRIP260828P00010500,put,10.5,0.58,0.5,0.9,10,213,1.3125034374999998,9.869999885559082,,,,,,1.1132841796875002,,,,2026-08-28 16:44:52+00:00,False,False
TRIP,2026-08-28,TRIP260828P00011000,put,11.0,1.13,0.7,1.7,10,87,1.875000625,9.869999885559082,,,,,,1.1132841796875002,,,,2026-08-28 19:49:35+00:00,False,True
TRIP,2026-09-04,TRIP260904C00006000,call,6.0,4.33,3.3,4.9,100,184,3.03906490234375,9.869999885559082,0.9185481362039281,0.03627864584260033,-0.045399613624521294,0.0020598258960449725,0.0009600132182393831,0.655276884765625,,200.3,299.3,2026-08-06 19:40:43+00:00,False,False
TRIP,2026-09-04,TRIP260904C00007000,call,7.0,3.7,2.3,3.5,24,78,1.359378203125,9.869999885559082,0.9728455652306444,0.03370658145818334,-0.009230470241432387,0.0008560408333944848,0.0012858258389911172,0.655276884765625,,200.3,299.3,2026-08-06 17:13:46+00:00,False,False
TRIP,2026-09-04,TRIP260904C00010000,call,10.0,0.16,0.15,0.4,12,57,0.5742230078125,9.869999885559082,0.4551217964390852,0.5050683552202273,-0.022803981364281207,0.005418389480144114,0.0008119348621140744,0.655276884765625,,200.3,299.3,2026-08-28 19:45:15+00:00,False,True
TRIP,2026-09-04,TRIP260904C00012000,call,12.0,0.04,0.0,0.3,10,90,1.25000375,9.869999885559082,0.14993083006937558,0.13642285706490184,-0.028631855940474748,0.003185942455522165,0.00026019814979550516,0.655276884765625,,200.3,299.3,2026-08-24 18:21:22+00:00,True,False
TRIP,2026-09-04,TRIP260904P00009500,put,9.5,0.07,0.05,0.2,26,52,0.6210975390625001,9.869999885559082,-0.30911202640460156,0.415047041792553,-0.02092416081075641,0.004816112267344494,-0.00061892963590485,0.655276884765625,,200.3,299.3,2026-08-28 18:37:49+00:00,False,True
TRIP,2026-09-04,TRIP260904P00010000,put,10.0,0.3,0.2,0.8,80,293,0.73633076171875,9.869999885559082,-0.5270811180352313,0.39547153553515907,-0.027837009212926478,0.005440360082283463,-0.0010872319360235756,0.655276884765625,,200.3,299.3,2026-08-28 19:53:46+00:00,False,True
TRIP,2026-09-11,TRIP260911C00007000,call,7.0,3.92,2.3,3.9,10,53,1.6796891015625,9.869999885559082,0.8877741443519158,0.05874983759143384,-0.022896804090853984,0.0036872708599517655,0.0021763646746914707,0.65039412109375,,147.1,198.8,2026-08-11 15:13:58+00:00,False,False
TRIP,2026-09-11,TRIP260911C00012000,call,12.0,0.05,0.0,0.75,40,361,1.29297228515625,9.869999885559082,0.2619041092410854,0.1302686615521688,-0.02936834597373401,0.006293592699358727,0.0008569593831297849,0.65039412109375,,147.1,198.8,2026-08-21 19:52:55+00:00,True,False
TRIP,2026-09-11,TRIP260911P00009000,put,9.0,0.1,0.0,0.75,10,51,0.9570316796875,9.869999885559082,-0.2755003867582859,0.18052910572567366,-0.02164535938963175,0.006455695110681926,-0.0011760410622941502,0.65039412109375,,147.1,198.8,2026-08-27 16:05:42+00:00,True,False
TRIP,2026-09-11,TRIP260911P00011000,put,11.0,1.2,0.75,1.35,10,215,0.7480493945312501,9.869999885559082,-0.7432961696250734,0.22284252586810105,-0.015455282275751565,0.006228705747366436,-0.0033190052582034242,0.65039412109375,,147.1,198.8,2026-08-27 16:05:42+00:00,False,False
TRIP,2026-09-18,TRIP260918C00004000,call,4.0,6.1,5.1,6.6,14,108,4.476566904296874,9.869999885559082,0.9163174280707329,0.014511688094094232,-0.03914690242982023,0.003641025667280538,0.0014240402068100139,0.485356708984375,,117.1,121.9,2026-08-26 18:34:50+00:00,False,False
TRIP,2026-09-18,TRIP260918C00008000,call,8.0,2.3,1.85,2.1,10,53,0.7539087109375,9.869999885559082,0.897588300296167,0.10004966450241201,-0.00853005138329114,0.004227612015255809,0.003953880562168857,0.485356708984375,,117.1,121.9,2026-08-24 14:10:29+00:00,False,False
TRIP,2026-09-18,TRIP260918C00012000,call,12.0,0.05,0.0,0.2,15,1938,0.6640658593750002,9.869999885559082,0.12943340226399486,0.1341521710203859,-0.008056585760081378,0.004993092181548991,0.0006802396875525346,0.485356708984375,,117.1,121.9,2026-08-28 18:15:01+00:00,True,False
TRIP,2026-09-18,TRIP260918C00015000,call,15.0,0.05,0.0,0.1,50,2372,0.98437515625,9.869999885559082,0.05025227952338627,0.044433480573834776,-0.005807484812615989,0.00245149890603702,0.00025949002621819946,0.485356708984375,,117.1,121.9,2026-08-27 18:54:27+00:00,True,False
TRIP,2026-09-18,TRIP260918C00016000,call,16.0,0.19,0.0,0.05,100,488,0.98437515625,9.869999885559082,0.0276986293815701,0.027322445747282174,-0.0035673914931237814,0.0015074431486053932,0.00014414842165562302,0.485356708984375,,117.1,121.9,2026-08-17 13:49:22+00:00,True,False
TRIP,2026-09-18,TRIP260918C00018000,call,18.0,0.1,0.0,0.05,10,217,1.171879140625,9.869999885559082,0.023468564781094603,0.01997687629177461,-0.0036897241952563104,0.0013121126716313894,0.00012046691973084679,0.485356708984375,,117.1,121.9,2026-08-06 14:16:36+00:00,True,False
TRIP,2026-09-18,TRIP260918P00006000,put,6.0,0.06,0.0,0.1,10,215,1.2421912890624998,9.869999885559082,-0.03368851500737624,0.02546312084845983,-0.005191725646644712,0.0017728044621517314,-0.0002163748850523164,0.485356708984375,,117.1,121.9,2026-08-21 19:53:41+00:00,True,False
TRIP,2026-09-18,TRIP260918P00010000,put,10.0,0.52,0.45,0.55,881,3433,0.4960987890625,9.869999885559082,-0.5104874839116489,0.3395560222836345,-0.010390308461065745,0.009441485487461584,-0.003199799636332462,0.485356708984375,,117.1,121.9,2026-08-28 19:54:40+00:00,False,False
TRIP,2026-09-18,TRIP260918P00011000,put,11.0,1.03,1.05,1.35,272,649,0.6171913281250001,9.869999885559082,-0.7385054241843764,0.22264605113979033,-0.010139483874445472,0.00770185854176,-0.004949370751526325,0.485356708984375,,117.1,121.9,2026-08-26 14:57:35+00:00,False,False
TRIP,2026-09-25,TRIP260925C00001000,call,1.0,9.0,8.6,9.1,108,882,6.593751757812501,9.869999885559082,0.9849542220307412,0.0021064704166701064,-0.012308234625046089,0.0010379762563676417,0.00048453625034031064,0.6113320117187502,,90.4,93.3,2026-08-28 14:54:20+00:00,False,False
TRIP,2026-09-25,TRIP260925C00002000,call,2.0,7.95,7.5,8.7,18,1016,4.421879472656249,9.869999885559082,0.9725034359857055,0.005235442338379026,-0.01386726924763724,0.0017300543378413224,0.001155790155964104,0.6113320117187502,,90.4,93.3,2026-08-28 14:51:15+00:00,False,False
TRIP,2026-09-25,TRIP260925C00003000,call,3.0,6.9,6.5,7.7,30,425,3.3281266796874998,9.869999885559082,0.9605397790174093,0.009367594846776768,-0.014173245015662791,0.002329847041678057,0.0018299110977142766,0.6113320117187502,,90.4,93.3,2026-08-28 13:54:51+00:00,False,False
TRIP,2026-10-02,TRIP261002C00001000,call,1.0,8.9,8.3,9.1,20,642,5.92187759765625,9.869999885559082,0.9849213655992397,0.0021017820729230157,-0.009921998942763466,0.0011626703170259098,0.000602079560787984,0.5117236328125,,106.5,163.0,2026-08-28 14:52:59+00:00,False,False
TRIP,2026-10-02,TRIP261002C00002000,call,2.0,7.95,7.5,8.1,14,911,3.968750078125,9.869999885559082,0.9724014546945927,0.005233495106167154,-0.011206149866269893,0.0019402381905619071,0.0014398443601524565,0.5117236328125,,106.5,163.0,2026-08-28 14:52:37+00:00,False,False
TRIP,2026-10-02,TRIP261002C00003000,call,3.0,7.0,6.6,7.2,67,372,1.9375003125,9.869999885559082,0.9890727943874313,0.0048623580631390025,-0.002826294006396044,0.0008800314509560178,0.0027334459324011755,0.5117236328125,,106.5,163.0,2026-08-28 18:24:27+00:00,False,False
TRIP,2026-10-16,TRIP261016C00002000,call,2.0,8.1,7.2,8.2,12,175,3.7656255859375,9.869999885559082,0.9679683768090604,0.005274964414178,-0.010167192532177034,0.002597731024636012,0.001817662697804887,0.551762294921875,,,90.6,2026-08-26 18:55:10+00:00,False,False
TRIP,2026-10-16,TRIP261016C00003000,call,3.0,6.9,6.1,7.1,19,183,2.535159912109375,9.869999885559082,0.9602624257671992,0.009349263238934436,-0.00834325761130485,0.003099704242255494,0.0031814652471725668,0.551762294921875,,,90.6,2026-08-28 13:35:25+00:00,False,False
TRP,2026-09-18,TRP260918C00062500,call,62.5,1.08,0.75,1.2,42,94,0.2461012890625,61.86000061035156,0.46171436829363444,0.10874692600013813,-0.038267882272142145,0.0589219550023245,0.015717414741450192,0.24268335449218745,,95.8,127.8,2026-08-28 13:53:17+00:00,False,False
TRP,2026-09-18,TRP260918C00070000,call,70.0,0.05,0.0,0.1,111,243,0.304694453125,61.86000061035156,0.05309328833295005,0.023927717195987516,-0.012081084442631921,0.01605136924517173,0.0018329229184036347,0.24268335449218745,,95.8,127.8,2026-08-26 14:40:38+00:00,True,False
TRP,2026-10-16,TRP261016C00067500,call,67.5,0.4,0.0,0.75,855,1976,0.2805247729492187,61.86000061035156,0.23201938402550382,0.04799069006569948,-0.021650891352133744,0.06915940842820471,0.018169461784666604,0.28192856750488277,,100.6,99.5,2026-08-26 18:32:42+00:00,True,False
TRP,2026-10-16,TRP261016P00060000,put,60.0,1.3,1.05,1.45,20,63,0.2512281909179687,61.86000061035156,-0.3261361737269002,0.06329785814900864,-0.018003415864226154,0.08169217166027237,-0.028800289514287515,0.28192856750488277,,100.6,99.5,2026-08-28 19:00:44+00:00,False,False
TRTX,2026-10-16,TRTX261016C00009000,call,9.0,0.06,0.0,0.05,110,8141,0.3281317187499999,7.730000019073486,0.1252161558454647,0.22177012468072185,-0.0020795669611646007,0.005837319431465561,0.0012256596400174189,0.48730981445312505,,128.3,67.3,2026-08-24 19:54:45+00:00,True,False
TXT,2026-09-18,TXT260918C00090000,call,90.0,0.15,0.1,0.25,25,200,0.2539137109375,83.04000091552734,0.10677802543418241,0.036392600313444705,-0.023343467145696177,0.036660666928860886,0.004956102158416439,0.26697510375976563,,83.0,113.4,2026-08-28 19:08:39+00:00,False,True
TXT,2026-09-18,TXT260918P00065000,put,65.0,0.1,0.0,0.45,10,87,0.6044961425781252,83.04000091552734,-0.03740807407985636,0.006776838169654626,-0.0229403859011702,0.01625255968476312,-0.0018964755796857299,0.26697510375976563,,83.0,113.4,2026-07-29 19:39:50+00:00,True,False
TXT,2026-09-18,TXT260918P00082500,put,82.5,1.69,0.6,2.0,21,130,0.2788158056640625,83.04000091552734,-0.43093005797796524,0.07075664819271288,-0.046804413962704496,0.07826827500930826,-0.021645782903208025,0.26697510375976563,,83.0,113.4,2026-08-25 16:54:52+00:00,False,True
TXT,2026-09-18,TXT260918P00085000,put,85.0,3.0,2.15,3.5,28,351,0.2910227148437499,83.04000091552734,-0.6018289760374342,0.06656853670915858,-0.04595958764786626,0.07685940518756386,-0.03064805946856802,0.26697510375976563,,83.0,113.4,2026-08-28 15:40:06+00:00,False,False
UAL,2026-08-28,UAL260828C00112000,call,112.0,0.03,0.0,0.26,123,71,0.3291082714843749,110.5999984741211,,,,,,0.32788758056640616,,,,2026-08-28 19:30:20+00:00,True,False
UAL,2026-08-28,UAL260828C00113000,call,113.0,0.02,0.0,0.07,100,370,0.3007882421875,110.5999984741211,,,,,,0.32788758056640616,,,,2026-08-28 17:43:21+00:00,True,False
UAL,2026-08-28,UAL260828C00114000,call,114.0,0.02,0.0,1.65,110,381,0.8964854101562498,110.5999984741211,,,,,,0.32788758056640616,,,,2026-08-28 17:10:04+00:00,True,False
UAL,2026-08-28,UAL260828C00115000,call,115.0,0.04,0.0,0.08,162,428,0.4882863671875,110.5999984741211,,,,,,0.32788758056640616,,,,2026-08-28 19:15:53+00:00,True,False
UAL,2026-08-28,UAL260828C00116000,call,116.0,0.03,0.0,1.31,111,180,1.0449266503906252,110.5999984741211,,,,,,0.32788758056640616,,,,2026-08-28 18:47:29+00:00,True,False
UAL,2026-08-28,UAL260828C00117000,call,117.0,0.02,0.0,0.22,116,403,0.6953155468750001,110.5999984741211,,,,,,0.32788758056640616,,,,2026-08-28 18:27:11+00:00,True,False
UAL,2026-08-28,UAL260828C00118000,call,118.0,0.02,0.0,1.76,240,432,1.4091826416015625,110.5999984741211,,,,,,0.32788758056640616,,,,2026-08-28 18:30:13+00:00,True,False
UAL,2026-08-28,UAL260828C00119000,call,119.0,0.01,0.0,0.01,29,313,0.5312546875,110.5999984741211,,,,,,0.32788758056640616,,,,2026-08-28 16:16:30+00:00,True,False
UAL,2026-08-28,UAL260828C00120000,call,120.0,0.02,0.0,0.05,68,541,0.726565234375,110.5999984741211,,,,,,0.32788758056640616,,,,2026-08-28 19:33:51+00:00,True,False
UAL,2026-08-28,UAL260828C00124000,call,124.0,0.01,0.0,0.01,113,143,0.8125018749999999,110.5999984741211,,,,,,0.32788758056640616,,,,2026-08-28 15:39:20+00:00,True,False
UAL,2026-08-28,UAL260828P00105000,put,105.0,0.04,0.0,2.13,12,406,1.3740265673828125,110.5999984741211,,,,,,0.32788758056640616,,,,2026-08-28 14:40:38+00:00,True,False
UAL,2026-08-28,UAL260828P00108000,put,108.0,0.01,0.0,0.15,38,283,0.403326279296875,110.5999984741211,,,,,,0.32788758056640616,,,,2026-08-28 19:48:52+00:00,True,False
UAL,2026-08-28,UAL260828P00109000,put,109.0,0.03,0.0,0.43,12,80,0.45313046875,110.5999984741211,,,,,,0.32788758056640616,,,,2026-08-28 19:48:52+00:00,True,False
UAL,2026-08-28,UAL260828P00110000,put,110.0,0.01,0.0,0.06,107,225,0.1113370117187499,110.5999984741211,,,,,,0.32788758056640616,,,,2026-08-28 19:53:53+00:00,True,False
UAL,2026-08-28,UAL260828P00111000,put,111.0,0.54,0.0,1.05,125,130,0.3608462353515624,110.5999984741211,,,,,,0.32788758056640616,,,,2026-08-28 19:58:42+00:00,True,False
UAL,2026-08-28,UAL260828P00112000,put,112.0,1.12,1.0,1.6,115,213,0.2939523730468749,110.5999984741211,,,,,,0.32788758056640616,,,,2026-08-28 19:54:32+00:00,False,False
UAL,2026-08-28,UAL260828P00113000,put,113.0,1.99,1.6,4.0,89,212,0.5351608984375,110.5999984741211,,,,,,0.32788758056640616,,,,2026-08-28 19:40:10+00:00,False,True
UAL,2026-08-28,UAL260828P00114000,put,114.0,3.56,2.43,4.95,63,128,0.5830119824218749,110.5999984741211,,,,,,0.32788758056640616,,,,2026-08-28 19:57:46+00:00,False,True
UAL,2026-08-28,UAL260828P00115000,put,115.0,3.94,2.33,6.1,188,633,1.4716823291015624,110.5999984741211,,,,,,0.32788758056640616,,,,2026-08-28 19:18:38+00:00,False,True
UAL,2026-08-28,UAL260828P00116000,put,116.0,5.04,4.4,5.95,25,93,0.97851583984375,110.5999984741211,,,,,,0.32788758056640616,,,,2026-08-28 19:57:46+00:00,False,False
UAL,2026-08-28,UAL260828P00117000,put,117.0,5.25,4.3,8.1,56,150,1.7412122314453122,110.5999984741211,,,,,,0.32788758056640616,,,,2026-08-28 18:59:48+00:00,False,False
UAL,2026-08-28,UAL260828P00118000,put,118.0,7.17,5.45,9.15,24,140,1.89453177734375,110.5999984741211,,,,,,0.32788758056640616,,,,2026-08-28 19:57:46+00:00,False,False
UAL,2026-09-04,UAL260904C00112000,call,112.0,1.85,0.57,2.95,59,111,0.5488326367187502,110.5999984741211,0.45426988076148744,0.04714619149647231,-0.24446910732304006,0.06070185493057394,0.009105159299596443,0.4425104577636719,,82.4,89.4,2026-08-28 19:54:10+00:00,False,True
UAL,2026-09-04,UAL260904C00113000,call,113.0,1.42,1.21,1.53,109,74,0.3867248828124999,110.5999984741211,0.36085768112737293,0.06321265227692216,-0.16368826030024616,0.05734843184188869,0.007382908584994252,0.4425104577636719,,82.4,89.4,2026-08-28 19:46:14+00:00,False,False
UAL,2026-09-04,UAL260904C00114000,call,114.0,1.2,0.91,1.19,87,54,0.3823303955078124,110.5999984741211,0.29900037731667867,0.059284596593400206,-0.14959563512630147,0.053173605921337276,0.006135031352007655,0.4425104577636719,,82.4,89.4,2026-08-28 19:57:45+00:00,False,False
UAL,2026-09-04,UAL260904C00115000,call,115.0,0.8,0.73,1.0,343,251,0.3957579956054688,110.5999984741211,0.25241335427909717,0.052691551662990894,-0.14199121452152247,0.04891996111831354,0.005183042757319087,0.4425104577636719,,82.4,89.4,2026-08-28 19:48:27+00:00,False,False
UAL,2026-09-04,UAL260904C00118000,call,118.0,0.36,0.19,0.75,26,119,0.4692435888671875,110.5999984741211,0.17121169219254556,0.035369677598856286,-0.13300775652153407,0.03893542022752436,0.0035088959139915068,0.4425104577636719,,82.4,89.4,2026-08-28 18:47:59+00:00,False,True
UAL,2026-09-04,UAL260904C00120000,call,120.0,0.22,0.17,0.47,237,365,0.4682670361328125,110.5999984741211,0.11300893564423126,0.026728573681874424,-0.09986847176741456,0.029361942788708538,0.0023235612266828028,0.4425104577636719,,82.4,89.4,2026-08-28 19:39:24+00:00,False,True
UAL,2026-09-04,UAL260904C00121000,call,121.0,0.15,0.13,0.73,19,62,0.5732464550781251,110.5999984741211,0.14000488746975925,0.02535075712886252,-0.141630458972565,0.034091627132738944,0.0028535985447126653,0.4425104577636719,,82.4,89.4,2026-08-28 17:22:25+00:00,False,True
UAL,2026-09-04,UAL260904C00124000,call,124.0,0.13,0.0,0.46,10,65,0.500005,110.5999984741211,0.05445381214569804,0.014411502493730086,-0.06117478706600255,0.016904371404486526,0.0011219996514007058,0.4425104577636719,,82.4,89.4,2026-08-28 19:34:46+00:00,True,False
UAL,2026-09-04,UAL260904C00130000,call,130.0,0.03,0.0,0.27,17,613,0.5927775097656252,110.5999984741211,0.027682456847739633,0.00700970542423394,-0.04168001930084747,0.009747806577586358,0.000569221933800236,0.4425104577636719,,82.4,89.4,2026-08-28 17:14:48+00:00,True,False
UAL,2026-09-04,UAL260904C00132000,call,132.0,0.18,0.0,1.02,64,101,0.8349625878906248,110.5999984741211,0.07164913703381802,0.010688510641489162,-0.12589661128949023,0.020936285307756902,0.0014451061914746161,0.4425104577636719,,82.4,89.4,2026-08-25 19:52:06+00:00,True,False
UAL,2026-09-04,UAL260904C00133000,call,133.0,0.31,0.0,1.03,72,95,0.8632826171875,110.5999984741211,0.07012295675378147,0.010168289318046444,-0.1279904804546264,0.020592842996602308,0.0014122386620957692,0.4425104577636719,,82.4,89.4,2026-08-25 19:51:38+00:00,True,False
UAL,2026-09-04,UAL260904C00134000,call,134.0,0.17,0.0,0.72,44,232,0.8203142968749999,110.5999984741211,0.052169234152367495,0.008490821929407519,-0.0964951137144293,0.01633975088975614,0.0010558465777713887,0.4425104577636719,,82.4,89.4,2026-08-25 16:46:02+00:00,True,False
UAL,2026-09-04,UAL260904C00135000,call,135.0,0.05,0.0,0.58,45,812,0.8085956640624999,110.5999984741211,0.04310439379859515,0.007392431409981326,-0.08161552563204137,0.014022780284210895,0.0008741425257174949,0.4425104577636719,,82.4,89.4,2026-08-25 17:07:48+00:00,True,False
UAL,2026-09-04,UAL260904C00140000,call,140.0,0.01,0.0,2.13,20,68,1.2373085009765623,110.5999984741211,0.09949783656842154,0.009226564581022095,-0.23808536020578194,0.02678141012277554,0.0019508401575953948,0.4425104577636719,,82.4,89.4,2026-08-26 17:42:05+00:00,True,False
UAL,2026-09-04,UAL260904P00105000,put,105.0,1.05,0.37,0.56,53,236,0.3745179736328125,110.5999984741211,-0.1477238853580427,0.04023314232493284,-0.09226256793985856,0.03534858518473363,-0.0032192098259309996,0.4425104577636719,,82.4,89.4,2026-08-28 19:58:16+00:00,False,False
UAL,2026-09-04,UAL260904P00107000,put,107.0,0.82,0.59,0.97,42,133,0.3647524462890625,110.5999984741211,-0.24216766428324688,0.055917852095307086,-0.12088077503914794,0.04784803552021459,-0.005293795006435181,0.4425104577636719,,82.4,89.4,2026-08-28 19:54:00+00:00,False,False
UAL,2026-09-04,UAL260904P00108000,put,108.0,1.15,1.01,1.26,52,52,0.36133451171875,110.5999984741211,-0.3016763943799906,0.0629825095494228,-0.13307275525493523,0.0533881439161666,-0.0066079317782748205,0.4425104577636719,,82.4,89.4,2026-08-28 19:59:17+00:00,False,False
UAL,2026-09-04,UAL260904P00109000,put,109.0,1.37,0.97,1.82,44,55,0.3918517846679687,110.5999984741211,-0.37701189591301887,0.06328646575340402,-0.15689889120168224,0.058176566963579826,-0.008307468222988302,0.4425104577636719,,82.4,89.4,2026-08-28 19:54:32+00:00,False,False
UAL,2026-09-04,UAL260904P00110000,put,110.0,1.91,0.9,2.05,60,192,0.3588931298828125,110.5999984741211,-0.43896571197680223,0.07172401584499273,-0.1478998228027412,0.060387237168426804,-0.009665893599686408,0.4425104577636719,,82.4,89.4,2026-08-28 19:54:15+00:00,False,True
UAL,2026-09-04,UAL260904P00111000,put,111.0,2.3,1.92,3.25,76,116,0.4655815161132813,110.5999984741211,-0.503543150057026,0.05594219440600599,-0.1951578680009975,0.061101327492838475,-0.011255471705102065,0.4425104577636719,,82.4,89.4,2026-08-28 19:45:15+00:00,False,False
UAL,2026-09-04,UAL260904P00112000,put,112.0,2.78,2.72,3.15,81,120,0.3627993408203125,110.5999984741211,-0.5816655405830642,0.07028409059819685,-0.1458015897064453,0.059818970813277125,-0.012900606207041159,0.4425104577636719,,82.4,89.4,2026-08-28 19:08:07+00:00,False,False
UAL,2026-09-04,UAL260904P00115000,put,115.0,4.65,4.6,5.6,44,63,0.432622861328125,110.5999984741211,-0.7274760803686405,0.05013138420568379,-0.1454662931692859,0.050878532832054686,-0.016459354102804264,0.4425104577636719,,82.4,89.4,2026-08-28 19:40:27+00:00,False,False
UAL,2026-09-04,UAL260904P00119000,put,119.0,7.1,7.0,10.25,11,52,0.7319362744140624,110.5999984741211,-0.7460321544440731,0.028582464335864626,-0.24392595514992277,0.0490781698053831,-0.017724590414236505,0.4425104577636719,,82.4,89.4,2026-08-28 14:10:51+00:00,False,False
UAL,2026-09-11,UAL260911C00120000,call,120.0,1.04,0.0,0.7,25,60,0.3874572973632812,110.5999984741211,0.15582659193187387,0.0284924158361797,-0.07394477265191006,0.05179627548590554,0.0063569142928187735,0.5300339965820313,,73.4,77.2,2026-08-28 16:29:11+00:00,True,False
UAL,2026-09-11,UAL260911C00125000,call,125.0,0.15,0.15,0.4,34,101,0.437505625,110.5999984741211,0.08640951576169048,0.016623598907789593,-0.054578027793207896,0.03412354213491703,0.003526061531475026,0.5300339965820313,,73.4,77.2,2026-08-28 19:49:30+00:00,False,True
UAL,2026-09-11,UAL260911C00126000,call,126.0,0.34,0.07,0.34,25,71,0.4409235595703125,110.5999984741211,0.07433558649023153,0.014721136028944433,-0.04904155588828835,0.03045439972796951,0.0030357331608726803,0.5300339965820313,,73.4,77.2,2026-08-28 19:46:38+00:00,False,True
UAL,2026-09-11,UAL260911P00117000,put,117.0,6.9,5.25,8.25,18,50,0.4692435888671875,110.5999984741211,-0.7072268446424486,0.033827470028242525,-0.11300560320191434,0.07447547448530871,-0.033055700335368934,0.5300339965820313,,73.4,77.2,2026-08-28 16:36:48+00:00,False,False
UAL,2026-09-11,UAL260911P00124000,put,124.0,12.4,12.15,14.55,11,60,0.570316796875,110.5999984741211,-0.8291611015741065,0.020549096979669182,-0.09748602776761743,0.054986277244575686,-0.040635097352742254,0.5300339965820313,,73.4,77.2,2026-08-20 18:24:09+00:00,False,False
UAL,2026-09-18,UAL260918C00080000,call,80.0,33.03,29.8,32.3,10,674,0.8281267187499999,110.5999984741211,0.9594536484062589,0.003965932300142769,-0.05583489910625974,0.02311419461462955,0.04309175481867006,0.5207567456054687,,76.7,80.2,2026-08-20 16:28:39+00:00,False,False
UAL,2026-09-18,UAL260918C00110000,call,110.0,5.38,2.96,5.75,17,2137,0.5042774182128906,110.5999984741211,0.5514136185031725,0.029573011992199666,-0.13357713649758587,0.10495466633764192,0.031761291588446205,0.5207567456054687,,76.7,80.2,2026-08-28 16:17:00+00:00,False,False
UAL,2026-09-18,UAL260918C00114000,call,114.0,4.35,2.71,3.45,179,236,0.4516656396484375,110.5999984741211,0.42122567463886756,0.032643465141227686,-0.11749568487346501,0.1037647821413516,0.02481200948000974,0.5207567456054687,,76.7,80.2,2026-08-27 19:04:05+00:00,False,False
UAL,2026-09-18,UAL260918C00115000,call,115.0,2.69,2.02,2.83,21,4199,0.4262752685546875,110.5999984741211,0.3812169687436024,0.0337022850952766,-0.10800530782598648,0.10110814834903396,0.0226232619636269,0.5207567456054687,,76.7,80.2,2026-08-28 19:43:53+00:00,False,False
UAL,2026-09-18,UAL260918C00120000,call,120.0,1.3,1.26,1.43,100,2471,0.4177304321289062,110.5999984741211,0.23107994559134432,0.02747217735969048,-0.08363548308831455,0.08076549685281353,0.013886969956604989,0.5207567456054687,,76.7,80.2,2026-08-28 19:57:09+00:00,False,False
UAL,2026-09-18,UAL260918C00125000,call,125.0,0.78,0.53,0.68,67,1715,0.4167538793945312,110.5999984741211,0.12597619025252027,0.018720531833623346,-0.05630116810316451,0.054907858513214745,0.007634275587008122,0.5207567456054687,,76.7,80.2,2026-08-28 16:21:31+00:00,False,False
UAL,2026-09-18,UAL260918C00130000,call,130.0,0.3,0.25,0.53,243,4433,0.4755911816406249,110.5999984741211,0.09102642947431111,0.012979716404567888,-0.05050419852247743,0.04344458662072793,0.005499010926000399,0.5207567456054687,,76.7,80.2,2026-08-28 19:27:26+00:00,False,True
UAL,2026-09-18,UAL260918C00135000,call,135.0,0.16,0.14,0.21,76,1276,0.4580132324218751,110.5999984741211,0.041503173389006394,0.007307676834530245,-0.02628940045742543,0.023555592411147627,0.002527751702767647,0.5207567456054687,,76.7,80.2,2026-08-28 19:27:29+00:00,False,False
UAL,2026-09-18,UAL260918C00140000,call,140.0,0.07,0.02,0.16,21,3362,0.500005,110.5999984741211,0.029951763397160748,0.005122766006389999,-0.021894107913703574,0.01802667124291238,0.0018209956894309476,0.5207567456054687,,76.7,80.2,2026-08-28 17:27:48+00:00,False,True
UAL,2026-09-18,UAL260918C00155000,call,155.0,0.01,0.0,0.01,130,395,0.48438015625,110.5999984741211,0.00238592723806537,0.0005789735877644259,-0.0023111874449144865,0.001973702845587854,0.00014676234127169804,0.5207567456054687,,76.7,80.2,2026-08-26 19:46:38+00:00,True,False
UAL,2026-09-18,UAL260918C00165000,call,165.0,0.19,0.0,0.17,40,420,0.7070341796875,110.5999984741211,0.012003951616541447,0.0016656737597484797,-0.014124449150812833,0.008288329833594262,0.0007213615846663591,0.5207567456054687,,76.7,80.2,2026-08-19 13:35:37+00:00,True,False
UAL,2026-09-18,UAL260918C00170000,call,170.0,0.34,0.0,0.22,20,652,0.7773459765625,110.5999984741211,0.014015267965721083,0.0017321435857805868,-0.017738009440731388,0.00947621525383518,0.0008366616449821593,0.5207567456054687,,76.7,80.2,2026-08-06 18:16:41+00:00,True,False
UAL,2026-09-18,UAL260918C00175000,call,175.0,0.03,0.0,0.81,72,1295,0.999023447265625,110.5999984741211,0.03728629620273065,0.0030705799875548226,-0.05186737090957587,0.021589012045218667,0.0021636654554841555,0.5207567456054687,,76.7,80.2,2026-08-18 13:30:03+00:00,True,False
UAL,2026-09-18,UAL260918P00075000,put,75.0,0.03,0.0,0.03,10,926,0.5937540625000001,110.5999984741211,-0.0024102859923010866,0.00047668392401993103,-0.0027778674166135477,0.0019919286223585514,-0.00016011396757728306,0.5207567456054687,,76.7,80.2,2026-08-25 14:26:36+00:00,True,False
UAL,2026-09-18,UAL260918P00077500,put,77.5,0.04,0.0,0.04,21,484,0.5625043750000001,110.5999984741211,-0.00321844888235856,0.000653163250331395,-0.0034122276174793453,0.002585736812350829,-0.00021352670204569986,0.5207567456054687,,76.7,80.2,2026-08-05 14:18:18+00:00,True,False
UAL,2026-09-18,UAL260918P00080000,put,80.0,0.05,0.0,0.04,10,3059,0.51562984375,110.5999984741211,-0.0034266404421405827,0.0007538495621707482,-0.003304572926452798,0.0027356428944034527,-0.0002265848908687497,0.5207567456054687,,76.7,80.2,2026-08-24 19:28:40+00:00,True,False
UAL,2026-09-18,UAL260918P00082500,put,82.5,0.07,0.0,0.31,142,1138,0.62305064453125,110.5999984741211,-0.019922533480129956,0.002919687874596295,-0.01867272892538752,0.01280254904097955,-0.001340902829624865,0.5207567456054687,,76.7,80.2,2026-08-04 19:57:44+00:00,True,False
UAL,2026-09-18,UAL260918P00087500,put,87.5,0.16,0.01,0.14,188,2097,0.50586431640625,110.5999984741211,-0.02194232993390155,0.0039023304232418906,-0.016385153941185594,0.013892959107681064,-0.0014618760656911684,0.5207567456054687,,76.7,80.2,2026-08-20 19:28:03+00:00,False,True
UAL,2026-09-18,UAL260918P00095000,put,95.0,0.3,0.21,0.4,106,2073,0.4404352832031249,110.5999984741211,-0.0643493008256204,0.010767256255295437,-0.03397734821791684,0.03337519596366987,-0.004291276346936549,0.5207567456054687,,76.7,80.2,2026-08-28 19:56:22+00:00,False,False
UAL,2026-09-18,UAL260918P00097500,put,97.5,0.54,0.43,0.59,2624,1253,0.4235897485351562,110.5999984741211,-0.09343487897145875,0.014857597154823658,-0.043185434208098734,0.0442925508136866,-0.00623988093748665,0.5207567456054687,,76.7,80.2,2026-08-28 19:59:28+00:00,False,False
UAL,2026-09-18,UAL260918P00100000,put,100.0,0.74,0.72,0.89,2730,2803,0.4116269775390625,110.5999984741211,-0.13590155955976546,0.019973565509448548,-0.05454232068491903,0.05786235436519032,-0.009099313529714778,0.5207567456054687,,76.7,80.2,2026-08-28 19:59:00+00:00,False,False
UAL,2026-09-18,UAL260918P00105000,put,105.0,1.9,1.13,1.99,38,1668,0.3991759301757813,110.5999984741211,-0.26743376646835415,0.031073936264184778,-0.07866787404424659,0.08729659186992988,-0.018061911622712395,0.5207567456054687,,76.7,80.2,2026-08-28 19:56:27+00:00,False,False
UAL,2026-09-18,UAL260918P00110000,put,110.0,3.68,3.5,4.0,61,3113,0.3975890319824219,110.5999984741211,-0.4463502356614273,0.0374805877807855,-0.09200441341546862,0.10487632495478227,-0.030558228821489716,0.5207567456054687,,76.7,80.2,2026-08-28 19:55:59+00:00,False,False
UAL,2026-09-18,UAL260918P00112000,put,112.0,4.75,2.75,6.15,27,173,0.4976856872558594,110.5999984741211,-0.5086104535924174,0.030208934534670603,-0.11687472612642247,0.10581012598395459,-0.03572800295856067,0.5207567456054687,,76.7,80.2,2026-08-28 19:30:50+00:00,False,True
UAL,2026-09-18,UAL260918P00113000,put,113.0,4.32,5.0,5.9,20,90,0.4204159521484375,110.5999984741211,-0.5532736071521167,0.03545007365279521,-0.09584360641608218,0.10488973797044715,-0.03843004364691144,0.5207567456054687,,76.7,80.2,2026-08-27 18:47:41+00:00,False,False
UAL,2026-09-18,UAL260918P00115000,put,115.0,6.64,6.5,6.85,22,2773,0.3891662646484375,110.5999984741211,-0.6332359479867891,0.03646614718154301,-0.08205431117675191,0.0998761375086904,-0.04405612667534938,0.5207567456054687,,76.7,80.2,2026-08-28 19:57:32+00:00,False,False
UAL,2026-09-18,UAL260918P00120000,put,120.0,10.4,10.15,10.7,18,2338,0.4016173120117187,110.5999984741211,-0.7789755306400918,0.02786470337847656,-0.06209297689734391,0.0787596036055369,-0.055521699982797594,0.5207567456054687,,76.7,80.2,2026-08-28 19:57:59+00:00,False,False
UAL,2026-09-18,UAL260918P00130000,put,130.0,19.15,17.35,21.2,17,894,0.684573466796875,110.5999984741211,-0.8118162740317928,0.014854112093870735,-0.10150273944107546,0.07156545414025857,-0.0636066047843789,0.5207567456054687,,76.7,80.2,2026-08-28 19:29:42+00:00,False,False
UAL,2026-09-18,UAL260918P00135000,put,135.0,16.77,23.3,25.1,50,175,0.5937540625000001,110.5999984741211,-0.9046246085086823,0.010761441649026789,-0.046486601111930315,0.04496905089176364,-0.0717618418674318,0.5207567456054687,,76.7,80.2,2026-08-26 14:03:32+00:00,False,False
UAL,2026-09-25,UAL260925C00125000,call,125.0,0.87,0.59,1.16,15,119,0.4294490649414063,110.5999984741211,0.17430752836260333,0.019545581612333152,-0.06288386909135607,0.07876543365943227,0.013892248564118406,0.46973186523437505,,109.5,89.0,2026-08-28 18:46:02+00:00,False,False
UAL,2026-09-25,UAL260925C00130000,call,130.0,1.2,0.11,1.12,41,80,0.5092822509765625,110.5999984741211,0.1473130272714533,0.014765825675307901,-0.06625365167109695,0.07056538031349666,0.011643492087395011,0.46973186523437505,,109.5,89.0,2026-08-26 19:57:03+00:00,False,True
UAL,2026-10-02,UAL261002C00125000,call,125.0,1.6,0.38,2.39,10,134,0.5085498364257812,110.5999984741211,0.25205906939272926,0.018324431161146532,-0.08289747695717319,0.10930736940399685,0.024399890394861897,0.4504449487304687,,88.9,112.9,2026-08-28 15:01:55+00:00,False,True
UAL,2026-10-16,UAL261016C00110000,call,110.0,7.85,6.5,8.1,36,422,0.4792532543945312,110.5999984741211,0.5623786068007024,0.02029016719329366,-0.08546420860841743,0.15968501148628395,0.07225363003419394,0.5009205181884765,,102.4,90.0,2026-08-28 19:47:39+00:00,False,False
UAL,2026-10-16,UAL261016C00115000,call,115.0,5.5,5.05,7.45,72,237,0.5708050732421875,110.5999984741211,0.48011327349107275,0.017225644460744455,-0.10027060791200573,0.1614643917967668,0.06100501768206868,0.5009205181884765,,102.4,90.0,2026-08-28 19:48:27+00:00,False,False
UAL,2026-10-16,UAL261016C00120000,call,120.0,3.8,3.55,4.0,96,679,0.459966337890625,110.5999984741211,0.3594518134468489,0.020060733787025185,-0.07599463117772631,0.15152570793983278,0.047780135768024846,0.5009205181884765,,102.4,90.0,2026-08-28 19:59:55+00:00,False,False
UAL,2026-10-16,UAL261016C00125000,call,125.0,2.52,2.46,2.64,82,971,0.4506890869140625,110.5999984741211,0.2682951739833347,0.018046735915089745,-0.06511147159026205,0.1335639218506774,0.03613440174913805,0.5009205181884765,,102.4,90.0,2026-08-28 19:56:54+00:00,False,False
UAL,2026-10-16,UAL261016C00130000,call,130.0,1.71,1.61,1.82,32,1159,0.4558159887695313,110.5999984741211,0.1993347915829971,0.015126278824386823,-0.05542175461394844,0.11322311890538109,0.02704411626242978,0.5009205181884765,,102.4,90.0,2026-08-28 19:45:17+00:00,False,False
UAL,2026-10-16,UAL261016C00140000,call,140.0,0.72,0.58,0.85,745,657,0.46680220703125,110.5999984741211,0.10502100998752156,0.009613962982390225,-0.036573670959800006,0.0736968293783368,0.014403549355909177,0.5009205181884765,,102.4,90.0,2026-08-28 18:07:30+00:00,False,False
UAL,2026-10-16,UAL261016C00145000,call,145.0,0.53,0.14,0.79,34,571,0.5070850073242188,110.5999984741211,0.09199418286134725,0.008032185222967465,-0.03589027977358142,0.0668848785067666,0.012561550706265568,0.5009205181884765,,102.4,90.0,2026-08-28 19:08:42+00:00,False,True
UAL,2026-10-16,UAL261016C00185000,call,185.0,0.2,0.0,0.13,13,116,0.5625043750000001,110.5999984741211,0.009126788704730463,0.0010794674042751051,-0.005852618191054482,0.009971233697372123,0.0012670324831414558,0.5009205181884765,,102.4,90.0,2026-08-10 18:28:53+00:00,True,False
UAL,2026-10-16,UAL261016P00060000,put,60.0,0.02,0.0,0.08,10,87,0.6601596484375001,110.5999984741211,-0.0037129851321524576,0.00041426193638159365,-0.002964492945673116,0.004490942177518506,-0.000595357223041049,0.5009205181884765,,102.4,90.0,2026-08-20 19:44:49+00:00,True,False
UAL,2026-10-16,UAL261016P00087500,put,87.5,0.56,0.41,0.7,50,181,0.4694877270507813,110.5999984741211,-0.06850976903856099,0.00694130941554637,-0.024515310806912296,0.053515440583222294,-0.010998379707641231,0.5009205181884765,,102.4,90.0,2026-08-28 19:56:34+00:00,False,False
UAL,2026-10-16,UAL261016P00092500,put,92.5,1.11,0.96,1.33,50,101,0.4633842724609375,110.5999984741211,-0.11959444281980247,0.010627551014979397,-0.036263747008758285,0.08087009352866055,-0.019354573850432166,0.5009205181884765,,102.4,90.0,2026-08-28 19:56:34+00:00,False,False
UAL,2026-10-16,UAL261016P00100000,put,100.0,2.62,2.45,3.75,63,728,0.5127001855468749,110.5999984741211,-0.25271043932176485,0.015382514232666181,-0.06345146004233722,0.12951028459591885,-0.042175161010656985,0.5009205181884765,,102.4,90.0,2026-08-28 19:34:08+00:00,False,False
UAL,2026-10-16,UAL261016P00105000,put,105.0,4.25,3.2,4.5,13,475,0.4368952795410156,110.5999984741211,-0.3275955129673297,0.020394962682775585,-0.059699830043658836,0.1463233801135171,-0.05422160615295667,0.5009205181884765,,102.4,90.0,2026-08-28 18:30:03+00:00,False,False
UAL,2026-10-16,UAL261016P00110000,put,110.0,6.25,4.65,8.2,22,541,0.5225877819824218,110.5999984741211,-0.4367545435896032,0.018601174720623923,-0.0774463579178286,0.15962947356265972,-0.07522981768659973,0.5009205181884765,,102.4,90.0,2026-08-28 19:21:14+00:00,False,False
UAL,2026-10-16,UAL261016P00115000,put,115.0,9.03,7.9,10.85,29,478,0.5092822509765625,110.5999984741211,-0.5318006336101575,0.01926912965113753,-0.07427890147096362,0.16115140535139238,-0.09278227023849253,0.5009205181884765,,102.4,90.0,2026-08-28 19:00:26+00:00,False,False
UAL,2026-10-16,UAL261016P00135000,put,135.0,24.6,23.9,25.5,30,230,0.4448297705078124,110.5999984741211,-0.8644379755866238,0.01207905840768371,-0.023577024291799434,0.08823489714685667,-0.16144025242653245,0.5009205181884765,,102.4,90.0,2026-08-28 18:59:44+00:00,False,False
USB,2026-08-28,USB260828C00062000,call,62.0,0.49,0.33,0.63,25,103,0.26563234375,62.470001220703125,,,,,,0.20508607421875,,,,2026-08-28 19:31:45+00:00,False,False
USB,2026-08-28,USB260828C00063000,call,63.0,0.02,0.0,0.04,80,702,0.1562584375,62.470001220703125,,,,,,0.20508607421875,,,,2026-08-28 19:53:29+00:00,True,False
USB,2026-08-28,USB260828C00064000,call,64.0,0.05,0.0,0.02,59,204,0.2812571874999999,62.470001220703125,,,,,,0.20508607421875,,,,2026-08-28 19:34:26+00:00,True,False
USB,2026-08-28,USB260828C00070000,call,70.0,0.03,0.0,0.01,16,76,0.8437515624999999,62.470001220703125,,,,,,0.20508607421875,,,,2026-08-19 14:17:33+00:00,True,False
USB,2026-08-28,USB260828P00062000,put,62.0,0.01,0.0,0.04,670,915,0.1445398046875,62.470001220703125,,,,,,0.20508607421875,,,,2026-08-28 19:44:51+00:00,True,False
USB,2026-09-04,USB260904C00062000,call,62.0,0.97,0.94,1.1,42,137,0.229499892578125,62.470001220703125,0.6116726601858667,0.19300943701407908,-0.059431770339220674,0.03315196192642871,0.007120761466214141,0.2211991943359375,,97.6,98.9,2026-08-28 18:34:03+00:00,False,False
USB,2026-09-04,USB260904C00063000,call,63.0,0.49,0.43,0.58,279,83,0.2207109179687499,62.470001220703125,0.4091442128927658,0.2034933972547575,-0.05641852007969231,0.033614166253246515,0.004795793206487099,0.2211991943359375,,97.6,98.9,2026-08-28 19:56:54+00:00,False,False
USB,2026-09-04,USB260904C00064000,call,64.0,0.22,0.15,0.27,18,83,0.2187578124999999,62.470001220703125,0.22605286009769643,0.15889288141854793,-0.04255023427692587,0.02601454396493164,0.0026614806781610173,0.2211991943359375,,97.6,98.9,2026-08-28 19:34:26+00:00,False,False
USB,2026-09-04,USB260904C00065000,call,65.0,0.05,0.05,0.11,88,396,0.2187578124999999,62.470001220703125,0.10317092051907228,0.09486544959597568,-0.02513949966786109,0.015531730479270131,0.0012184256951584271,0.2211991943359375,,97.6,98.9,2026-08-28 19:54:10+00:00,False,True
USB,2026-09-04,USB260904P00061000,put,61.0,0.22,0.17,0.26,10,50,0.215828154296875,62.470001220703125,-0.19941042642144757,0.14967366176406408,-0.035536601538851895,0.02417695961218087,-0.002429443541678224,0.2211991943359375,,97.6,98.9,2026-08-28 19:57:05+00:00,False,False
USB,2026-09-11,USB260911P00066000,put,66.0,3.95,3.4,3.75,1000,599,0.2465895654296875,62.470001220703125,-0.8586660143967859,0.07425249956498904,-0.01629334708591835,0.027407156091918093,-0.021961815263125573,0.22144333251953124,,94.6,92.0,2026-08-27 14:38:55+00:00,False,False
USB,2026-09-18,USB260918C00060000,call,60.0,2.93,2.86,3.2,12,4563,0.2807689111328124,62.470001220703125,0.7502930546392386,0.07548622758605751,-0.0377815130713067,0.04758676686186818,0.02507350773811088,0.22388471435546875,,104.5,99.9,2026-08-27 15:15:52+00:00,False,False
USB,2026-09-18,USB260918C00062000,call,62.0,1.5,1.46,1.65,105,125,0.2299881689453125,62.470001220703125,0.5857507905506131,0.11307839639279106,-0.03675254093379955,0.05839216740402499,0.020065595301959453,0.22388471435546875,,104.5,99.9,2026-08-28 17:30:01+00:00,False,False
USB,2026-09-18,USB260918C00062500,call,62.5,1.36,1.26,1.42,152,3194,0.23438265625,62.470001220703125,0.5281973890176523,0.11330869777009839,-0.037594222546936354,0.05962908967641641,0.018135490415853387,0.22388471435546875,,104.5,99.9,2026-08-28 19:48:11+00:00,False,False
USB,2026-09-18,USB260918C00063000,call,63.0,0.99,0.94,1.17,81,517,0.2309647216796875,62.470001220703125,0.4709548571355393,0.11496790906614941,-0.036649497895347105,0.05961996838310234,0.016226797118907833,0.22388471435546875,,104.5,99.9,2026-08-28 17:29:28+00:00,False,False
USB,2026-09-18,USB260918C00064000,call,64.0,0.65,0.55,0.75,28,331,0.2231522998046874,62.470001220703125,0.35511521860624984,0.1113518578276231,-0.032574853581100134,0.05579153283243686,0.012314296428750456,0.22388471435546875,,104.5,99.9,2026-08-28 19:41:09+00:00,False,False
USB,2026-09-18,USB260918C00065000,call,65.0,0.39,0.35,0.48,128,8479,0.2236405761718749,62.470001220703125,0.25474139030554427,0.09577179327608876,-0.027718636487148188,0.04809032156178083,0.00886880102234835,0.22388471435546875,,104.5,99.9,2026-08-28 19:39:33+00:00,False,False
USB,2026-09-18,USB260918C00067500,call,67.5,0.09,0.07,0.16,31,3906,0.2363357617187499,62.470001220703125,0.09904733867575083,0.04921194830394059,-0.01551974395142268,0.026113763174895128,0.0034667634831564605,0.22388471435546875,,104.5,99.9,2026-08-28 19:20:30+00:00,False,True
USB,2026-09-18,USB260918C00068000,call,68.0,0.19,0.01,0.14,10,126,0.245124736328125,62.470001220703125,0.08623613246112433,0.0428259685557871,-0.014474785247093207,0.023570228482083025,0.003017637619148839,0.22388471435546875,,104.5,99.9,2026-08-26 15:34:50+00:00,False,True
USB,2026-09-18,USB260918P00022500,put,22.5,0.05,0.0,0.05,34,54,1.625001875,62.470001220703125,-0.0023851457910973872,0.00030545418683082537,-0.004288902163478848,0.0011144726317141903,-9.681207510627117e-05,0.22388471435546875,,104.5,99.9,2026-06-17 18:54:32+00:00,True,False
USB,2026-09-18,USB260918P00050000,put,50.0,0.06,0.0,0.07,10,4675,0.47461462890625,62.470001220703125,-0.020770901547859988,0.007029968074442128,-0.008280052445202865,0.007491416308603922,-0.0007791374430507561,0.22388471435546875,,104.5,99.9,2026-08-07 13:42:39+00:00,True,False
USB,2026-09-18,USB260918P00055000,put,55.0,0.07,0.01,0.11,42,2740,0.3252020605468749,62.470001220703125,-0.04376874392220409,0.019021763953241434,-0.0103673252609161,0.013889081807360598,-0.0016248141327301795,0.22388471435546875,,104.5,99.9,2026-08-28 17:25:09+00:00,False,True
USB,2026-09-18,USB260918P00060000,put,60.0,0.51,0.33,0.5,23,1638,0.2338943798828124,62.470001220703125,-0.21231896941198614,0.08276302941196305,-0.022328097636473563,0.04346359293737574,-0.007880891102475855,0.22388471435546875,,104.5,99.9,2026-08-28 19:55:46+00:00,False,False
USB,2026-09-18,USB260918P00062500,put,62.5,1.2,1.12,1.32,113,2755,0.2133867724609375,62.470001220703125,-0.47113553636733796,0.12444261064651396,-0.026095525402205114,0.05962193507055332,-0.01762411623654804,0.22388471435546875,,104.5,99.9,2026-08-28 18:56:35+00:00,False,False
USB,2026-09-18,USB260918P00065000,put,65.0,3.0,2.63,2.98,10,594,0.2172929833984375,62.470001220703125,-0.7518926358581907,0.09720431639746195,-0.017716094517156167,0.0474242763055063,-0.02864202786729706,0.22388471435546875,,104.5,99.9,2026-08-25 16:25:08+00:00,False,False
USB,2026-09-25,USB260925C00065000,call,65.0,0.71,0.42,0.71,101,417,0.2346267944335937,62.470001220703125,0.30173708153209333,0.08587063758737352,-0.027749830994951655,0.0603157163868726,0.013882221673552339,0.2364578308105468,,95.4,97.3,2026-08-26 19:17:31+00:00,False,False
USB,2026-10-02,USB261002C00067000,call,67.0,0.3,0.13,0.44,689,689,0.2353592089843749,62.470001220703125,0.19535827155014535,0.06062406191414852,-0.019559083878742573,0.05339424328791905,0.011245318505559014,0.2382888671874999,,108.6,97.4,2026-08-24 18:13:49+00:00,False,True
USB,2026-10-16,USB261016C00062500,call,62.5,2.07,1.99,2.15,25,740,0.2346267944335937,62.470001220703125,0.5459673937681737,0.07379272961200557,-0.026068755309668897,0.09070629475394021,0.04265253030409827,0.2498854309082031,,109.4,93.0,2026-08-28 17:01:27+00:00,False,False
USB,2026-10-16,USB261016C00065000,call,65.0,1.06,0.95,1.16,30,1501,0.2336502416992187,62.470001220703125,0.36597378398767655,0.07034652154738248,-0.023486789398574112,0.08611030086200518,0.028973610014026728,0.2498854309082031,,109.4,93.0,2026-08-28 17:48:58+00:00,False,False
USB,2026-10-16,USB261016C00067500,call,67.5,0.5,0.45,0.56,49,1858,0.23242955078125,62.470001220703125,0.21536426845175394,0.054976608739770366,-0.01763450993662288,0.06694459737709672,0.017219170423001823,0.2498854309082031,,109.4,93.0,2026-08-28 19:55:14+00:00,False,False
USB,2026-10-16,USB261016C00070000,call,70.0,0.24,0.19,0.3,31,1537,0.245124736328125,62.470001220703125,0.1255807010373392,0.03680894507618193,-0.01285203958885672,0.04727012545747938,0.01007921758117561,0.2498854309082031,,109.4,93.0,2026-08-28 19:55:14+00:00,False,False
USB,2026-10-16,USB261016C00075000,call,75.0,0.12,0.0,0.25,20,96,0.331061376953125,62.470001220703125,0.0821071333562523,0.020007928296952228,-0.012388643056453336,0.034702190041487786,0.006523153769003032,0.2498854309082031,,109.4,93.0,2026-08-26 14:02:00+00:00,True,False
USB,2026-10-16,USB261016P00057500,put,57.5,0.69,0.53,0.75,26,382,0.2807689111328124,62.470001220703125,-0.1781210477688897,0.04056247909193521,-0.0154806458154851,0.059665014768455135,-0.01581048330086922,0.2498854309082031,,109.4,93.0,2026-08-28 17:26:16+00:00,False,False
USB,2026-10-16,USB261016P00060000,put,60.0,1.24,1.12,1.43,70,338,0.273444765625,62.470001220703125,-0.30161961744819865,0.055687486237146554,-0.01950495157620232,0.07977622337495309,-0.02699538158533421,0.2498854309082031,,109.4,93.0,2026-08-28 19:23:01+00:00,False,False
USB,2026-10-16,USB261016P00062500,put,62.5,2.39,2.12,2.46,15,335,0.2651440673828125,62.470001220703125,-0.45512391107647476,0.06531992971295439,-0.020349434650061126,0.09073479605027902,-0.04115346920861027,0.2498854309082031,,109.4,93.0,2026-08-28 18:02:58+00:00,False,False
UTI,2026-09-18,UTI260918C00020000,call,20.0,1.55,1.7,1.9,11,155,0.5009815527343751,21.309999465942383,0.7297276702401657,0.129185346323811,-0.02205085536203079,0.016909403835705775,0.007900598626284547,0.5258836474609375,,96.4,107.7,2026-08-28 19:19:40+00:00,False,False
UTI,2026-09-18,UTI260918C00022500,call,22.5,0.5,0.5,0.8,31,244,0.5361374511718751,21.309999465942383,0.36848288169859145,0.13759117234045565,-0.025589948141026723,0.019273474978152048,0.004145464692198745,0.5258836474609375,,96.4,107.7,2026-08-28 19:31:48+00:00,False,False
UTI,2026-09-18,UTI260918C00027500,call,27.5,0.2,0.0,0.15,40,100,0.6250037500000001,21.309999465942383,0.0540405315337654,0.034339505111262277,-0.008492842847808707,0.005607508789785275,0.0006227997430589754,0.5258836474609375,,96.4,107.7,2026-08-26 13:55:23+00:00,True,False
UTI,2026-09-18,UTI260918C00040000,call,40.0,0.07,0.0,0.05,14,58,1.09375453125,21.309999465942383,0.011970073802919918,0.005574651646968989,-0.004180618857267289,0.0015930555033279589,0.00013448244754556962,0.5258836474609375,,96.4,107.7,2026-08-12 15:07:20+00:00,True,False
UTI,2026-09-18,UTI260918C00042500,call,42.5,0.08,0.0,0.2,20,1787,1.4375028125,21.309999465942383,0.03427729199767972,0.010337451552561524,-0.013376416282815216,0.003882536061551337,0.00036938330669670496,0.5258836474609375,,96.4,107.7,2026-08-20 14:07:59+00:00,True,False
UTI,2026-09-18,UTI260918C00045000,call,45.0,0.15,0.0,0.4,10,105,1.72265763671875,21.309999465942383,0.055306169806239536,0.012688983450398513,-0.0235614094991969,0.0057110914263609645,0.0005753673004300482,0.5258836474609375,,96.4,107.7,2026-08-06 15:33:44+00:00,True,False
UTI,2026-09-18,UTI260918P00020000,put,20.0,0.5,0.35,0.5,59,159,0.506840869140625,21.309999465942383,-0.2721537980696137,0.1281342904855629,-0.019618741540279913,0.016967986241147585,-0.0036019744711184615,0.5258836474609375,,96.4,107.7,2026-08-28 19:34:21+00:00,False,False
UTI,2026-09-18,UTI260918P00022500,put,22.5,1.15,1.65,1.8,157,764,0.51562984375,21.309999465942383,-0.6384239954117051,0.14215920668694534,-0.02141121191600329,0.019151656547287465,-0.008824566683101186,0.5258836474609375,,96.4,107.7,2026-08-26 15:37:45+00:00,False,False
VFC,2026-08-28,VFC260828C00013500,call,13.5,0.3,0.0,1.12,40,52,1.65625171875,13.670000076293944,,,,,,1.0937532031250001,,,,2026-08-28 14:09:27+00:00,True,False
VFC,2026-08-28,VFC260828C00015000,call,15.0,0.01,0.0,0.16,18,1226,1.5937520312499998,13.670000076293944,,,,,,1.0937532031250001,,,,2026-08-28 19:00:29+00:00,True,False
VFC,2026-08-28,VFC260828C00015500,call,15.5,0.01,0.0,2.13,11,348,6.062502421874999,13.670000076293944,,,,,,1.0937532031250001,,,,2026-08-26 14:44:03+00:00,True,False
VFC,2026-08-28,VFC260828C00016000,call,16.0,0.4,0.0,0.05,18,1321,1.78125109375,13.670000076293944,,,,,,1.0937532031250001,,,,2026-08-28 14:18:37+00:00,True,False
VFC,2026-08-28,VFC260828C00019000,call,19.0,0.14,0.0,2.13,21,117,8.984379384765624,13.670000076293944,,,,,,1.0937532031250001,,,,2026-07-30 19:59:06+00:00,True,False
VFC,2026-08-28,VFC260828P00013500,put,13.5,0.02,0.0,0.08,23,540,0.5312546875,13.670000076293944,,,,,,1.0937532031250001,,,,2026-08-28 18:35:18+00:00,True,False
VFC,2026-08-28,VFC260828P00014000,put,14.0,0.26,0.02,0.55,30,534,1.25000375,13.670000076293944,,,,,,1.0937532031250001,,,,2026-08-28 19:15:01+00:00,False,True
VFC,2026-08-28,VFC260828P00015000,put,15.0,1.24,0.08,1.81,10,126,3.3750015625,13.670000076293944,,,,,,1.0937532031250001,,,,2026-08-28 15:34:06+00:00,False,True
VFC,2026-09-04,VFC260904C00014500,call,14.5,0.05,0.01,0.06,40,100,0.3789124609375,13.670000076293944,0.14033527842533877,0.3107959884614786,-0.011678584480072952,0.004220428060465294,0.0003582904460962876,0.3437565625,,112.5,1052.3,2026-08-28 19:51:58+00:00,False,True
VFC,2026-09-04,VFC260904P00012500,put,12.5,0.04,0.0,0.01,14,75,0.3437565625,13.670000076293944,-0.027210478061415744,0.09640502842128275,-0.0028642933696494156,0.001187662090822917,-7.265566001930634e-05,0.3437565625,,112.5,1052.3,2026-08-27 14:10:23+00:00,True,False
VFC,2026-09-04,VFC260904P00013000,put,13.0,0.04,0.0,0.08,10,322,0.3867248828124999,13.670000076293944,-0.1627937462271385,0.33611860465000964,-0.012554305598378475,0.004658401082611026,-0.0004391682899338525,0.3437565625,,112.5,1052.3,2026-08-28 19:53:09+00:00,True,False
VFC,2026-09-04,VFC260904P00013500,put,13.5,0.16,0.13,0.2,82,169,0.3437565625,13.670000076293944,-0.3794918069116562,0.5848528496634605,-0.016956588674488404,0.007205096763414287,-0.001028768814427949,0.3437565625,,112.5,1052.3,2026-08-28 19:53:53+00:00,False,False
VFC,2026-09-04,VFC260904P00014000,put,14.0,0.58,0.37,0.57,65,301,0.4687553125,13.670000076293944,-0.6256021062035979,0.42709573681910806,-0.022777998287786223,0.007174863591270408,-0.0017433566458076144,0.3437565625,,112.5,1052.3,2026-08-28 19:58:25+00:00,False,False
VFC,2026-09-11,VFC260911C00014500,call,14.5,0.12,0.0,0.21,12,262,0.460942890625,13.670000076293944,0.2787455873277552,0.2721846933562546,-0.015297903084799213,0.008992553383977428,0.0013835931283359873,0.3681703808593749,,130.5,236.6,2026-08-27 19:27:45+00:00,True,False
VFC,2026-09-11,VFC260911C00015000,call,15.0,0.05,0.03,0.06,10,158,0.3789124609375,13.670000076293944,0.11737694619665157,0.19413840833341428,-0.007347214726544497,0.0052725724691647,0.0005937671366995209,0.3681703808593749,,130.5,236.6,2026-08-28 19:47:37+00:00,False,False
VFC,2026-09-11,VFC260911C00015500,call,15.5,0.15,0.0,0.72,139,145,0.8710950390625,13.670000076293944,0.26112236213021633,0.13939453413592195,-0.02751895960066263,0.008703290713777186,0.0012391532389550647,0.3681703808593749,,130.5,236.6,2026-08-24 18:41:24+00:00,True,False
VFC,2026-09-11,VFC260911P00012500,put,12.5,0.06,0.0,0.1,10,222,0.445318046875,13.670000076293944,-0.13752257775823562,0.18443446845211325,-0.009093234613171951,0.005886871950055711,-0.0007542462731388497,0.3681703808593749,,130.5,236.6,2026-08-27 19:27:45+00:00,True,False
VFC,2026-09-18,VFC260918C00014000,call,14.0,0.31,0.25,0.4,41,421,0.4062559375,13.670000076293944,0.4338639579217387,0.29536262115890555,-0.013235761126284912,0.012900861685419363,0.0031796801447178933,0.5429733203125001,,330.9,70.0,2026-08-28 19:38:02+00:00,False,False
VFC,2026-09-18,VFC260918C00014500,call,14.5,0.3,0.0,0.21,10,180,0.379889013671875,13.670000076293944,0.28442226411059823,0.2722897752856341,-0.010562853330519829,0.011121196946549108,0.0021157785994311983,0.5429733203125001,,330.9,70.0,2026-08-28 19:31:25+00:00,True,False
VFC,2026-09-18,VFC260918C00015000,call,15.0,0.08,0.02,0.14,541,2210,0.41211525390625,13.670000076293944,0.19469375046020088,0.20383806002130744,-0.009207615286530458,0.009031656906593051,0.0014511484108806108,0.5429733203125001,,330.9,70.0,2026-08-28 17:53:31+00:00,False,True
VFC,2026-09-18,VFC260918C00016000,call,16.0,0.04,0.0,0.22,10,1430,0.5351608984375,13.670000076293944,0.1272517373965214,0.11878110289088113,-0.008932089931693591,0.006834318145392565,0.000940179324153152,0.5429733203125001,,330.9,70.0,2026-08-28 16:04:19+00:00,True,False
VFC,2026-09-18,VFC260918C00020000,call,20.0,0.02,0.01,0.05,30,16032,0.789064609375,13.670000076293944,0.028670549838866688,0.025327080575999146,-0.004086702126506789,0.00214862765589738,0.0002100885113986328,0.5429733203125001,,330.9,70.0,2026-08-28 14:56:42+00:00,False,True
VFC,2026-09-18,VFC260918P00010000,put,10.0,0.01,0.0,0.01,26,38517,0.5312546875,13.670000076293944,-0.005549304397720611,0.009107374075576352,-0.0006471493628627026,0.0005201869040533946,-4.54899875214357e-05,0.5429733203125001,,330.9,70.0,2026-08-28 18:37:16+00:00,True,False
VFC,2026-09-18,VFC260918P00011000,put,11.0,0.01,0.0,2.14,20,77,1.796876015625,13.670000076293944,-0.2338067445978087,0.052010521816154544,-0.04241068779016499,0.010047841765473025,-0.002422370053043396,0.5429733203125001,,330.9,70.0,2026-08-28 13:38:59+00:00,True,False
VFC,2026-09-18,VFC260918P00012000,put,12.0,0.06,0.02,0.07,25,3012,0.429693203125,13.670000076293944,-0.08953308813179639,0.11481311592732846,-0.005250523142919396,0.005304121354005595,-0.0007392517434022992,0.5429733203125001,,330.9,70.0,2026-08-28 18:42:56+00:00,False,True
VFC,2026-09-18,VFC260918P00020000,put,20.0,5.8,6.05,6.9,16,10087,1.0742233789062503,13.670000076293944,-0.9093607558559302,0.04634654790259234,-0.0111100690907789,0.005352731457292431,-0.01083800254303314,0.5429733203125001,,330.9,70.0,2026-08-24 18:03:42+00:00,False,False
VFC,2026-09-25,VFC260925C00014500,call,14.5,0.36,0.05,0.36,54,55,0.4414118359375,13.670000076293944,0.34840330422668453,0.22125786690205848,-0.011637966735504962,0.014000543525811928,0.0033725575003125557,0.5224657128906249,,109.2,155.1,2026-08-28 19:55:31+00:00,False,True
VFC,2026-09-25,VFC260925P00013000,put,13.0,0.27,0.2,0.5,40,96,0.5273484765625001,13.670000076293944,-0.32875362944810127,0.18110379708902577,-0.012212843548406068,0.013690756698671534,-0.0038060730092487794,0.5224657128906249,,109.2,155.1,2026-08-28 19:23:42+00:00,False,True
VFC,2026-10-02,VFC261002C00020000,call,20.0,0.09,0.0,0.08,300,300,0.648441015625,13.670000076293944,0.038296038927963995,0.030301146525667753,-0.003327806944066873,0.0035208032198345745,0.00046431645161509107,0.59570716796875,,216.1,69.5,2026-08-21 19:56:00+00:00,True,False
VFC,2026-10-16,VFC261016C00019000,call,19.0,0.09,0.0,0.66,989,989,0.8095722167968749,13.670000076293944,0.17386590336233265,0.06330994073322342,-0.010901768832707603,0.012857832148117814,0.0027438978069958815,0.4213925048828125,,92.7,143.9,2026-08-21 19:12:38+00:00,True,False
VFC,2026-10-16,VFC261016C00020000,call,20.0,0.01,0.0,0.65,66,366,0.88476677734375,13.670000076293944,0.16083279652855353,0.055091847588118845,-0.011296153263626514,0.012228027128705195,0.0025127804241753915,0.4213925048828125,,92.7,143.9,2026-08-26 15:59:52+00:00,True,False
VFC,2026-10-16,VFC261016P00014000,put,14.0,0.9,0.69,1.07,12,457,0.438482177734375,13.670000076293944,-0.5105169370628375,0.18158796092308924,-0.00784347651318512,0.019974653183313745,-0.010719224443868598,0.4213925048828125,,92.7,143.9,2026-08-26 18:30:31+00:00,False,False
VICI,2026-09-18,VICI260918C00025000,call,25.0,1.0,0.95,1.2,87,2005,0.2724682128906249,25.8700008392334,0.7257852987414362,0.19707498984305608,-0.015815866052971153,0.020676007068662655,0.010091090465354417,0.2539137109374999,,92.7,88.5,2026-08-28 17:45:20+00:00,False,False
VICI,2026-09-18,VICI260918C00027500,call,27.5,0.05,0.0,0.1,31,12195,0.2246171289062499,25.8700008392334,0.14599597150809346,0.1642798020742683,-0.008102088834858778,0.014208438720362059,0.0021141859903256997,0.2539137109374999,,92.7,88.5,2026-08-28 19:36:17+00:00,True,False
VICI,2026-09-18,VICI260918P00025000,put,25.0,0.17,0.1,0.25,417,4847,0.2353592089843749,25.8700008392334,-0.24663016694002748,0.21601747538591137,-0.010066195445464299,0.019576696042048057,-0.003797536078889675,0.2539137109374999,,92.7,88.5,2026-08-28 19:58:40+00:00,False,True
VICI,2026-09-18,VICI260918P00027500,put,27.5,2.1,1.9,2.05,26,2026,0.397466962890625,25.8700008392334,-0.713302415986854,0.13804038627632556,-0.017195101702611962,0.02112644960790545,-0.011751230472189886,0.2539137109374999,,92.7,88.5,2026-08-28 16:54:33+00:00,False,False
VICI,2026-09-18,VICI260918P00032500,put,32.5,6.83,6.2,7.7,10,59,0.7832052929687501,25.8700008392334,-0.8654730591638042,0.044567213686419443,-0.021058937862624288,0.013440344877948741,-0.016817953454326837,0.2539137109374999,,92.7,88.5,2026-08-28 13:38:11+00:00,False,False
VICI,2026-10-16,VICI261016C00025000,call,25.0,1.15,1.0,1.2,27,361,0.180672255859375,25.8700008392334,0.742559061922909,0.18843918367628062,-0.008091080271413278,0.03058854239888413,0.024027577073284786,0.1984943432617187,,109.0,86.1,2026-08-28 19:35:10+00:00,False,False
VICI,2026-10-16,VICI261016C00027500,call,27.5,0.1,0.1,0.15,146,605,0.170906728515625,25.8700008392334,0.2012228080638777,0.17345274257385213,-0.0053336836939621825,0.026634002326729345,0.006750798151440818,0.1984943432617187,,109.0,86.1,2026-08-28 19:55:20+00:00,False,False
VICI,2026-10-16,VICI261016C00030000,call,30.0,0.05,0.0,0.1,55,107,0.2802806347656249,25.8700008392334,0.09249102814245996,0.06237513967872292,-0.004805010422976163,0.015707270565398522,0.003064664500113249,0.1984943432617187,,109.0,86.1,2026-08-27 18:14:32+00:00,True,False
VICI,2026-10-16,VICI261016P00025000,put,25.0,0.42,0.4,0.45,72,1855,0.2163164306640624,25.8700008392334,-0.2891305565336567,0.16671022140754851,-0.006074062647259154,0.03240021094267648,-0.010561165895685008,0.1984943432617187,,109.0,86.1,2026-08-28 19:34:53+00:00,False,False
WB,2026-09-18,WB260918C00007500,call,7.5,0.06,0.0,0.1,60,315,0.4023497265625,6.989999771118164,0.25731733915320426,0.4782536263353638,-0.005414736545241981,0.005409320769035431,0.000977506166913738,0.3418034570312499,,1533.7,117.7,2026-08-27 14:51:58+00:00,True,False
WB,2026-10-16,WB261016C00007500,call,7.5,0.13,0.05,0.15,27,198,0.3242255078124999,6.989999771118164,0.3167148529113661,0.4287918101520154,-0.0032983251005585584,0.009119083650613658,0.002757190711425074,0.3183661914062499,,943.5,101.8,2026-08-28 16:04:08+00:00,False,True
WB,2026-10-16,WB261016C00010000,call,10.0,0.05,0.0,0.05,12,584,0.5468795312500001,6.989999771118164,0.04911592827026931,0.07259473511531145,-0.0014965600956472651,0.0026040800615616715,0.000425108103300013,0.3183661914062499,,943.5,101.8,2026-08-25 15:21:24+00:00,True,False
WRB,2026-09-18,WRB260918C00085000,call,85.0,0.15,0.0,1.0,28,54,0.6538120556640626,68.44000244140625,0.09939674906822654,0.016278968995288388,-0.04551789021500335,0.028683112963316243,0.003641488409110894,0.2983468603515624,,100.5,116.9,2026-07-30 15:12:10+00:00,True,False
WRB,2026-09-18,WRB260918P00070000,put,70.0,2.1,1.05,2.9,10,51,0.2988351367187499,68.44000244140625,-0.5942344824147212,0.07904208506358422,-0.03934668268347187,0.06365558461697043,-0.024969186048661256,0.2983468603515624,,100.5,116.9,2026-08-25 17:06:20+00:00,False,True
WRB,2026-10-16,WRB261016C00070000,call,70.0,2.9,0.0,0.0,14,191,0.01563484375,68.44000244140625,0.002892839382710924,0.02258340323157986,-6.249671619998001e-05,0.0022202720033678643,0.00026533176020824363,0.0039162109375,,7711.8,7281.6,2026-06-18 19:28:40+00:00,True,False
WRB,2026-10-16,WRB261016C00077000,call,77.0,0.45,0.0,2.35,15,55,0.5251512329101562,68.44000244140625,0.3151232544814081,0.026980205642089507,-0.050364828659636394,0.08909490995499639,0.02569230277557961,0.0039162109375,,7711.8,7281.6,2026-08-19 19:59:16+00:00,True,False
WRB,2026-10-16,WRB261016C00079500,call,79.5,0.05,0.0,0.95,14,103,0.4094297338867187,68.44000244140625,0.18974927662505958,0.026409530344400675,-0.030048302124710827,0.06799285937031257,0.016090377640324404,0.0039162109375,,7711.8,7281.6,2026-08-27 18:37:49+00:00,True,False
WRB,2026-10-16,WRB261016P00065000,put,65.0,2.2,0.0,0.0,10,194,0.0312596875,68.44000244140625,-1.7494870974132937e-07,1.1779330426433196e-06,-5.741963643759693e-09,2.31541309373933e-07,-1.6107846034854686e-08,0.0039162109375,,7711.8,7281.6,2026-06-22 17:32:34+00:00,True,False
XYL,2026-09-18,XYL260918C00120000,call,120.0,0.35,0.35,0.55,11,7953,0.2797923583984374,111.30999755859376,0.14831438756325982,0.030977096303523945,-0.043343721452780815,0.0617833327649255,0.00917858626153982,0.274848560180664,,101.0,101.9,2026-08-28 18:05:12+00:00,False,False
XYL,2026-09-18,XYL260918C00135000,call,135.0,0.05,0.0,0.25,34,58,0.460942890625,111.30999755859376,0.04806540613371232,0.008120334123237422,-0.029983454255830214,0.026681841319459946,0.0029424572245925723,0.274848560180664,,101.0,101.9,2026-08-24 18:41:15+00:00,True,False
XYL,2026-09-18,XYL260918P00095000,put,95.0,0.05,0.0,0.55,115,125,0.4917043017578125,111.30999755859376,-0.07682505598104905,0.010981872021401872,-0.04382739066529516,0.03849241530189213,-0.005193821095646399,0.274848560180664,,101.0,101.9,2026-08-24 14:43:50+00:00,True,False
XYL,2026-09-18,XYL260918P00105000,put,105.0,0.66,0.45,0.8,11,6612,0.2775951147460937,111.30999755859376,-0.17030681478035792,0.034182594536433505,-0.04201468341520517,0.06764124914784658,-0.01130713284379415,0.274848560180664,,101.0,101.9,2026-08-28 16:00:29+00:00,False,False
XYL,2026-09-18,XYL260918P00120000,put,120.0,8.49,8.1,10.0,20,109,0.3835510864257812,111.30999755859376,-0.770297884800873,0.029630216815128823,-0.06091433313595348,0.08101264715874651,-0.05488468914865236,0.274848560180664,,101.0,101.9,2026-08-28 13:54:48+00:00,False,False
XYL,2026-10-16,XYL261016C00145000,call,145.0,0.35,0.0,0.75,25,132,0.4914601635742188,111.30999755859376,0.08994511114485654,0.008098227538129417,-0.034462903497991276,0.06619876052432887,0.012395917523342426,0.28595684753417966,,97.8,91.4,2026-08-20 13:40:21+00:00,True,False
YSS,2026-09-18,YSS260918C00010000,call,10.0,0.5,0.35,0.6,238,752,0.9687503125,8.970000267028809,0.3672191812167451,0.18069837936989824,-0.019078970028890363,0.008103589916268712,0.00162812148376791,1.0107447119140625,,99.3,95.8,2026-08-28 19:34:34+00:00,False,False
YSS,2026-09-18,YSS260918C00012500,call,12.5,0.15,0.0,0.2,36,983,0.98437515625,8.970000267028809,0.1011214785504671,0.08353914942481429,-0.009033818474775244,0.003806817312390708,0.0004686737270579451,1.0107447119140625,,99.3,95.8,2026-08-28 18:11:30+00:00,True,False
YSS,2026-09-18,YSS260918C00015000,call,15.0,0.05,0.05,0.1,231,1524,1.2734411328124997,8.970000267028809,0.06411103938048515,0.0457845324627364,-0.008252906610231366,0.0026990380031763138,0.0002915476402834175,1.0107447119140625,,99.3,95.8,2026-08-28 14:07:37+00:00,False,False
YSS,2026-09-18,YSS260918C00017500,call,17.5,0.05,0.0,0.05,101,766,1.2968785156249998,8.970000267028809,0.023648335168766476,0.019990488664568082,-0.003731812942851438,0.0012001459072453879,0.00010917993275786856,1.0107447119140625,,99.3,95.8,2026-08-28 19:39:30+00:00,True,False
YSS,2026-09-18,YSS260918P00005000,put,5.0,0.05,0.0,0.35,10,55,1.96875015625,8.970000267028809,-0.06945798165629657,0.031508471628472874,-0.013353688545454661,0.002871635313227451,-0.00044983282518603793,1.0107447119140625,,99.3,95.8,2026-08-25 13:49:56+00:00,True,False
YSS,2026-09-18,YSS260918P00007500,put,7.5,0.27,0.25,0.3,17,1167,1.00391123046875,8.970000267028809,-0.19061640291473847,0.12588307702923243,-0.013714438643464014,0.005850244336939814,-0.0011306176058519888,1.0107447119140625,,99.3,95.8,2026-08-28 17:50:03+00:00,False,False
YSS,2026-09-18,YSS260918P00010000,put,10.0,1.54,1.4,1.75,30,4036,1.052739111328125,8.970000267028809,-0.6151706401681035,0.16873861921651762,-0.019645865021528857,0.008223308652593403,-0.00405735334065942,1.0107447119140625,,99.3,95.8,2026-08-28 19:10:07+00:00,False,False
YSS,2026-09-18,YSS260918P00012500,put,12.5,3.6,3.5,3.8,37,601,1.0351610742187505,8.970000267028809,-0.8850744755800879,0.08710985418907026,-0.008706700986260451,0.004174327909833892,-0.006642873490555736,1.0107447119140625,,99.3,95.8,2026-08-28 19:43:32+00:00,False,False
YSS,2026-10-16,YSS261016C00010000,call,10.0,1.0,0.9,1.2,93,185,1.0859420703125,8.970000267028809,0.47712135854640036,0.11159491380414133,-0.01494655923489634,0.013089986148301161,0.004326613919503031,1.25390998046875,,80.8,82.2,2026-08-28 18:03:49+00:00,False,False
YSS,2026-10-16,YSS261016C00012500,call,12.5,0.59,0.1,0.75,105,138,1.0312548437500002,8.970000267028809,0.2509336006010089,0.09394413800322077,-0.01126195969086183,0.010464628488664312,0.0024502168006527644,1.25390998046875,,80.8,82.2,2026-08-26 19:22:03+00:00,False,True
YSS,2026-10-16,YSS261016P00007500,put,7.5,0.66,0.55,0.7,65,158,1.013676806640625,8.970000267028809,-0.24645749079361257,0.09466146290696549,-0.010336587213693231,0.01036479815666374,-0.0037670002750217263,1.25390998046875,,80.8,82.2,2026-08-28 19:19:44+00:00,False,False
YUMC,2026-09-18,YUMC260918C00047500,call,47.5,0.23,0.2,0.45,11,213,0.295905478515625,45.02000045776367,0.2484168533192444,0.09911352930179533,-0.02556450998809781,0.034199784339409206,0.006171906449170221,0.3006661730957031,,115.0,98.4,2026-08-28 16:41:16+00:00,False,True
YUMC,2026-09-18,YUMC260918C00050000,call,50.0,0.05,0.05,0.25,117,699,0.3632876171875,45.02000045776367,0.12978176638032884,0.05386150778778101,-0.020503134563666946,0.02281741924912525,0.003220306473572088,0.3006661730957031,,115.0,98.4,2026-08-28 18:55:30+00:00,False,True
YUMC,2026-09-18,YUMC260918P00040000,put,40.0,0.1,0.05,0.1,11,272,0.3222724023437499,45.02000045776367,-0.05421361616558307,0.03160316574002359,-0.008767462045860798,0.011876572540426534,-0.0014515750495153606,0.3006661730957031,,115.0,98.4,2026-08-27 18:22:19+00:00,False,False
YUMC,2026-09-18,YUMC260918P00042500,put,42.5,0.31,0.0,0.55,29,133,0.3457096679687499,45.02000045776367,-0.22041066866670977,0.07939866927141558,-0.024919888143034672,0.03200826759141619,-0.005992145412088249,0.3006661730957031,,115.0,98.4,2026-08-27 18:18:08+00:00,True,False
YUMC,2026-09-18,YUMC260918P00047500,put,47.5,2.6,2.45,2.95,26,172,0.301764794921875,45.02000045776367,-0.7469411631718066,0.09814658120865123,-0.01982142248669755,0.03453672627162407,-0.020969706762165988,0.3006661730957031,,115.0,98.4,2026-08-27 15:15:42+00:00,False,False
YUMC,2026-10-16,YUMC261016C00047500,call,47.5,0.86,0.7,0.95,10,56,0.2846751220703124,45.02000045776367,0.3454639977134557,0.07850119143162165,-0.019652812038161934,0.06080509473831675,0.019500580302714593,0.2934640966796874,,91.0,151.2,2026-08-28 14:29:30+00:00,False,False
YUMC,2026-10-16,YUMC261016C00050000,call,50.0,0.35,0.3,0.5,56,713,0.3029854858398437,45.02000045776367,0.2035210898812984,0.056605555188958365,-0.015608423655906912,0.04666540987377113,0.011573133002687898,0.2934640966796874,,91.0,151.2,2026-08-28 19:34:52+00:00,False,False
YUMC,2026-10-16,YUMC261016C00055000,call,55.0,0.28,0.0,0.95,79,162,0.5678754150390625,45.02000045776367,0.2043965898601306,0.030278798931913133,-0.028236887565658335,0.04678492277935911,0.011041423734461204,0.2934640966796874,,91.0,151.2,2026-08-21 19:06:47+00:00,True,False
YUMC,2026-10-16,YUMC261016P00042500,put,42.5,0.8,0.55,0.75,36,147,0.2670971728515625,45.02000045776367,-0.24005569350422162,0.07056865230925792,-0.012407670700042046,0.051285585788635686,-0.015387176861396585,0.2934640966796874,,91.0,151.2,2026-08-27 19:35:23+00:00,False,False
ZTO,2026-09-18,ZTO260918C00021000,call,21.0,0.65,0.65,1.0,13,117,0.3476627734374999,21.5,0.6399635909259166,0.2086716796515151,-0.017716032262749055,0.019294123420749047,0.00732885090851566,0.3969786865234375,,105.0,141.2,2026-08-28 16:06:09+00:00,False,False
ZTO,2026-09-18,ZTO260918C00022000,call,22.0,0.34,0.0,0.6,13,327,0.387701435546875,21.5,0.432591484745273,0.1966761240848249,-0.019910854203923353,0.020279273862317933,0.005002551773789262,0.3969786865234375,,105.0,141.2,2026-08-24 19:09:49+00:00,True,False
