symbol,expiration,contract_symbol,type,strike,last_price,bid,ask,volume,open_interest,implied_volatility,underlying_price,delta,gamma,theta,vega,rho,atm_iv,atm_iv_90d_percentile,skew_put_pct_of_atm,skew_call_pct_of_atm,last_trade_date,zero_bid,wide_spread
AGO,2026-09-18,AGO260918C00075000,call,75.0,1.94,1.35,1.95,12,514,0.2595288891601562,75.69000244140625,0.596121594137192,0.10067277435881893,-0.059125207781776934,0.0574129622024158,0.016547358751105346,0.2503737072753906,,205.7,127.7,2026-09-03 15:22:43+00:00,False,False
AGO,2026-09-18,AGO260918P00070000,put,70.0,0.49,0.0,2.0,15,154,0.5151415673828125,75.69000244140625,-0.1993137497157199,0.03658626524302875,-0.074006155693647,0.04141492539381463,-0.006128259861907559,0.2503737072753906,,205.7,127.7,2026-09-03 15:29:52+00:00,True,False
AGO,2026-09-18,AGO260918P00075000,put,75.0,1.16,0.8,1.15,45,196,0.241218525390625,75.69000244140625,-0.39817693765034323,0.10791490017475192,-0.04500740889606366,0.057201086925297996,-0.011958873479635153,0.2503737072753906,,205.7,127.7,2026-09-04 19:24:21+00:00,False,False
AGO,2026-09-18,AGO260918P00080000,put,80.0,4.35,3.2,6.4,16,106,0.6152382226562501,75.69000244140625,-0.6493086223335632,0.04064263774584263,-0.11315374219416882,0.054946167393698814,-0.02121934554704783,0.2503737072753906,,205.7,127.7,2026-09-03 19:33:41+00:00,False,False
AGO,2026-10-16,AGO261016P00070000,put,70.0,0.65,0.4,1.65,71,708,0.3857483300781249,75.69000244140625,-0.2398955831514924,0.03138046834936046,-0.03395337038750297,0.07979890650170984,-0.022614637995925,0.25800302551269527,,149.5,249.6,2026-09-04 17:43:36+00:00,False,True
AGO,2026-10-16,AGO261016P00075000,put,75.0,2.2,1.7,2.25,22,509,0.2502516381835937,75.69000244140625,-0.4136752408478407,0.06062994052445298,-0.02523229937612688,0.10002246096025384,-0.038356532345114915,0.25800302551269527,,149.5,249.6,2026-09-04 18:07:59+00:00,False,False
AGO,2026-10-16,AGO261016P00080000,put,80.0,4.1,4.8,5.4,50,523,0.2553785400390626,75.69000244140625,-0.701790146066524,0.05288279441925563,-0.01910058804012581,0.08902915681395822,-0.06691642134351727,0.25800302551269527,,149.5,249.6,2026-08-07 17:18:26+00:00,False,False
AGO,2026-10-16,AGO261016P00095000,put,95.0,17.2,18.1,21.5,228,52,0.7421900781249999,75.69000244140625,-0.7745216393709,0.015757420380437804,-0.057215577648631374,0.0770963344635177,-0.09159049273778974,0.25800302551269527,,149.5,249.6,2026-09-03 18:58:21+00:00,False,False
AGO,2026-10-16,AGO261016P00100000,put,100.0,24.2,23.1,26.5,1599,226,0.5459029785156251,75.69000244140625,-0.9162704488095537,0.010977268626896164,-0.012852915551963879,0.039504195363981955,-0.1076900884941124,0.25800302551269527,,149.5,249.6,2026-09-03 19:00:04+00:00,False,False
AGO,2026-10-16,AGO261016P00105000,put,105.0,29.2,28.1,31.5,1827,334,0.6157264990234376,75.69000244140625,-0.9243748451234578,0.009010937866604363,-0.013225464296553994,0.036575586951898886,-0.1141116809451467,0.25800302551269527,,149.5,249.6,2026-09-03 19:00:04+00:00,False,False
AIG,2026-09-04,AIG260904C00077000,call,77.0,0.03,0.0,0.05,13,50,0.179695703125,76.20999908447266,,,,,,0.293952373046875,,,,2026-09-04 19:37:00+00:00,True,False
AIG,2026-09-04,AIG260904P00075000,put,75.0,0.05,0.0,1.35,183,356,0.7490259472656251,76.20999908447266,,,,,,0.293952373046875,,,,2026-09-03 17:04:24+00:00,True,False
AIG,2026-09-04,AIG260904P00077000,put,77.0,0.35,0.25,1.05,374,472,0.3564517480468749,76.20999908447266,,,,,,0.293952373046875,,,,2026-09-03 19:26:39+00:00,False,True
AIG,2026-09-04,AIG260904P00078000,put,78.0,1.15,1.2,2.05,15,146,0.5468795312500001,76.20999908447266,,,,,,0.293952373046875,,,,2026-09-03 13:34:34+00:00,False,False
AIG,2026-09-11,AIG260911P00076000,put,76.0,0.65,0.55,1.15,78,114,0.2788158056640625,76.20999908447266,-0.4539832271690569,0.13467163051958692,-0.07841232566903877,0.04182371402278868,-0.0068338692746174635,0.24414818359374996,,116.2,262.8,2026-09-04 19:59:03+00:00,False,True
AIG,2026-09-11,AIG260911P00077000,put,77.0,1.05,0.95,1.35,235,91,0.1992267578125,76.20999908447266,-0.6274988937854387,0.17996096256527566,-0.05010762577441631,0.03993512638219482,-0.009410781435388229,0.24414818359374996,,116.2,262.8,2026-09-04 18:57:09+00:00,False,False
AIG,2026-09-18,AIG260918C00078000,call,78.0,0.8,0.0,1.45,100,60,0.3579165771484375,76.20999908447266,0.39404467159651296,0.07202942491171603,-0.07733083145299648,0.057431590654761146,0.010969144594967126,0.2678295874023437,,128.2,158.8,2026-09-03 17:13:36+00:00,True,False
AIG,2026-09-18,AIG260918P00050000,put,50.0,0.07,0.0,2.15,10,104,1.677735986328125,76.20999908447266,-0.07313592936826052,0.005545273928409993,-0.12329380646610404,0.020725533018084975,-0.0024970676976378684,0.2678295874023437,,128.2,158.8,2026-07-15 19:16:25+00:00,True,False
AIG,2026-09-18,AIG260918P00062500,put,62.5,0.6,0.0,0.8,52,81,0.7187528125,76.20999908447266,-0.0677296609645881,0.012201801374260834,-0.04939814187620877,0.01953721214166299,-0.0021094644989096746,0.2678295874023437,,128.2,158.8,2026-06-30 19:50:32+00:00,True,False
AIG,2026-09-25,AIG260925C00088000,call,88.0,0.1,0.0,1.0,90,90,0.5898478515625001,76.20999908447266,0.17732252885512584,0.024107398152266864,-0.06845002242120499,0.047516088839320084,0.007217465003802537,0.2622144091796875,,254.8,160.5,2026-08-24 15:22:56+00:00,True,False
AIG,2026-09-25,AIG260925P00076000,put,76.0,1.4,1.05,1.85,25,87,0.2622144091796875,76.20999908447266,-0.4518227707557171,0.08262206955694765,-0.040247276536391235,0.07239406536948914,-0.02078910933691953,0.2622144091796875,,254.8,160.5,2026-09-04 14:46:14+00:00,False,False
AIG,2026-10-16,AIG261016P00055000,put,55.0,0.05,0.0,2.15,30,50,0.813478427734375,76.20999908447266,-0.08999416103695423,0.00772153800565058,-0.0395786468771158,0.04197881672037255,-0.00902798447060885,0.26892820922851557,,90.4,92.8,2026-08-18 14:27:29+00:00,True,False
AIG,2026-10-16,AIG261016P00060000,put,60.0,0.1,0.0,0.15,59,78,0.398443515625,76.20999908447266,-0.030086021568827337,0.006621416594234227,-0.008032098319575185,0.017631855381223152,-0.0027833585664297196,0.26892820922851557,,90.4,92.8,2026-08-20 19:50:29+00:00,True,False
AIG,2026-10-16,AIG261016P00065000,put,65.0,0.25,0.05,0.2,16,181,0.30274134765625,76.20999908447266,-0.04879310955577887,0.012923362656358003,-0.00889164530707686,0.026147345789805095,-0.004469006440950059,0.26892820922851557,,90.4,92.8,2026-08-21 13:42:35+00:00,False,True
AIG,2026-10-16,AIG261016P00070000,put,70.0,0.37,0.45,0.55,11,379,0.252937158203125,76.20999908447266,-0.13553670068440105,0.0332947117268779,-0.015468592672873524,0.056281832929546166,-0.012421490344487099,0.26892820922851557,,90.4,92.8,2026-09-03 16:51:30+00:00,False,False
AIG,2026-10-16,AIG261016P00075000,put,75.0,1.74,1.7,1.85,18,208,0.2326736889648437,76.20999908447266,-0.37632925579921805,0.06311136852076248,-0.02302957152997948,0.09813755005236371,-0.03489185711472689,0.26892820922851557,,90.4,92.8,2026-09-04 19:58:52+00:00,False,False
AIOT,2026-09-18,AIOT260918C00005000,call,5.0,0.01,0.0,0.1,10,671,1.765626171875,3.0199999809265137,0.1003429411623809,0.168474865357229,-0.0065973851880834,0.0010405978574364405,9.961041176522686e-05,1.15625421875,,112.2,152.7,2026-08-25 13:32:16+00:00,True,False
AIOT,2026-10-16,AIOT261016C00002500,call,2.5,0.56,0.25,1.0,100,312,0.7851583984375,3.0199999809265137,0.8062788403121163,0.3414040157622725,-0.0028763883093946125,0.002813171519925283,0.002073809347769513,1.0136748437499998,,122.5,87.9,2026-09-03 13:36:32+00:00,False,True
ALGN,2026-09-04,ALGN260904C00160000,call,160.0,0.1,0.0,0.7,36,67,0.3808655664062499,158.63499450683594,,,,,,0.5676312768554688,,,,2026-09-04 19:48:00+00:00,True,False
ALGN,2026-09-04,ALGN260904C00165000,call,165.0,0.31,0.0,1.4,22,79,0.8305681005859374,158.63499450683594,,,,,,0.5676312768554688,,,,2026-09-03 14:28:21+00:00,True,False
ALGN,2026-09-04,ALGN260904C00170000,call,170.0,0.22,0.0,0.4,60,216,0.86132951171875,158.63499450683594,,,,,,0.5676312768554688,,,,2026-09-04 16:47:49+00:00,True,False
ALGN,2026-09-04,ALGN260904C00195000,call,195.0,1.55,0.0,8.6,48,50,4.489262200927733,158.63499450683594,,,,,,0.5676312768554688,,,,2026-08-14 17:13:37+00:00,True,False
ALGN,2026-09-04,ALGN260904C00200000,call,200.0,0.95,0.0,8.6,71,73,4.80273837158203,158.63499450683594,,,,,,0.5676312768554688,,,,2026-08-14 17:13:37+00:00,True,False
ALGN,2026-09-04,ALGN260904P00155000,put,155.0,0.06,0.0,0.15,78,268,0.3564517480468749,158.63499450683594,,,,,,0.5676312768554688,,,,2026-09-04 19:48:15+00:00,True,False
ALGN,2026-09-04,ALGN260904P00157500,put,157.5,0.2,0.0,0.4,53,99,0.2573316455078125,158.63499450683594,,,,,,0.5676312768554688,,,,2026-09-04 19:44:27+00:00,True,False
ALGN,2026-09-11,ALGN260911C00165000,call,165.0,0.95,0.35,1.0,48,89,0.3383855224609374,158.63499450683594,0.21313355535841882,0.03910645929225974,-0.15887534491768426,0.06386507724519881,0.006315307578510731,0.3791565991210937,,167.0,252.1,2026-09-04 14:52:00+00:00,False,True
ALGN,2026-09-11,ALGN260911C00170000,call,170.0,0.71,0.0,1.5,60,126,0.5544478149414063,158.63499450683594,0.197588209365601,0.02281708624394195,-0.24591701906018043,0.0610553930732401,0.0057635338857861314,0.3791565991210937,,167.0,252.1,2026-09-04 16:47:49+00:00,True,False
ALGN,2026-09-11,ALGN260911C00175000,call,175.0,0.3,0.0,6.8,13,64,0.9558109887695312,158.63499450683594,0.25196862090095934,0.015196755733413893,-0.4836662827166203,0.0701013002495551,0.00709686474769788,0.3791565991210937,,167.0,252.1,2026-09-03 19:23:17+00:00,True,False
ALGN,2026-09-11,ALGN260911C00185000,call,185.0,1.75,0.0,8.6,51,59,1.3459505358886714,158.63499450683594,0.23375878675153028,0.010362415256132433,-0.6517077100458278,0.06731211908021092,0.006402966586039224,0.3791565991210937,,167.0,252.1,2026-08-18 15:52:30+00:00,True,False
ALGN,2026-09-11,ALGN260911P00140000,put,140.0,0.61,0.0,1.0,34,86,0.6064492480468751,158.63499450683594,-0.06161553622513072,0.00912899153342953,-0.11435168242719927,0.02671901461604472,-0.0019449078264588819,0.3791565991210937,,167.0,252.1,2026-08-18 16:10:10+00:00,True,False
ALGN,2026-09-11,ALGN260911P00147000,put,147.0,0.63,0.0,2.6,11,347,0.5722699023437501,158.63499450683594,-0.15555551515723398,0.01899873372070929,-0.21096180403514259,0.0524721346896383,-0.0049357082968744664,0.3791565991210937,,167.0,252.1,2026-09-04 14:46:46+00:00,True,False
ALGN,2026-09-11,ALGN260911P00150000,put,150.0,0.5,0.0,2.45,15,126,0.6333044482421876,158.63499450683594,-0.24416483811109113,0.02255385829625858,-0.3062382928415269,0.06893448847537088,-0.007831571909384301,0.3791565991210937,,167.0,252.1,2026-09-03 18:22:07+00:00,True,False
ALGN,2026-09-11,ALGN260911P00155000,put,155.0,1.3,0.0,3.8,35,57,0.585941640625,158.63499450683594,-0.3676574715365748,0.02927095886479874,-0.33797849762180404,0.08277410306737472,-0.011838040855078285,0.3791565991210937,,167.0,252.1,2026-09-04 19:48:15+00:00,True,False
ALGN,2026-09-18,ALGN260918C00165000,call,165.0,2.5,0.0,2.4,302,333,0.3779359082031249,158.63499450683594,0.3196888198023916,0.030443818227268785,-0.15652895130712785,0.11105815236649627,0.01855242688003013,0.6173744317626952,,86.3,135.0,2026-08-31 15:50:25+00:00,True,False
ALGN,2026-09-18,ALGN260918P00095000,put,95.0,3.28,0.0,6.8,119,140,2.2104536926269525,158.63499450683594,-0.07997201344223581,0.0021642100843716106,-0.36238461394512567,0.04617575493721701,-0.006016761061734057,0.6173744317626952,,86.3,135.0,2026-08-07 15:09:02+00:00,True,False
ALGN,2026-09-18,ALGN260918P00110000,put,110.0,2.86,0.0,6.8,100,138,1.7114272241210935,158.63499450683594,-0.10282075098356247,0.0033682021354981885,-0.33743913508484635,0.05564033677919453,-0.007414292994227023,0.6173744317626952,,86.3,135.0,2026-08-07 15:10:51+00:00,True,False
ALGN,2026-09-18,ALGN260918P00130000,put,130.0,0.17,0.05,3.9,98,70,0.9233406103515626,158.63499450683594,-0.11470583766105569,0.0067540023341408975,-0.19576945655075959,0.060194430577982586,-0.007645144354265086,0.6173744317626952,,86.3,135.0,2026-09-03 19:24:58+00:00,False,True
ALGN,2026-09-25,ALGN260925C00250000,call,250.0,1.45,0.0,6.8,81,81,1.456301546630859,158.63499450683594,0.13151664246465117,0.003848322704517539,-0.28377519353955133,0.08114228245855518,0.01017949845059623,0.39917593017578124,,150.5,150.2,2026-08-24 15:07:33+00:00,True,False
ALGN,2026-09-25,ALGN260925P00095000,put,95.0,3.32,0.0,5.1,119,119,1.6779801257324216,158.63499450683594,-0.06913057604793937,0.0020827821311505223,-0.20034062882038384,0.0506005318699615,-0.007636227247241854,0.39917593017578124,,150.5,150.2,2026-08-07 15:09:02+00:00,True,False
ALGN,2026-09-25,ALGN260925P00100000,put,100.0,3.38,0.0,5.1,60,60,1.5434593139648438,158.63499450683594,-0.07503752182531986,0.0024112085758487617,-0.19606922528936,0.05388332555221559,-0.008176460694358244,0.39917593017578124,,150.5,150.2,2026-08-07 15:09:24+00:00,True,False
ALGN,2026-09-25,ALGN260925P00110000,put,110.0,2.95,0.0,5.1,100,100,1.2907750305175782,158.63499450683594,-0.08904855155841496,0.0032803152964871727,-0.18615304634863153,0.06130424818519055,-0.00945713355671271,0.39917593017578124,,150.5,150.2,2026-08-07 15:10:51+00:00,True,False
ALGN,2026-09-25,ALGN260925P00115000,put,115.0,3.41,0.0,6.9,264,264,1.292484006347656,158.63499450683594,-0.11470456369979687,0.003939570748771602,-0.2239432204155819,0.07372223752503577,-0.012286603387273448,0.39917593017578124,,150.5,150.2,2026-08-07 15:11:55+00:00,True,False
ALGN,2026-10-02,ALGN261002C00250000,call,250.0,2.39,0.0,0.15,15,392,0.648441015625,158.63499450683594,0.0077290808477349145,0.0007463946523035333,-0.010977464642655971,0.009343340134236643,0.0008877523391311002,0.5120898400878906,,99.3,103.6,2026-09-02 14:13:12+00:00,True,False
ALGN,2026-10-16,ALGN261016C00180000,call,180.0,2.15,0.0,4.2,206,247,0.51758294921875,158.63499450683594,0.2745556975480411,0.01197060931292766,-0.1159237163081263,0.17941164966808085,0.045155109394196084,0.4259700958251953,,98.0,121.5,2026-09-02 19:48:41+00:00,True,False
ALGN,2026-10-16,ALGN261016C00210000,call,210.0,1.4,0.0,5.3,50,80,0.7026396923828125,158.63499450683594,0.1506741287556162,0.006184997647598615,-0.10817302615436727,0.1258422979426855,0.024435484544737287,0.4259700958251953,,98.0,121.5,2026-08-17 14:54:03+00:00,True,False
ALGN,2026-10-16,ALGN261016C00220000,call,220.0,1.86,0.0,3.6,14,134,0.7016631396484375,158.63499450683594,0.10920535475388143,0.004954196973104151,-0.0862083553834612,0.10065986735559716,0.017856999567838355,0.4259700958251953,,98.0,121.5,2026-09-03 15:46:57+00:00,True,False
ALGN,2026-10-16,ALGN261016C00250000,call,250.0,2.4,0.0,0.15,15,556,0.532231240234375,158.63499450683594,0.008259424895393472,0.000787106906700225,-0.007855451631736102,0.012130773884001104,0.001422025413736514,0.4259700958251953,,98.0,121.5,2026-09-02 14:13:12+00:00,True,False
ALGN,2026-10-16,ALGN261016P00140000,put,140.0,1.65,0.7,2.9,18,81,0.4622856506347657,158.63499450683594,-0.18088965235322474,0.010580824054339001,-0.07365813457666744,0.1416394812619121,-0.036050667063330905,0.4259700958251953,,98.0,121.5,2026-09-04 18:59:30+00:00,False,True
ALLY,2026-09-18,ALLY260918C00042000,call,42.0,1.45,1.65,2.3,7290,3676,0.3603579589843749,43.72999954223633,0.7370905820481204,0.10570235652423425,-0.04005502876401077,0.027939131699105203,0.011473195790378143,0.2802806347656249,,107.7,178.4,2026-09-02 19:15:07+00:00,False,False
ALLY,2026-09-18,ALLY260918C00043000,call,43.0,1.37,1.3,1.45,12,3624,0.2978585839843749,43.72999954223633,0.6370643980026629,0.14706440447208016,-0.037794824637465564,0.03213007993380013,0.010123307861038724,0.2802806347656249,,107.7,178.4,2026-09-04 19:12:24+00:00,False,False
ALLY,2026-09-18,ALLY260918C00045000,call,45.0,0.43,0.3,0.5,34,7788,0.2817454638671874,43.72999954223633,0.32402365846866965,0.1489734646170662,-0.03285151809258717,0.03078647512387056,0.005244753513138708,0.2802806347656249,,107.7,178.4,2026-09-04 19:43:40+00:00,False,False
ALLY,2026-09-18,ALLY260918P00020000,put,20.0,0.1,0.0,0.05,51,53,1.5937520312499998,43.72999954223633,-0.003809220320576956,0.0008307638496079324,-0.005502606394123108,0.000971163738392845,-7.064390385469876e-05,0.2802806347656249,,107.7,178.4,2026-06-18 19:58:27+00:00,True,False
ALLY,2026-09-18,ALLY260918P00037000,put,37.0,0.08,0.0,0.2,55,148,0.51758294921875,43.72999954223633,-0.042877601240166374,0.020565927835896464,-0.01416470724925228,0.007807686830549192,-0.0007500754654140711,0.2802806347656249,,107.7,178.4,2026-09-01 14:51:03+00:00,True,False
ALLY,2026-09-18,ALLY260918P00040000,put,40.0,0.1,0.05,0.15,14,1377,0.3515689843749999,43.72999954223633,-0.08737104242462856,0.05275508230496231,-0.016540847325478225,0.013604073702143272,-0.0015133312369125132,0.2802806347656249,,107.7,178.4,2026-09-04 19:58:17+00:00,False,True
ALLY,2026-10-16,ALLY261016P00042000,put,42.0,0.85,0.65,0.9,29,57,0.2763744238281249,43.72999954223633,-0.29501341556069915,0.08416202408947412,-0.014963111344299574,0.05118343084010145,-0.015767776787680737,0.2968820312499999,,97.2,92.8,2026-09-04 14:52:50+00:00,False,False
ANIP,2026-10-16,ANIP261016P00075000,put,75.0,4.79,3.8,6.3,151,2143,0.4145566357421875,71.2300033569336,-0.6008404214229137,0.03854846018511787,-0.039363857507510314,0.09329819928443539,-0.056117473098510395,0.5554243676757813,,94.7,144.1,2026-09-01 18:04:35+00:00,False,False
APEI,2026-09-18,APEI260918C00040000,call,40.0,7.4,4.0,7.6,79,140,0.6171913281250001,45.36000061035156,0.8679263838617399,0.03900684368493714,-0.04647537389771232,0.018999488099860126,0.012867853973116456,0.3881897119140625,,133.1,392.2,2026-08-11 15:38:26+00:00,False,False
APEI,2026-09-18,APEI260918C00060000,call,60.0,0.12,0.0,0.25,30,952,0.7773459765625,45.36000061035156,0.040180889007734436,0.012524552907976603,-0.021566272706733006,0.007683478165123574,0.0006583552022061043,0.3881897119140625,,133.1,392.2,2026-08-11 17:54:46+00:00,True,False
APEI,2026-09-18,APEI260918P00030000,put,30.0,0.05,0.0,0.05,864,864,0.8906260937499999,45.36000061035156,-0.006785000493242488,0.00239603810926282,-0.00531214255117056,0.0016841098307177613,-0.00012512245650376234,0.3881897119140625,,133.1,392.2,2026-08-11 13:32:00+00:00,True,False
APEI,2026-09-18,APEI260918P00050000,put,50.0,5.9,4.2,4.5,66,117,1.0000000000000004e-05,45.36000061035156,-1.0,0.0,0.006836191983561338,0.0,-0.01914133755397175,0.3881897119140625,,133.1,392.2,2026-07-24 16:03:28+00:00,False,False
APEI,2026-10-16,APEI261016P00040000,put,40.0,0.6,0.5,0.7,25,122,0.4331111376953125,45.36000061035156,-0.16638665877097436,0.03745061777980563,-0.01868035781067117,0.03840262111787379,-0.00941102361880569,0.4006407592773437,,108.1,103.8,2026-09-04 19:23:11+00:00,False,False
APOG,2026-10-16,APOG261016P00035000,put,35.0,1.02,0.4,0.95,68,72,0.5371140039062501,39.970001220703125,-0.19725997132484563,0.038124745477187076,-0.022870809975040093,0.037644209147351275,-0.010077515199844466,0.7050810742187499,,76.2,94.2,2026-09-02 18:03:50+00:00,False,True
APTV,2026-09-18,APTV260918C00045000,call,45.0,3.4,3.2,3.8,321,358,0.5288133056640626,47.95000076293945,0.7528220503072962,0.06360435317798414,-0.06044397991220151,0.029662081411636083,0.012386110512526027,0.4118711157226562,,95.7,110.7,2026-09-04 19:13:26+00:00,False,False
APTV,2026-09-18,APTV260918C00047500,call,47.5,1.75,1.55,1.85,139,526,0.4184628466796875,47.95000076293945,0.5712002369781951,0.09989777593526106,-0.05859583989490685,0.036865924778922594,0.009798153421067414,0.4118711157226562,,95.7,110.7,2026-09-04 19:44:43+00:00,False,False
APTV,2026-09-18,APTV260918C00050000,call,50.0,0.71,0.55,0.85,265,1074,0.4243221630859375,47.95000076293945,0.33028085930812956,0.09091447661281639,-0.05361195247642503,0.03402053721613092,0.00575678752504698,0.4118711157226562,,95.7,110.7,2026-09-04 19:45:20+00:00,False,False
APTV,2026-09-18,APTV260918C00052500,call,52.5,0.3,0.25,0.4,684,2034,0.456060126953125,47.95000076293945,0.17135369929864974,0.05938668060169796,-0.03997724088856734,0.023884907465085314,0.0030067351800840414,0.4118711157226562,,95.7,110.7,2026-09-04 19:20:55+00:00,False,False
APTV,2026-09-18,APTV260918C00055000,call,55.0,0.1,0.1,0.15,195,416,0.459966337890625,47.95000076293945,0.07263804701391198,0.031979590387588505,-0.021768443366873967,0.012972131852438647,0.0012842015992417647,0.4118711157226562,,95.7,110.7,2026-09-04 18:59:32+00:00,False,False
APTV,2026-09-18,APTV260918C00057500,call,57.5,0.05,0.0,0.5,11,556,0.64062859375,47.95000076293945,0.08540570335886094,0.025957992141735917,-0.03408377658168844,0.014665261915088905,0.001484713252339239,0.4118711157226562,,95.7,110.7,2026-08-31 16:48:20+00:00,True,False
APTV,2026-09-18,APTV260918P00040000,put,40.0,0.1,0.0,0.1,12,164,0.5429733203125001,47.95000076293945,-0.03787291758431788,0.016164608882834944,-0.014750075991057477,0.007740269808580035,-0.0007273872058320787,0.4118711157226562,,95.7,110.7,2026-09-03 16:33:30+00:00,True,False
APTV,2026-09-18,APTV260918P00042500,put,42.5,0.15,0.1,0.15,17,562,0.430669755859375,47.95000076293945,-0.06740603166398251,0.03224594950475256,-0.01837756357471933,0.01224706299632178,-0.00128721829698875,0.4118711157226562,,95.7,110.7,2026-09-04 18:36:08+00:00,False,False
APTV,2026-09-18,APTV260918P00045000,put,45.0,0.4,0.35,0.45,37,692,0.3940490283203125,47.95000076293945,-0.18775172309087018,0.07279681972159202,-0.03431401403987673,0.025297352691691078,-0.0036047331607162764,0.4118711157226562,,95.7,110.7,2026-09-04 19:18:52+00:00,False,False
APTV,2026-09-18,APTV260918P00047500,put,47.5,1.18,1.05,1.35,117,1358,0.405279384765625,47.95000076293945,-0.4275388672352677,0.10308740530390077,-0.05034958038903385,0.036844488340319795,-0.008344290576395717,0.4118711157226562,,95.7,110.7,2026-09-04 19:49:16+00:00,False,False
APTV,2026-09-18,APTV260918P00055000,put,55.0,7.84,6.8,9.0,11,50,0.7753928710937501,47.95000076293945,-0.7923908710544902,0.03931313300003149,-0.06818004613289634,0.026882636985312916,-0.017541921574018394,0.4118711157226562,,95.7,110.7,2026-08-24 17:51:15+00:00,False,False
APTV,2026-10-16,APTV261016C00045000,call,45.0,3.6,4.0,5.0,11,96,0.5222215747070311,47.95000076293945,0.6842052868560575,0.04186622155143986,-0.0397533378179883,0.0578431905641508,0.03185841704620465,0.4242000939941406,,94.9,105.4,2026-09-03 18:16:54+00:00,False,False
APTV,2026-10-16,APTV261016C00047500,call,47.5,2.75,2.75,3.2,23,66,0.4548394360351562,47.95000076293945,0.5696753259032973,0.0530998509391631,-0.03788865088415056,0.06389767809106728,0.02763282875789474,0.4242000939941406,,94.9,105.4,2026-09-04 19:29:05+00:00,False,False
APTV,2026-10-16,APTV261016P00040000,put,40.0,0.55,0.2,1.0,10,285,0.5112353564453125,47.95000076293945,-0.1219677549866569,0.024333261246289734,-0.019155486532206556,0.03291204461530476,-0.007351921731958525,0.4242000939941406,,94.9,105.4,2026-09-02 14:58:07+00:00,False,True
APTV,2026-10-16,APTV261016P00047500,put,47.5,2.45,2.1,2.35,30,134,0.393560751953125,47.95000076293945,-0.4283894947166824,0.061313856357782616,-0.02679781994012612,0.06384164612505329,-0.02615397505195346,0.4242000939941406,,94.9,105.4,2026-09-04 17:20:52+00:00,False,False
ARKO,2026-09-18,ARKO260918C00005000,call,5.0,0.17,0.0,0.8,40,116,1.1328168359375002,4.889999866485596,0.5077009507215262,0.3676571481719583,-0.01574152455138624,0.0038199314973101184,0.0008034416210730106,0.9628938281250001,,438.1,374.4,2026-09-04 19:48:53+00:00,True,False
ARKO,2026-10-16,ARKO261016P00005000,put,5.0,0.53,0.1,0.8,102,101,0.5820354296875,4.889999866485596,-0.4939416542911681,0.413164979013234,-0.004195023967614888,0.006616785326938577,-0.0032738335811813325,0.5507857421875,,105.7,94.3,2026-08-26 17:19:18+00:00,False,True
ASO,2026-09-04,ASO260904C00042000,call,42.0,2.3,2.1,4.7,47,50,1.64453302734375,44.93999862670898,,,,,,1.1709025830078126,,,,2026-09-04 14:06:41+00:00,False,True
ASO,2026-09-04,ASO260904C00045000,call,45.0,0.06,0.0,2.15,27,56,1.1757853710937498,44.93999862670898,,,,,,1.1709025830078126,,,,2026-09-04 19:41:37+00:00,True,False
ASO,2026-09-04,ASO260904C00046000,call,46.0,0.01,0.0,2.15,10,81,1.6308612207031248,44.93999862670898,,,,,,1.1709025830078126,,,,2026-09-04 19:41:37+00:00,True,False
ASO,2026-09-04,ASO260904C00048000,call,48.0,0.07,0.0,2.15,10,51,2.3593791015624994,44.93999862670898,,,,,,1.1709025830078126,,,,2026-09-02 14:39:59+00:00,True,False
ASO,2026-09-04,ASO260904P00042000,put,42.0,0.1,0.0,2.15,40,559,2.47656630859375,44.93999862670898,,,,,,1.1709025830078126,,,,2026-09-03 14:25:25+00:00,True,False
ASO,2026-09-04,ASO260904P00043000,put,43.0,0.05,0.0,0.05,10,309,0.51562984375,44.93999862670898,,,,,,1.1709025830078126,,,,2026-09-04 19:40:18+00:00,True,False
ASO,2026-09-04,ASO260904P00045000,put,45.0,0.3,0.0,2.25,10,53,1.1660197949218751,44.93999862670898,,,,,,1.1709025830078126,,,,2026-09-04 19:48:04+00:00,True,False
ASO,2026-09-11,ASO260911C00040000,call,40.0,4.3,3.1,7.0,53,100,0.5410202148437502,44.93999862670898,0.9456983774034496,0.032706242600401045,-0.03161405064243523,0.006853547569991109,0.0071805931118247976,0.5698285205078126,,108.0,188.2,2026-09-04 14:08:31+00:00,False,True
ASO,2026-09-11,ASO260911C00045000,call,45.0,1.9,0.55,2.2,26,69,0.5293015820312501,44.93999862670898,0.5125763446586116,0.12104737163848706,-0.09679870883858746,0.024815889180988066,0.004167298343930742,0.5698285205078126,,108.0,188.2,2026-09-04 19:44:21+00:00,False,True
ASO,2026-09-11,ASO260911C00046000,call,46.0,1.33,0.25,1.7,16,75,0.5376022802734376,44.93999862670898,0.3962620200445706,0.11518330360136708,-0.09441491530893441,0.023984016694356843,0.0032422607824838007,0.5698285205078126,,108.0,188.2,2026-09-04 19:26:08+00:00,False,True
ASO,2026-09-11,ASO260911C00048000,call,48.0,0.7,0.05,2.75,100,98,0.9682620361328124,44.93999862670898,0.3383162132905309,0.06068908877163236,-0.1593227101424594,0.02276013355682,0.002674061595630337,0.5698285205078126,,108.0,188.2,2026-09-04 17:58:05+00:00,False,True
ASO,2026-09-11,ASO260911C00050000,call,50.0,0.4,0.05,2.2,44,123,1.0722702636718753,44.93999862670898,0.2617981897799963,0.04877911264858724,-0.1566390772635454,0.02025860063555685,0.0020677577178458808,0.5698285205078126,,108.0,188.2,2026-09-04 19:51:48+00:00,False,True
ASO,2026-09-11,ASO260911P00040000,put,40.0,0.45,0.0,0.45,14,102,0.65039412109375,44.93999862670898,-0.08874016337814483,0.03970035731790963,-0.04589133869736712,0.010000974220392525,-0.0007978742052205132,0.5698285205078126,,108.0,188.2,2026-09-04 19:11:53+00:00,True,False
ASO,2026-09-11,ASO260911P00041000,put,41.0,0.65,0.35,0.75,11,87,0.75195560546875,44.93999862670898,-0.17299225510639538,0.054679835607833446,-0.08440968534661332,0.015925412363770763,-0.0015784714781289866,0.5698285205078126,,108.0,188.2,2026-09-04 19:08:11+00:00,False,True
ASO,2026-09-11,ASO260911P00042000,put,42.0,0.85,0.0,1.05,11,121,0.6152382226562501,44.93999862670898,-0.1982304277532141,0.0727268533729956,-0.07487894462840626,0.017330432122375915,-0.001792920088584673,0.5698285205078126,,108.0,188.2,2026-09-04 17:42:28+00:00,True,False
ASO,2026-09-18,ASO260918C00046000,call,46.0,1.5,0.75,1.95,18,75,0.6650424121093752,44.93999862670898,0.46051179158827243,0.0678227831891559,-0.08556252747741962,0.034940267946174844,0.00720747619005487,0.6811555322265626,,109.2,103.9,2026-09-02 17:05:13+00:00,False,True
ASO,2026-09-18,ASO260918C00047000,call,47.0,1.15,0.2,2.65,54,101,0.622074091796875,44.93999862670898,0.3854405353111636,0.06983946783227382,-0.0769536309311998,0.033654590958831776,0.006113675552253482,0.6811555322265626,,109.2,103.9,2026-09-02 17:48:09+00:00,False,True
ASO,2026-09-18,ASO260918C00050000,call,50.0,0.55,0.1,1.7,10,226,0.7075224560546876,44.93999862670898,0.24608331404107797,0.05060252039896347,-0.07147871515127095,0.027734073230559576,0.00391560633869793,0.6811555322265626,,109.2,103.9,2026-09-02 17:17:06+00:00,False,True
ASO,2026-09-18,ASO260918C00060000,call,60.0,0.05,0.0,0.05,200,260,0.6250037500000001,44.93999862670898,0.011177775421906278,0.005338564961931001,-0.005835462584473454,0.0025846898402042922,0.00018488680937983327,0.6811555322265626,,109.2,103.9,2026-09-01 16:58:57+00:00,True,False
ASO,2026-09-18,ASO260918P00040000,put,40.0,0.7,0.45,1.5,82,1821,0.8090839404296875,44.93999862670898,-0.20433853890779674,0.03982274143811696,-0.07074202271785748,0.024958933030650374,-0.003861055243591875,0.6811555322265626,,109.2,103.9,2026-09-04 16:29:02+00:00,False,True
ASO,2026-10-16,ASO261016C00047500,call,47.5,1.4,1.25,2.45,15,397,0.567387138671875,44.93999862670898,0.4357625827173547,0.04552396442273732,-0.04288483549687772,0.06002637236276906,0.01965070157613239,0.5122119091796876,,115.1,98.7,2026-09-03 15:11:07+00:00,False,False
ASO,2026-10-16,ASO261016C00055000,call,55.0,0.4,0.1,0.55,10,432,0.5141650146484374,44.93999862670898,0.14963507279304344,0.02969835342038986,-0.022565108980610163,0.03548603114297789,0.007090158212684045,0.5122119091796876,,115.1,98.7,2026-09-04 13:57:33+00:00,False,True
ASO,2026-10-16,ASO261016C00075000,call,75.0,0.27,0.0,1.35,10,118,1.0322314013671878,44.93999862670898,0.10183293841176294,0.011301491463419716,-0.03385050879644475,0.027110364918706123,0.004502574174017254,0.5122119091796876,,115.1,98.7,2026-06-29 16:09:02+00:00,True,False
ASO,2026-10-16,ASO261016P00042500,put,42.5,1.9,0.55,3.0,83,186,0.6875031250000001,44.93999862670898,-0.351732764114024,0.035404728324514766,-0.043742086054463614,0.056566391937209914,-0.021462189410571892,0.5122119091796876,,115.1,98.7,2026-09-04 18:50:33+00:00,False,True
ASO,2026-10-16,ASO261016P00057500,put,57.5,8.3,11.7,14.3,130,130,0.5537154003906251,44.93999862670898,-0.8825007136758418,0.023348497631388156,-0.012635280585360495,0.0300447143383624,-0.060225853377854764,0.5122119091796876,,115.1,98.7,2026-07-28 17:22:13+00:00,False,False
ATO,2026-09-18,ATO260918C00170000,call,170.0,2.0,0.7,1.65,17,593,0.1975177905273437,167.55999755859375,0.3802565845739276,0.05875452964722525,-0.09665801277082979,0.12497508324764788,0.023794412617860833,0.1940388214111328,,208.4,241.6,2026-09-03 17:09:50+00:00,False,True
ATO,2026-10-16,ATO261016C00175000,call,175.0,1.55,0.1,2.2,14,95,0.2164995343017577,167.55999755859375,0.31685931016458496,0.02894015756638586,-0.05911172415029441,0.2024207242950342,0.05829855743347915,0.1922688195800781,,184.6,124.3,2026-09-04 18:49:22+00:00,False,True
AZZ,2026-09-18,AZZ260918P00150000,put,150.0,10.14,9.1,11.5,61,56,0.4270076831054688,140.02000427246094,-0.7759358535586334,0.025551957273998817,-0.10871753170118299,0.08204936159527565,-0.04594798918750253,0.34448897705078124,,103.5,178.7,2026-07-31 17:02:06+00:00,False,False
AZZ,2026-10-16,AZZ261016C00145000,call,145.0,17.5,5.4,7.7,45,251,0.5128222546386718,140.02000427246094,0.4677811887292295,0.016325087636481134,-0.12319306993714321,0.188868262116797,0.06626330738776795,0.4385737295532226,,114.3,115.4,2026-07-23 19:50:53+00:00,False,False
AZZ,2026-10-16,AZZ261016C00150000,call,150.0,6.6,1.5,4.3,69,77,0.4215145739746094,140.02000427246094,0.3557701721127454,0.01860954461737021,-0.09501294261589956,0.17696400560413855,0.052179643662867814,0.4385737295532226,,114.3,115.4,2026-08-19 19:07:30+00:00,False,True
BANC,2026-09-18,BANC260918C00017500,call,17.5,4.0,0.95,1.7,50,50,0.5410202148437502,18.920000076293945,0.7902819998463749,0.14364835757247535,-0.02243283086132672,0.010670667714633921,0.005081457016739681,0.5493209130859376,,76.4,75.6,2026-07-17 19:52:10+00:00,False,False
BANC,2026-09-18,BANC260918C00020000,call,20.0,0.15,0.0,0.25,181,198,0.415044912109375,18.920000076293945,0.2680572271981712,0.21421738239825588,-0.018756895214796093,0.012207514292383894,0.001852639635864939,0.5493209130859376,,76.4,75.6,2026-08-20 19:04:34+00:00,True,False
BANC,2026-10-16,BANC261016P00007500,put,7.5,0.04,0.0,0.15,352,1226,1.4609401953125,18.920000076293945,-0.016728753878227698,0.004434983227183019,-0.004589137157477072,0.002668843535234886,-0.00044145583343816396,0.3986876538085937,,124.2,160.2,2026-05-08 17:00:11+00:00,True,False
BANC,2026-10-16,BANC261016P00020000,put,20.0,1.57,1.1,1.85,43,329,0.4643608251953125,18.920000076293945,-0.5937234158838514,0.13015008294077732,-0.01198178791310854,0.024894231109573787,-0.014952038536333291,0.3986876538085937,,124.2,160.2,2026-08-21 16:18:48+00:00,False,False
BHE,2026-10-16,BHE261016C00065000,call,65.0,13.7,8.5,9.8,43,99,0.5419967675781252,72.63999938964844,0.7665881385945521,0.022923622870836085,-0.0549314761059439,0.0754376309197258,0.052554878167498584,0.5670209313964845,,87.4,151.5,2026-07-29 19:02:04+00:00,False,False
BHE,2026-10-16,BHE261016C00080000,call,80.0,1.5,1.15,1.6,13,261,0.4138242211914062,72.63999938964844,0.2821922657016941,0.033136793079102854,-0.04359757921976314,0.0832596291061151,0.021671153730776188,0.5670209313964845,,87.4,151.5,2026-09-04 19:53:01+00:00,False,False
BHF,2026-09-18,BHF260918C00060000,call,60.0,0.65,0.5,0.75,2983,2095,0.5898478515625001,53.58000183105469,0.18265769938534665,0.04278479229650604,-0.05980055844835441,0.027788816396213,0.0035298271676821747,0.5839885351562499,,120.8,179.0,2026-09-04 19:34:23+00:00,False,False
BHF,2026-09-18,BHF260918C00065000,call,65.0,0.1,0.05,2.4,269,1742,1.045414929199219,53.58000183105469,0.2027197765561154,0.025728005481570206,-0.11190986207740457,0.029616616164131835,0.00373108691326952,0.5839885351562499,,120.8,179.0,2026-09-04 15:37:21+00:00,False,True
BHF,2026-09-18,BHF260918P00030000,put,30.0,0.15,0.0,2.15,36,81,2.3906290234375,53.58000183105469,-0.06984574161247514,0.005343212930489972,-0.11944859945582768,0.014065503678614266,-0.0017979347573043767,0.5839885351562499,,120.8,179.0,2026-08-13 13:54:54+00:00,True,False
BHF,2026-09-18,BHF260918P00040000,put,40.0,0.1,0.0,0.25,52,369,0.8242205078124999,53.58000183105469,-0.028496906236002206,0.007538262282869236,-0.01991621496936378,0.006841562199638957,-0.0006241567899536777,0.5839885351562499,,120.8,179.0,2026-09-04 14:49:19+00:00,True,False
BHF,2026-09-18,BHF260918P00045000,put,45.0,0.3,0.0,0.6,60,221,0.6621127539062501,53.58000183105469,-0.07701760317649742,0.020789875384051925,-0.03524244089308126,0.01515739118551523,-0.0016801856981305686,0.5839885351562499,,120.8,179.0,2026-09-04 19:33:51+00:00,True,False
BHF,2026-09-18,BHF260918P00050000,put,50.0,1.0,0.5,2.5,14,7504,0.7055693505859376,53.58000183105469,-0.27980805797386443,0.045450617538285255,-0.08673912284939599,0.035311821047452605,-0.0062798424662710295,0.5839885351562499,,120.8,179.0,2026-09-04 19:24:19+00:00,False,True
BHF,2026-09-18,BHF260918P00055000,put,55.0,3.6,2.0,3.6,450,2227,0.6459996337890624,53.58000183105469,-0.5510567265082456,0.05836887000685451,-0.09127556944860536,0.04151969713614519,-0.01264549699373075,0.5839885351562499,,120.8,179.0,2026-09-04 14:52:31+00:00,False,False
BHF,2026-09-18,BHF260918P00060000,put,60.0,7.95,5.6,9.2,15,2684,0.70312796875,53.58000183105469,-0.7700573088199667,0.04114862138041395,-0.07336085863867459,0.03185886373436265,-0.018598177253965634,0.5839885351562499,,120.8,179.0,2026-08-31 17:47:13+00:00,False,False
BHF,2026-09-18,BHF260918P00065000,put,65.0,6.4,11.2,13.9,45,545,1.0146533642578124,53.58000183105469,-0.8060093385233315,0.025813152808839328,-0.09690401738299342,0.028840273293294406,-0.021297554559177482,0.5839885351562499,,120.8,179.0,2026-08-17 14:30:22+00:00,False,False
BHF,2026-10-16,BHF261016C00055000,call,55.0,4.0,2.0,4.6,14,762,0.5346726220703125,53.58000183105469,0.4912984739627334,0.04104288302667545,-0.049284444978475436,0.07249159920606071,0.026396603563446985,0.58789474609375,,144.3,104.2,2026-09-04 15:58:34+00:00,False,True
BHF,2026-10-16,BHF261016C00065000,call,65.0,0.77,0.65,1.75,44,859,0.6127968408203126,53.58000183105469,0.21247528652017011,0.026054347365354225,-0.03986885588073028,0.052742242456614595,0.011695593846210477,0.58789474609375,,144.3,104.2,2026-09-04 18:18:40+00:00,False,True
BHF,2026-10-16,BHF261016C00070000,call,70.0,0.15,0.05,0.1,21,264,0.414068359375,53.58000183105469,0.03656728317695522,0.010642600027536343,-0.0074299690006732,0.014557327765306388,0.0021344513590093673,0.58789474609375,,144.3,104.2,2026-09-04 18:18:40+00:00,False,False
BLBD,2026-09-18,BLBD260918P00055000,put,55.0,0.35,0.0,0.6,10,72,0.55273884765625,63.630001068115234,-0.07805888300111041,0.021185239247785325,-0.03518321739936085,0.0181849618368129,-0.0020023397853180806,0.5180712255859374,,85.2,92.0,2026-09-02 15:11:18+00:00,True,False
BLBD,2026-10-16,BLBD261016P00055000,put,55.0,0.6,0.0,1.4,12,58,0.549076774902344,63.630001068115234,-0.18232202033631495,0.022319143595649252,-0.03555483919312328,0.05709405478713046,-0.014829545463917706,0.47913118530273435,,96.3,104.7,2026-09-03 18:14:55+00:00,True,False
BPOP,2026-10-16,BPOP261016C00165000,call,165.0,11.9,5.6,10.0,21,58,0.2756420092773437,171.32000732421875,0.6950723950473618,0.021864336238005273,-0.08165910157472848,0.2035421225356378,0.12488885694473423,0.3133613586425781,,158.9,107.2,2026-06-24 19:56:49+00:00,False,False
BPOP,2026-10-16,BPOP261016P00175000,put,175.0,6.7,6.6,8.0,25,125,0.252387847290039,171.32000732421875,-0.5549705375364329,0.02694053415414252,-0.05496959509149604,0.2296398403215517,-0.11783845073928054,0.3133613586425781,,158.9,107.2,2026-09-04 19:57:27+00:00,False,False
BV,2026-10-16,BV261016P00012500,put,12.5,1.57,0.0,2.95,35,102,1.4453152734375,11.359999656677246,-0.4753533627462373,0.07149259920473211,-0.025267382563115524,0.015343934688493604,-0.009522218068902341,1.4453152734375,,100.0,102.6,2026-09-01 15:41:38+00:00,True,False
BXMT,2026-09-18,BXMT260918C00016000,call,16.0,0.05,0.0,0.1,50,205,0.51562984375,14.199999809265137,0.13299456518534386,0.14986027975092256,-0.0112517753637809,0.005976355631880272,0.0006890978119779433,0.2988351367187499,,145.8,105.2,2026-08-21 19:56:37+00:00,True,False
BXMT,2026-09-18,BXMT260918C00017000,call,17.0,0.66,0.0,0.15,10,60,0.6367223828125,14.199999809265137,0.08604778110257022,0.08868755014668901,-0.01008979434793555,0.004367416632002409,0.0004431049275843707,0.2988351367187499,,145.8,105.2,2026-07-27 15:11:10+00:00,True,False
BXMT,2026-09-18,BXMT260918C00019000,call,19.0,0.05,0.0,0.3,200,204,1.0742233789062503,14.199999809265137,0.10207516507544068,0.059631326145178166,-0.019187481228476865,0.004954284199552612,0.0005048683106826724,0.2988351367187499,,145.8,105.2,2026-07-31 14:51:45+00:00,True,False
BXMT,2026-10-16,BXMT261016C00015000,call,15.0,0.1,0.05,0.15,16,216,0.2197343652343749,14.199999809265137,0.2673485652043513,0.31084552043452124,-0.004642946032468772,0.01584804514572255,0.004177145269727066,0.33447931152343746,,140.1,65.7,2026-09-03 18:07:09+00:00,False,True
BXMT,2026-10-16,BXMT261016C00016000,call,16.0,0.05,0.0,0.1,10,241,0.304694453125,14.199999809265137,0.1474684830128451,0.15706514934313112,-0.00429999117500931,0.011103949621318766,0.0022868072961254875,0.33447931152343746,,140.1,65.7,2026-08-31 18:58:57+00:00,True,False
BXMT,2026-10-16,BXMT261016C00017000,call,17.0,0.02,0.0,0.3,50,299,0.5742230078125,14.199999809265137,0.2127221460308214,0.10498446182142784,-0.009933773659628432,0.013987455536839515,0.0031245108408028944,0.33447931152343746,,140.1,65.7,2026-09-01 17:15:44+00:00,True,False
BXMT,2026-10-16,BXMT261016P00018000,put,18.0,4.27,3.7,5.0,460,462,0.8535170898437501,14.199999809265137,-0.743568609268235,0.07833288336932998,-0.013733957234457526,0.015512772992500251,-0.017038927830212162,0.33447931152343746,,140.1,65.7,2026-08-26 15:38:04+00:00,False,False
BXMT,2026-10-16,BXMT261016P00019000,put,19.0,5.5,4.7,6.0,200,454,0.9570316796875,14.199999809265137,-0.7632931977599611,0.06692742697314615,-0.014729357642016234,0.014861530802107432,-0.018502953669747566,0.33447931152343746,,140.1,65.7,2026-08-26 15:03:30+00:00,False,False
BYD,2026-09-18,BYD260918C00100000,call,100.0,0.05,0.0,0.75,22,168,0.7929708203125,78.0199966430664,0.06574942724947466,0.010557962846254144,-0.0560161016748601,0.01954719122836688,0.0018415620579743544,0.2508619836425781,,177.3,96.2,2026-08-21 15:23:47+00:00,True,False
BYD,2026-09-18,BYD260918P00070000,put,70.0,0.48,0.0,0.75,428,656,0.5576216113281252,78.0199966430664,-0.14334735107671703,0.026544088817560946,-0.06720127186247062,0.03455846505793295,-0.004541908491395016,0.2508619836425781,,177.3,96.2,2026-07-22 19:49:41+00:00,True,False
BYD,2026-09-18,BYD260918P00080000,put,80.0,2.45,2.35,2.75,87,886,0.245124736328125,78.0199966430664,-0.6765545665458215,0.09590310982966403,-0.0404637059414826,0.05488666655792831,-0.02124242004326763,0.2508619836425781,,177.3,96.2,2026-09-04 19:53:01+00:00,False,False
CFG,2026-09-18,CFG260918C00075000,call,75.0,0.15,0.05,0.25,51,1604,0.25586681640625,70.77999877929688,0.1373407819260098,0.061938992430568315,-0.029127057176854952,0.030453300973814396,0.003635868402881445,0.26221440917968747,,107.4,174.9,2026-09-03 19:52:13+00:00,False,True
CFG,2026-10-16,CFG261016C00075000,call,75.0,0.78,0.65,1.2,11,891,0.2829661547851562,70.77999877929688,0.3101608027692983,0.0519392223294096,-0.031371487747379655,0.08472419743054045,0.023779693436204685,0.2993234130859374,,92.5,105.4,2026-09-02 19:14:52+00:00,False,False
CFG,2026-10-16,CFG261016P00070000,put,70.0,2.2,1.45,2.4,48,111,0.2878489184570311,70.77999877929688,-0.41245623765153294,0.05632858177923343,-0.027731810770898244,0.09346972101691328,-0.03610437055644388,0.2993234130859374,,92.5,105.4,2026-09-03 14:16:26+00:00,False,False
CHCT,2026-10-16,CHCT261016C00012500,call,12.5,4.66,3.9,6.8,100,54,2.166020209960937,15.0,0.7334716362167695,0.029805960506714316,-0.043876786181043306,0.016714930309294388,0.006516235340561232,0.2797923583984374,,187.8,171.4,2026-04-24 19:48:43+00:00,False,False
CHCT,2026-10-16,CHCT261016P00015000,put,15.0,0.55,0.35,0.55,101,518,0.26758544921875,15.0,-0.4566925717032372,0.2912789252035095,-0.0054214308889353035,0.02017950463996337,-0.008457398673907936,0.2797923583984374,,187.8,171.4,2026-08-31 13:37:31+00:00,False,False
CLX,2026-09-18,CLX260918C00095000,call,95.0,1.4,1.15,1.5,90,345,0.3081123876953124,93.05999755859376,0.38975152017730796,0.06831246979615117,-0.08169899840068277,0.06991500477223936,0.013340404960873506,0.2913889221191406,,88.1,103.7,2026-09-04 19:51:43+00:00,False,False
CLX,2026-09-18,CLX260918C00100000,call,100.0,0.3,0.25,0.35,114,1600,0.3022530712890625,93.05999755859376,0.12444286396190557,0.037252132770658995,-0.04191442164249841,0.037400990987579895,0.004314736646489848,0.2913889221191406,,88.1,103.7,2026-09-04 19:55:41+00:00,False,False
CLX,2026-09-18,CLX260918C00105000,call,105.0,0.09,0.05,0.1,38,3765,0.33399103515625,93.05999755859376,0.03725513904805179,0.01335987468080601,-0.018142517535318693,0.014821714346485527,0.001295851925162915,0.2913889221191406,,88.1,103.7,2026-09-04 19:47:05+00:00,False,False
CLX,2026-09-18,CLX260918C00110000,call,110.0,0.04,0.0,0.05,59,6334,0.39063109375,93.05999755859376,0.016891380507189174,0.005889385021236396,-0.010870768540493934,0.007641841081116882,0.0005867445155793125,0.2913889221191406,,88.1,103.7,2026-09-04 19:45:53+00:00,True,False
CLX,2026-09-18,CLX260918P00090000,put,90.0,0.7,0.55,0.75,138,1205,0.256843369140625,93.05999755859376,-0.23332021960473204,0.06538684618850563,-0.048107829710653485,0.05578532832368941,-0.008578993562893456,0.2913889221191406,,88.1,103.7,2026-09-04 19:32:41+00:00,False,False
CLX,2026-09-18,CLX260918P00095000,put,95.0,3.0,2.9,3.2,53,3284,0.2746654565429687,93.05999755859376,-0.6258980361740543,0.07569185382410526,-0.05935039275244742,0.06905806898869218,-0.023497560760696857,0.2913889221191406,,88.1,103.7,2026-09-04 19:59:57+00:00,False,False
CLX,2026-09-18,CLX260918P00100000,put,100.0,6.89,6.6,7.3,20,8556,0.3051827294921875,93.05999755859376,-0.8731524171284286,0.037390514269033136,-0.029210530612652566,0.03790378991351132,-0.03388633492361114,0.2913889221191406,,88.1,103.7,2026-09-04 19:48:39+00:00,False,False
CLX,2026-09-18,CLX260918P00105000,put,105.0,11.6,10.9,12.2,33,1137,0.407232490234375,93.05999755859376,-0.9264223996261762,0.01879547023191444,-0.023527411370400618,0.025424759903067556,-0.03766113105225115,0.2913889221191406,,88.1,103.7,2026-09-04 19:48:58+00:00,False,False
CLX,2026-10-16,CLX261016C00080000,call,80.0,26.0,12.5,15.9,50,56,0.649417568359375,93.05999755859376,0.7946609359533436,0.01387303752488512,-0.07732662327514134,0.08977968839585282,0.06649856625021583,0.3049385913085937,,95.0,103.9,2026-08-14 15:06:13+00:00,False,False
CLX,2026-10-16,CLX261016C00095000,call,95.0,3.1,3.0,3.4,50,382,0.3342351733398437,93.05999755859376,0.47028864456563124,0.03770596061825038,-0.055476096297974085,0.12558699248300767,0.04624330688510505,0.3049385913085937,,95.0,103.9,2026-09-04 19:25:17+00:00,False,False
CLX,2026-10-16,CLX261016C00100000,call,100.0,1.55,1.4,1.6,343,1436,0.3169013623046874,93.05999755859376,0.28712064974940477,0.0340568852926009,-0.04400224500329775,0.107550276759341,0.028790565814887842,0.3049385913085937,,95.0,103.9,2026-09-04 19:53:41+00:00,False,False
CLX,2026-10-16,CLX261016C00105000,call,105.0,0.69,0.6,0.85,33,883,0.3337468969726562,93.05999755859376,0.16881745651424845,0.02391158415519137,-0.03362556209522714,0.07952580709279987,0.017039808135227923,0.3049385913085937,,95.0,103.9,2026-09-04 19:49:33+00:00,False,False
CLX,2026-10-16,CLX261016C00110000,call,110.0,0.33,0.3,0.45,44,957,0.3496158789062499,93.05999755859376,0.09640302446900723,0.01548054426266242,-0.023611352841931586,0.0539336576748346,0.00977473256606422,0.3049385913085937,,95.0,103.9,2026-09-04 19:49:33+00:00,False,False
CLX,2026-10-16,CLX261016C00115000,call,115.0,0.15,0.1,0.3,12,821,0.3808655664062499,93.05999755859376,0.06308678332876035,0.010303810471333451,-0.0184927146433063,0.03910678120760591,0.0063945392541717916,0.3049385913085937,,95.0,103.9,2026-09-04 18:09:38+00:00,False,True
CLX,2026-10-16,CLX261016C00120000,call,120.0,0.1,0.05,0.15,44,625,0.387701435546875,93.05999755859376,0.03409774306626264,0.006179525795811446,-0.011432425305660533,0.02387454250159609,0.003470428558611642,0.3049385913085937,,95.0,103.9,2026-09-04 19:23:06+00:00,False,True
CLX,2026-10-16,CLX261016C00180000,call,180.0,0.05,0.0,2.15,100,103,1.169926025390625,93.05999755859376,0.07361211212967017,0.0037786119953176615,-0.06215031177005101,0.04405276786013482,0.006677822767794557,0.3049385913085937,,95.0,103.9,2026-06-18 18:33:29+00:00,True,False
CLX,2026-10-16,CLX261016P00080000,put,80.0,0.35,0.2,0.35,109,459,0.3166572241210937,93.05999755859376,-0.06487966812982315,0.012666122555299923,-0.01419942602263829,0.03996829164927893,-0.007287304275067936,0.3049385913085937,,95.0,103.9,2026-09-04 17:39:04+00:00,False,False
CLX,2026-10-16,CLX261016P00085000,put,85.0,0.85,0.8,0.9,183,1182,0.2934640966796874,93.05999755859376,-0.15443091797596364,0.025659603523901533,-0.024140124711398488,0.07503906552800901,-0.01743566823290308,0.3049385913085937,,95.0,103.9,2026-09-04 19:56:31+00:00,False,False
CLX,2026-10-16,CLX261016P00090000,put,90.0,2.15,2.05,2.3,141,1882,0.2895578857421874,93.05999755859376,-0.3270467804837611,0.03947617088870612,-0.03481291990483719,0.11390765646085078,-0.03740007454588124,0.3049385913085937,,95.0,103.9,2026-09-04 19:56:35+00:00,False,False
CLX,2026-10-16,CLX261016P00095000,put,95.0,4.5,4.5,4.6,22,1081,0.2756420092773437,93.05999755859376,-0.5447383478443301,0.04555972274117921,-0.0335405058084947,0.12514369649869556,-0.06320835072158977,0.3049385913085937,,95.0,103.9,2026-09-04 19:55:58+00:00,False,False
CLX,2026-10-16,CLX261016P00105000,put,105.0,11.86,11.1,12.8,18,443,0.3352117260742187,93.05999755859376,-0.8299994218759765,0.02391403766767916,-0.01961924111009171,0.07988304496311485,-0.10297570853673114,0.3049385913085937,,95.0,103.9,2026-09-04 18:48:41+00:00,False,False
CMPR,2026-10-16,CMPR261016C00090000,call,90.0,16.92,3.5,7.5,63,65,0.5521285021972657,87.44999694824219,0.4883928131950443,0.024347143599369566,-0.08283343592416996,0.11829440591083674,0.042663730224371,0.6546665393066409,,86.1,111.7,2026-07-13 18:58:04+00:00,False,True
COLL,2026-09-18,COLL260918C00035000,call,35.0,0.1,0.0,5.0,69,161,2.9267604956054685,23.530000686645508,0.34355296882778774,0.027274336847256647,-0.17798159612740835,0.016951980153230423,0.002204610809115966,0.8432659448242189,,126.1,174.6,2026-08-25 14:40:08+00:00,True,False
COLL,2026-10-16,COLL261016C00035000,call,35.0,0.15,0.0,1.5,120,120,1.073246821289063,23.530000686645508,0.18597429027969348,0.03126170340189477,-0.02780836087222076,0.021375316545152415,0.004180325965330955,1.164554958496094,,,92.2,2026-08-24 18:29:08+00:00,True,False
COLL,2026-10-16,COLL261016C00040000,call,40.0,0.1,0.0,0.15,53,53,0.7851583984375,23.530000686645508,0.03307284487899554,0.011768662940230334,-0.00559895840029541,0.005886873597230936,0.000809968108422975,1.164554958496094,,,92.2,2026-08-24 18:19:22+00:00,True,False
COO,2026-09-18,COO260918C00085000,call,85.0,0.13,0.0,0.2,70,485,0.5293015820312501,69.58999633789062,0.031492039594236465,0.009818883386669206,-0.01853751267436908,0.009653706541047963,0.0008078140418122848,0.5153857055664063,,123.9,98.0,2026-09-04 19:59:56+00:00,True,False
COO,2026-09-18,COO260918P00070000,put,70.0,2.97,2.7,3.4,221,224,0.5034229345703125,69.58999633789062,-0.49634306235595205,0.0581425965949051,-0.0926269190123569,0.054369610091247036,-0.014353713401193298,0.5153857055664063,,123.9,98.0,2026-09-04 19:25:01+00:00,False,False
COO,2026-09-18,COO260918P00075000,put,75.0,5.98,5.0,6.5,15,57,0.5249070947265625,69.58999633789062,-0.7447994176783188,0.044904034180502164,-0.07411265454978795,0.04378210126144246,-0.022299923002272983,0.5153857055664063,,123.9,98.0,2026-09-01 15:28:20+00:00,False,False
CPRI,2026-09-18,CPRI260918C00010000,call,10.0,3.5,2.85,3.9,35,51,1.5820333398437496,13.5600004196167,0.8736902030937267,0.049354174275252384,-0.03220463353821611,0.005506734005695605,0.0030546060003874354,0.5156298437500001,,95.1,90.9,2026-08-28 14:46:47+00:00,False,False
CPRI,2026-09-18,CPRI260918C00012500,call,12.5,1.25,1.15,1.35,15,247,0.5410202148437502,13.5600004196167,0.7993414478109363,0.1952387076063079,-0.015707353497741453,0.007449617831646112,0.0036766513958659524,0.5156298437500001,,95.1,90.9,2026-09-04 18:15:56+00:00,False,False
CPRI,2026-09-18,CPRI260918C00015000,call,15.0,0.1,0.0,0.1,13,469,0.4687553125,13.5600004196167,0.1509038187675768,0.18804698363958527,-0.010675203058872354,0.006216803656733172,0.0007489711562115874,0.5156298437500001,,95.1,90.9,2026-09-04 14:22:37+00:00,True,False
CPRI,2026-09-18,CPRI260918C00017500,call,17.5,0.04,0.0,0.05,108,727,0.6718782812500002,13.5600004196167,0.03157617873568094,0.03978502412013409,-0.00457951477008618,0.0018852320110174,0.00015617692304278446,0.5156298437500001,,95.1,90.9,2026-09-03 19:31:16+00:00,True,False
CPRI,2026-09-18,CPRI260918P00012500,put,12.5,0.12,0.1,0.15,34,1829,0.49023947265625,13.5600004196167,-0.1799001702784433,0.2014777044566892,-0.011844258461957215,0.006966102295538176,-0.0009866594648610756,0.5156298437500001,,95.1,90.9,2026-09-04 19:39:11+00:00,False,False
CPRI,2026-09-18,CPRI260918P00015000,put,15.0,1.47,1.35,1.55,14,2132,0.48438015625,13.5600004196167,-0.8404347210120043,0.1888106150351052,-0.009389603666499666,0.006450113057982512,-0.004952177442358285,0.5156298437500001,,95.1,90.9,2026-09-04 19:39:11+00:00,False,False
CPRI,2026-10-16,CPRI261016C00012500,call,12.5,1.61,1.5,1.6,119,779,0.5195360546875,13.5600004196167,0.7199257333030005,0.1408790628744573,-0.010697847355618344,0.015485954466689598,0.009406800920252268,0.5224657128906249,,100.6,99.1,2026-09-04 19:58:16+00:00,False,False
CPRI,2026-10-16,CPRI261016C00015000,call,15.0,0.43,0.4,0.5,32,182,0.51758294921875,13.5600004196167,0.32481343254773204,0.15113996662512053,-0.01073864892473207,0.01655141449351889,0.004537351694774674,0.5224657128906249,,100.6,99.1,2026-09-04 19:18:03+00:00,False,False
CPRI,2026-10-16,CPRI261016P00012500,put,12.5,0.4,0.35,0.5,53,982,0.52539537109375,13.5600004196167,-0.2815983402289516,0.13967394887949944,-0.00912473444570708,0.015526640079785249,-0.0049284789216391504,0.5224657128906249,,100.6,99.1,2026-09-04 19:39:54+00:00,False,False
CRUS,2026-09-18,CRUS260918P00110000,put,110.0,1.52,0.15,3.3,32,193,0.5246629565429688,113.20999908447266,-0.36317931285269045,0.032257506255101716,-0.14984571778820419,0.08319858447960803,-0.016944143325639233,0.47607945800781254,,107.6,80.9,2026-09-04 19:47:16+00:00,False,True
CSIQ,2026-09-04,CSIQ260904C00013000,call,13.0,0.44,0.05,0.55,175,1248,0.6093789062500001,13.220000267028809,,,,,,0.6015664843750002,,,,2026-09-04 18:09:36+00:00,False,True
CSIQ,2026-09-04,CSIQ260904C00013500,call,13.5,0.05,0.0,0.15,24,295,0.648441015625,13.220000267028809,,,,,,0.6015664843750002,,,,2026-09-04 18:32:36+00:00,True,False
CSIQ,2026-09-04,CSIQ260904C00016000,call,16.0,0.1,0.0,0.1,66,177,2.3906290234375,13.220000267028809,,,,,,0.6015664843750002,,,,2026-08-27 19:03:22+00:00,True,False
CSIQ,2026-09-04,CSIQ260904P00012500,put,12.5,0.05,0.0,0.05,39,337,0.8125018749999999,13.220000267028809,,,,,,0.6015664843750002,,,,2026-09-03 19:48:43+00:00,True,False
CSIQ,2026-09-04,CSIQ260904P00013000,put,13.0,0.03,0.0,0.15,11,316,0.5937540625000001,13.220000267028809,,,,,,0.6015664843750002,,,,2026-09-04 18:57:23+00:00,True,False
CSIQ,2026-09-04,CSIQ260904P00013500,put,13.5,0.25,0.2,0.35,548,579,0.632816171875,13.220000267028809,,,,,,0.6015664843750002,,,,2026-09-04 19:57:12+00:00,False,False
CSIQ,2026-09-04,CSIQ260904P00014000,put,14.0,0.6,0.65,1.0,131,185,0.9687503125,13.220000267028809,,,,,,0.6015664843750002,,,,2026-09-04 19:22:55+00:00,False,False
CSIQ,2026-09-04,CSIQ260904P00015000,put,15.0,1.64,1.55,2.0,101,126,2.7890655273437504,13.220000267028809,,,,,,0.6015664843750002,,,,2026-09-04 18:56:09+00:00,False,False
CSIQ,2026-09-11,CSIQ260911C00013500,call,13.5,0.36,0.3,0.4,41,213,0.6054726953125001,13.220000267028809,0.42207063151494206,0.35301116976033253,-0.03170232581367988,0.0071639263680110124,0.0010076380685526511,0.6171913281250001,,88.6,87.3,2026-09-04 19:59:52+00:00,False,False
CSIQ,2026-09-11,CSIQ260911C00014000,call,14.0,0.18,0.1,0.2,55,412,0.5390671093750001,13.220000267028809,0.23645945824353992,0.3124426283986363,-0.022146965516282962,0.005645224538242126,0.000574202986766112,0.6171913281250001,,88.6,87.3,2026-09-04 19:16:53+00:00,False,False
CSIQ,2026-09-11,CSIQ260911C00014500,call,14.5,0.09,0.05,0.2,22,182,0.6601596484375001,13.220000267028809,0.16986712129757714,0.20927226616958777,-0.022128027662676616,0.004630509245180749,0.00041048517389609635,0.6171913281250001,,88.6,87.3,2026-09-04 19:54:14+00:00,False,True
CSIQ,2026-09-11,CSIQ260911C00015500,call,15.5,0.08,0.0,0.1,16,121,0.73437765625,13.220000267028809,0.06626333116766216,0.09572540687669207,-0.01247450922375635,0.002356214255274115,0.00016080188914845218,0.6171913281250001,,88.6,87.3,2026-08-31 14:36:33+00:00,True,False
CSIQ,2026-09-11,CSIQ260911P00012000,put,12.0,0.1,0.0,0.1,19,187,0.523442265625,13.220000267028809,-0.08299811792743839,0.15949949968633595,-0.010307107840028291,0.002798312520058934,-0.0002175994782249092,0.6171913281250001,,88.6,87.3,2026-09-04 19:23:25+00:00,True,False
CSIQ,2026-09-11,CSIQ260911P00013000,put,13.0,0.3,0.25,0.5,641,191,0.6171913281250001,13.220000267028809,-0.40117976574775405,0.3421783213883372,-0.030432475349332428,0.007078486534455274,-0.0010823395640884067,0.6171913281250001,,88.6,87.3,2026-09-04 19:57:12+00:00,False,False
CSIQ,2026-09-11,CSIQ260911P00013500,put,13.5,0.47,0.45,0.7,32,81,0.53320779296875,13.220000267028809,-0.5924802131169951,0.3976459442070956,-0.025919257369744937,0.007106588172071024,-0.0016059216300352327,0.6171913281250001,,88.6,87.3,2026-09-04 18:32:36+00:00,False,False
CSIQ,2026-09-11,CSIQ260911P00014000,put,14.0,0.71,0.6,1.05,116,285,0.7187528125,13.220000267028809,-0.6972587531112915,0.2653140760518627,-0.03141330382716547,0.006391575925828667,-0.001961006371934794,0.6171913281250001,,88.6,87.3,2026-09-04 17:14:48+00:00,False,False
CSIQ,2026-09-18,CSIQ260918C00013000,call,13.0,1.1,0.75,1.0,101,179,0.71679970703125,13.220000267028809,0.5805862349365952,0.21056202900708662,-0.026834309035685452,0.010117564345631831,0.0026133937117321076,0.655276884765625,,95.1,106.1,2026-09-03 13:50:51+00:00,False,False
CSIQ,2026-09-18,CSIQ260918C00014000,call,14.0,0.4,0.35,0.5,21,225,0.6835969140625001,13.220000267028809,0.3643234737062974,0.21223919909022115,-0.024348232442243864,0.009725765426595263,0.0016900185131200453,0.655276884765625,,95.1,106.1,2026-09-04 19:51:10+00:00,False,False
CSIQ,2026-09-18,CSIQ260918C00014500,call,14.5,0.35,0.2,0.4,11,253,0.6953155468750001,13.220000267028809,0.2754223636954781,0.18548840859599197,-0.021929140859555666,0.008645633362137613,0.0012871615140012704,0.655276884765625,,95.1,106.1,2026-09-04 19:02:09+00:00,False,False
CSIQ,2026-09-18,CSIQ260918C00015000,call,15.0,0.22,0.15,0.25,22,626,0.6953155468750001,13.220000267028809,0.19893000347212048,0.15501209140540526,-0.018276526754525128,0.0072251291556892205,0.000936828611364781,0.655276884765625,,95.1,106.1,2026-09-04 19:58:01+00:00,False,False
CSIQ,2026-09-18,CSIQ260918C00015500,call,15.5,0.15,0.1,0.2,24,60,0.726565234375,13.220000267028809,0.15067749212618703,0.12431748682144868,-0.015965589838795216,0.0060548715503904475,0.0007110598774270577,0.655276884765625,,95.1,106.1,2026-09-04 19:07:53+00:00,False,False
CSIQ,2026-09-18,CSIQ260918C00016500,call,16.5,0.14,0.0,0.2,150,891,0.8125018749999999,13.220000267028809,0.09659931374389324,0.08133813930167359,-0.0130179863213402,0.004430132382772446,0.00045545302474426635,0.655276884765625,,95.1,106.1,2026-09-02 19:32:57+00:00,True,False
CSIQ,2026-09-18,CSIQ260918C00025000,call,25.0,0.05,0.0,0.15,32,829,1.6875015625,13.220000267028809,0.0394746534347482,0.019512532330390502,-0.013365765687891875,0.0022072723262849827,0.0001763889314080695,0.655276884765625,,95.1,106.1,2026-08-26 18:21:22+00:00,True,False
CSIQ,2026-09-18,CSIQ260918P00008000,put,8.0,0.1,0.0,0.35,50,55,1.8984380078125,13.220000267028809,-0.06153532216675406,0.024719038625887826,-0.02119640143885722,0.0031457636903490156,-0.00037044950475060954,0.655276884765625,,95.1,106.1,2026-07-30 19:07:44+00:00,True,False
CSIQ,2026-09-18,CSIQ260918P00009000,put,9.0,0.04,0.0,0.4,10,74,1.5937520312499998,13.220000267028809,-0.08164659474729008,0.03658667789469544,-0.022076869102810474,0.0039087853983127,-0.0004811131949427241,0.655276884765625,,95.1,106.1,2026-08-28 14:51:11+00:00,True,False
CSIQ,2026-09-18,CSIQ260918P00010000,put,10.0,0.05,0.0,0.1,10,100,0.87500125,13.220000267028809,-0.04219049275024944,0.03971861201607561,-0.007198249375252607,0.0023297044862402123,-0.0002298451252006374,0.655276884765625,,95.1,106.1,2026-09-04 13:51:42+00:00,True,False
CSIQ,2026-09-18,CSIQ260918P00011000,put,11.0,0.2,0.0,0.15,25,144,0.6914093359375001,13.220000267028809,-0.07500677530514921,0.0790809982114755,-0.008906173506214414,0.003665265855329697,-0.0004047044932786303,0.655276884765625,,95.1,106.1,2026-09-01 18:19:38+00:00,True,False
CSIQ,2026-09-18,CSIQ260918P00011500,put,11.5,0.12,0.05,0.2,11,124,0.6562534375000001,13.220000267028809,-0.12227920228858002,0.11930127456503886,-0.012064335709708992,0.005248253134969953,-0.0006617016197566642,0.655276884765625,,95.1,106.1,2026-09-04 16:22:51+00:00,False,True
CSIQ,2026-09-18,CSIQ260918P00012500,put,12.5,0.35,0.25,0.45,15,173,0.62305064453125,13.220000267028809,-0.29609090416790074,0.21425319201925344,-0.019331631965248605,0.008948469240816838,-0.0016249257778938604,0.655276884765625,,95.1,106.1,2026-09-04 19:15:45+00:00,False,False
CSIQ,2026-09-18,CSIQ260918P00013000,put,13.0,0.53,0.45,0.6,14,1906,0.5937540625000001,13.220000267028809,-0.4133451952132404,0.25336390757243876,-0.02056841015124168,0.010084385554270676,-0.0022849004831685844,0.655276884765625,,95.1,106.1,2026-09-04 18:57:23+00:00,False,False
CSIQ,2026-09-18,CSIQ260918P00013500,put,13.5,0.85,0.75,0.95,12,94,0.649417568359375,13.220000267028809,-0.5343128646435988,0.23638865507938484,-0.022789160761028462,0.01029079109477933,-0.0030205551617793363,0.655276884765625,,95.1,106.1,2026-09-04 19:57:48+00:00,False,False
CSIQ,2026-09-18,CSIQ260918P00015000,put,15.0,2.0,1.8,2.05,103,577,0.6191444335937502,13.220000267028809,-0.8328020846706882,0.15618215474751143,-0.012567030240539014,0.006482185903267796,-0.00494640852177208,0.655276884765625,,95.1,106.1,2026-09-04 19:32:59+00:00,False,False
CSIQ,2026-09-18,CSIQ260918P00018000,put,18.0,3.73,4.0,5.2,14,82,1.5585959570312498,13.220000267028809,-0.8029520499208695,0.0687575839845968,-0.037830835526607036,0.007183767240050679,-0.006039566291465567,0.655276884765625,,95.1,106.1,2026-08-21 14:35:13+00:00,False,False
CSIQ,2026-09-25,CSIQ260925P00013000,put,13.0,0.64,0.6,0.85,79,119,0.647464462890625,13.220000267028809,-0.419086379121667,0.19030147191953425,-0.01824594631632506,0.012389319191671253,-0.0035834644315941378,0.7084990087890626,,93.7,108.6,2026-09-04 16:58:32+00:00,False,False
CSIQ,2026-10-16,CSIQ261016C00014000,call,14.0,1.22,0.85,1.3,20,271,0.770510107421875,13.220000267028809,0.4734371139962211,0.11520144785858828,-0.017082288188260093,0.017850715617762906,0.00594965269938642,0.7807639111328124,,94.3,100.1,2026-09-03 19:55:11+00:00,False,False
CSIQ,2026-10-16,CSIQ261016C00017000,call,17.0,0.4,0.35,0.4,23,946,0.7812521875,13.220000267028809,0.21338763435708552,0.08303527837497372,-0.012468357825462814,0.013045875995788691,0.0028130141382510746,0.7807639111328124,,94.3,100.1,2026-09-04 14:39:52+00:00,False,False
CSIQ,2026-10-16,CSIQ261016C00018000,call,18.0,0.32,0.2,0.4,21,294,0.82226740234375,13.220000267028809,0.17196293018079178,0.06913202710299507,-0.011460611076576678,0.01143172369276715,0.00226979559161265,0.7807639111328124,,94.3,100.1,2026-09-03 16:15:05+00:00,False,False
CSIQ,2026-10-16,CSIQ261016C00021000,call,21.0,0.3,0.0,0.35,70,717,0.9335944140625,13.220000267028809,0.09942772091265906,0.04174303634096664,-0.008866708695576734,0.007837212713113906,0.0013125729350170132,0.7807639111328124,,94.3,100.1,2026-08-27 15:21:02+00:00,True,False
CSIQ,2026-10-16,CSIQ261016C00024000,call,24.0,0.3,0.0,0.25,11,120,1.0429735351562504,13.220000267028809,0.0678042940173643,0.028010414135149927,-0.0074007056615512015,0.005875058187908615,0.0008906254821128694,0.7807639111328124,,94.3,100.1,2026-08-21 14:39:56+00:00,True,False
CSIQ,2026-10-16,CSIQ261016C00025000,call,25.0,0.1,0.0,0.2,10,224,1.05078599609375,13.220000267028809,0.055564928751733834,0.023798471984640468,-0.006378183987587846,0.005029012365817173,0.0007325878139080693,0.7807639111328124,,94.3,100.1,2026-08-31 16:30:11+00:00,True,False
CSIQ,2026-10-16,CSIQ261016C00030000,call,30.0,0.1,0.0,0.2,74,232,1.2734411328124997,13.220000267028809,0.047685260848552326,0.017388781190553062,-0.006824030747891754,0.0044531504710691935,0.0006136084776620385,0.7807639111328124,,94.3,100.1,2026-08-31 17:14:12+00:00,True,False
CSIQ,2026-10-16,CSIQ261016C00032000,call,32.0,0.36,0.0,0.2,72,106,1.3476595117187498,13.220000267028809,0.045268478121082,0.015759294293747585,-0.006921126368984884,0.004271066175594263,0.0005780319322747072,0.7807639111328124,,94.3,100.1,2026-07-21 14:29:28+00:00,True,False
CSIQ,2026-10-16,CSIQ261016C00034000,call,34.0,0.3,0.0,0.2,57,57,1.4179716601562502,13.220000267028809,0.0435016014530623,0.014504941037581183,-0.007047820990986762,0.004136212783934477,0.000551371244338042,0.7807639111328124,,94.3,100.1,2026-07-21 14:31:25+00:00,True,False
CSIQ,2026-10-16,CSIQ261016P00006000,put,6.0,0.1,0.0,0.2,80,140,1.4375028125,13.220000267028809,-0.030351880198629777,0.010657526643597317,-0.005204994777201398,0.0030809488194446753,-0.0005667698027110135,0.7807639111328124,,94.3,100.1,2026-08-25 16:22:16+00:00,True,False
CSIQ,2026-10-16,CSIQ261016P00010000,put,10.0,0.2,0.15,0.3,10,340,0.7695335546875001,13.220000267028809,-0.1108683081615579,0.054796271267460006,-0.007539429064206297,0.008480040419218578,-0.0019255523376166055,0.7807639111328124,,94.3,100.1,2026-09-03 18:47:38+00:00,False,False
CSIQ,2026-10-16,CSIQ261016P00015000,put,15.0,2.68,2.3,2.7,35,427,0.7480493945312501,13.220000267028809,-0.6361768805625083,0.11192669176984663,-0.01351050652479043,0.016837720534393467,-0.01246621170215469,0.7807639111328124,,94.3,100.1,2026-09-02 13:48:56+00:00,False,False
CSIQ,2026-10-16,CSIQ261016P00017000,put,17.0,4.6,3.9,4.2,51,297,0.6972686523437501,13.220000267028809,-0.8213828148533462,0.08351181611371226,-0.00769127154335741,0.01171028386560172,-0.01704545753110648,0.7807639111328124,,94.3,100.1,2026-09-02 14:13:10+00:00,False,False
CTRI,2026-10-16,CTRI261016C00022500,call,22.5,0.58,0.0,2.0,70,171,0.6171913281250001,20.540000915527344,0.38088180686735856,0.08860407617613024,-0.02043818491281696,0.02654794201102558,0.007829157379958799,0.5354050366210937,,95.4,115.3,2026-09-01 17:52:57+00:00,True,False
CVS,2026-09-04,CVS260904C00091000,call,91.0,6.28,5.3,6.7,74,83,0.9648441015625,96.73999786376952,,,,,,0.12500875,,,,2026-09-04 17:27:24+00:00,False,False
CVS,2026-09-04,CVS260904C00093000,call,93.0,4.2,3.5,4.55,23,290,0.7304714453125,96.73999786376952,,,,,,0.12500875,,,,2026-09-04 19:04:35+00:00,False,False
CVS,2026-09-04,CVS260904C00094000,call,94.0,2.77,2.45,3.5,36,1177,0.5546919531250001,96.73999786376952,,,,,,0.12500875,,,,2026-09-04 19:53:34+00:00,False,False
CVS,2026-09-04,CVS260904C00095000,call,95.0,1.98,1.45,2.29,63,492,0.614261669921875,96.73999786376952,,,,,,0.12500875,,,,2026-09-04 19:47:19+00:00,False,False
CVS,2026-09-04,CVS260904C00096000,call,96.0,0.91,0.35,1.32,131,353,0.4482477050781249,96.73999786376952,,,,,,0.12500875,,,,2026-09-04 19:41:54+00:00,False,True
CVS,2026-09-04,CVS260904C00097000,call,97.0,0.08,0.0,0.08,115,252,0.0898528515625,96.73999786376952,,,,,,0.12500875,,,,2026-09-04 19:56:56+00:00,True,False
CVS,2026-09-04,CVS260904C00098000,call,98.0,0.01,0.0,0.01,58,496,0.1367273828125,96.73999786376952,,,,,,0.12500875,,,,2026-09-04 19:01:25+00:00,True,False
CVS,2026-09-04,CVS260904C00099000,call,99.0,0.01,0.0,0.05,24,642,0.30274134765625,96.73999786376952,,,,,,0.12500875,,,,2026-09-04 19:42:19+00:00,True,False
CVS,2026-09-04,CVS260904C00101000,call,101.0,0.06,0.0,0.01,66,507,0.37500625,96.73999786376952,,,,,,0.12500875,,,,2026-09-02 19:56:02+00:00,True,False
CVS,2026-09-04,CVS260904C00104000,call,104.0,0.01,0.0,0.02,14,59,0.5937540625000001,96.73999786376952,,,,,,0.12500875,,,,2026-08-28 19:49:59+00:00,True,False
CVS,2026-09-04,CVS260904C00107000,call,107.0,0.16,0.0,0.02,28,499,0.7812521875,96.73999786376952,,,,,,0.12500875,,,,2026-08-14 16:16:08+00:00,True,False
CVS,2026-09-04,CVS260904P00086000,put,86.0,0.03,0.0,2.13,20,59,2.3925821435546872,96.73999786376952,,,,,,0.12500875,,,,2026-08-31 15:44:00+00:00,True,False
CVS,2026-09-04,CVS260904P00088000,put,88.0,0.01,0.0,0.22,22,138,1.0976607617187502,96.73999786376952,,,,,,0.12500875,,,,2026-09-03 17:35:21+00:00,True,False
CVS,2026-09-04,CVS260904P00091000,put,91.0,0.02,0.0,0.01,83,461,0.51562984375,96.73999786376952,,,,,,0.12500875,,,,2026-09-03 19:57:00+00:00,True,False
CVS,2026-09-04,CVS260904P00092000,put,92.0,0.03,0.0,0.01,55,527,0.437505625,96.73999786376952,,,,,,0.12500875,,,,2026-09-02 19:03:35+00:00,True,False
CVS,2026-09-04,CVS260904P00093000,put,93.0,0.02,0.0,0.5,12,207,0.6992217578125001,96.73999786376952,,,,,,0.12500875,,,,2026-09-03 17:20:17+00:00,True,False
CVS,2026-09-04,CVS260904P00094000,put,94.0,0.01,0.0,0.01,27,993,0.26563234375,96.73999786376952,,,,,,0.12500875,,,,2026-09-04 19:24:54+00:00,True,False
CVS,2026-09-04,CVS260904P00095000,put,95.0,0.04,0.0,0.07,18,149,0.2773509765624999,96.73999786376952,,,,,,0.12500875,,,,2026-09-04 19:37:19+00:00,True,False
CVS,2026-09-04,CVS260904P00097000,put,97.0,0.2,0.07,0.47,58,650,0.1601646484375,96.73999786376952,,,,,,0.12500875,,,,2026-09-04 19:56:56+00:00,False,True
CVS,2026-09-11,CVS260911C00095000,call,95.0,2.28,2.1,2.68,26,129,0.2944406494140624,96.73999786376952,0.6875879581263498,0.08973748395191646,-0.10848755157820592,0.04742299496812946,0.01224999785372971,0.23438265625,,97.9,102.3,2026-09-04 19:53:34+00:00,False,False
CVS,2026-09-11,CVS260911C00096000,call,96.0,1.7,1.54,2.0,27,341,0.2817454638671874,96.73999786376952,0.595178955027417,0.1026701237269564,-0.11210335342518918,0.05191804618725825,0.01066795473419347,0.23438265625,,97.9,102.3,2026-09-04 19:57:17+00:00,False,False
CVS,2026-09-11,CVS260911C00097000,call,97.0,1.21,1.02,1.24,685,86,0.2387771435546875,96.73999786376952,0.4857858507260874,0.12463294979841433,-0.0973716544066964,0.053412505306097646,0.008783461698479092,0.23438265625,,97.9,102.3,2026-09-04 19:57:17+00:00,False,False
CVS,2026-09-11,CVS260911C00098000,call,98.0,0.81,0.6,0.86,2096,1066,0.2436599072265625,96.73999786376952,0.3676021536940059,0.11541934395765271,-0.09260953771761259,0.050475426637451776,0.006664975087630981,0.23438265625,,97.9,102.3,2026-09-04 19:47:36+00:00,False,False
CVS,2026-09-11,CVS260911C00099000,call,99.0,0.45,0.38,0.54,79,112,0.2397536962890624,96.73999786376952,0.25783323713964945,0.10054954998719465,-0.07744649038710598,0.04326759592050092,0.0046894260271318254,0.23438265625,,97.9,102.3,2026-09-04 19:53:36+00:00,False,False
CVS,2026-09-11,CVS260911C00100000,call,100.0,0.3,0.13,0.34,41,405,0.2426833544921874,96.73999786376952,0.17339461976339854,0.07882227014587327,-0.061770860208115126,0.034332564970242764,0.0031597839383663735,0.23438265625,,97.9,102.3,2026-09-04 19:41:09+00:00,False,True
CVS,2026-09-11,CVS260911C00101000,call,101.0,0.21,0.08,0.3,20,128,0.2753978710937499,96.73999786376952,0.1388031494038796,0.059975505099845554,-0.06011989269439927,0.029645024621075055,0.0025260830805002655,0.23438265625,,97.9,102.3,2026-09-04 15:55:35+00:00,False,True
CVS,2026-09-11,CVS260911P00091000,put,91.0,0.06,0.03,0.25,107,96,0.3374089697265625,96.73999786376952,-0.08803588609828661,0.03533969324024,-0.050385790267950904,0.021401130812613398,-0.0016692286095415143,0.23438265625,,97.9,102.3,2026-09-04 19:03:57+00:00,False,True
CVS,2026-09-11,CVS260911P00092000,put,92.0,0.09,0.02,0.23,13,68,0.2861399511718749,96.73999786376952,-0.09478999393214482,0.04401886737038103,-0.044924731493962,0.0226065705856656,-0.0017918059439121913,0.23438265625,,97.9,102.3,2026-09-04 19:13:41+00:00,False,True
CVS,2026-09-11,CVS260911P00093000,put,93.0,0.16,0.12,0.49,24,79,0.3149482568359374,96.73999786376952,-0.17162348654795845,0.06034011321391292,-0.07440293637187194,0.034108502467870574,-0.0032600230347803656,0.23438265625,,97.9,102.3,2026-09-04 19:53:31+00:00,False,True
CVS,2026-09-11,CVS260911P00094000,put,94.0,0.28,0.22,0.35,22,111,0.2270585107421874,96.73999786376952,-0.16853548309012922,0.08272823716690594,-0.05240732285555624,0.033713890946082174,-0.0031800066976406085,0.23438265625,,97.9,102.3,2026-09-04 19:57:27+00:00,False,False
CVS,2026-09-11,CVS260911P00095000,put,95.0,0.49,0.45,0.61,29,51,0.229499892578125,96.73999786376952,-0.268572260810614,0.1072547909707674,-0.06879272130280877,0.04417906394323979,-0.005081094467824207,0.23438265625,,97.9,102.3,2026-09-04 19:53:37+00:00,False,False
CVS,2026-09-11,CVS260911P00096000,put,96.0,0.83,0.75,1.06,340,53,0.2458571508789062,96.73999786376952,-0.3933039748650289,0.11676272574227313,-0.08514132211104614,0.05152338547283541,-0.0074760766044047995,0.23438265625,,97.9,102.3,2026-09-04 19:57:27+00:00,False,False
CVS,2026-09-11,CVS260911P00098000,put,98.0,1.81,1.76,2.12,25,127,0.2436599072265625,96.73999786376952,-0.632397846305994,0.11541934395765271,-0.07919774697265095,0.050475426637451776,-0.012111531955315313,0.23438265625,,97.9,102.3,2026-09-04 19:35:38+00:00,False,False
CVS,2026-09-18,CVS260918C00093000,call,93.0,5.67,4.25,5.7,11,71,0.4587456469726563,96.73999786376952,0.693259562546934,0.04040286180439018,-0.11740989051624096,0.06653212617113868,0.02353446079702058,0.2696606237792968,,91.1,95.6,2026-09-02 18:18:02+00:00,False,False
CVS,2026-09-18,CVS260918C00094000,call,94.0,4.13,3.5,4.6,46,285,0.393560751953125,96.73999786376952,0.6686500676573086,0.04864744937208581,-0.1048275064348605,0.06872570040867598,0.023039634704172272,0.2696606237792968,,91.1,95.6,2026-09-01 16:20:58+00:00,False,False
CVS,2026-09-18,CVS260918C00097000,call,97.0,2.11,1.45,2.21,51,435,0.2983468603515624,96.73999786376952,0.5064233932509488,0.0705681343389807,-0.08693409695483398,0.07557487297346785,0.017940210742512352,0.2696606237792968,,91.1,95.6,2026-09-04 17:39:53+00:00,False,False
CVS,2026-09-18,CVS260918C00097500,call,97.5,1.8,1.07,1.82,50,1765,0.2773509765624999,96.73999786376952,0.46748244918571796,0.07566775060214273,-0.08056540810293164,0.07533344727322278,0.01664509099772922,0.2696606237792968,,91.1,95.6,2026-09-04 18:30:57+00:00,False,False
CVS,2026-09-18,CVS260918C00098000,call,98.0,1.39,1.05,1.43,136,80,0.2536695727539063,96.73999786376952,0.42190124273997265,0.08141192481382813,-0.0725544698527,0.07413165884286951,0.01510305332546954,0.2696606237792968,,91.1,95.6,2026-09-04 19:40:50+00:00,False,False
CVS,2026-09-18,CVS260918C00099000,call,99.0,1.06,0.52,1.15,104,374,0.2639233764648437,96.73999786376952,0.35055530449212285,0.07411713337902949,-0.07067398723882323,0.07021724578457285,0.012567438333442276,0.2696606237792968,,91.1,95.6,2026-09-04 19:03:59+00:00,False,True
CVS,2026-09-18,CVS260918C00100000,call,100.0,0.77,0.65,0.82,185,4775,0.257819921875,96.73999786376952,0.2765369251597495,0.06849660155324691,-0.06192366290022453,0.0633917608123696,0.009949667918990511,0.2696606237792968,,91.1,95.6,2026-09-04 19:08:24+00:00,False,False
CVS,2026-09-18,CVS260918C00101000,call,101.0,0.64,0.19,0.61,40,66,0.2605054418945312,96.73999786376952,0.21723864372812152,0.059556697283982406,-0.054611698111939895,0.05569224488773736,0.007831426067647055,0.2696606237792968,,91.1,95.6,2026-09-04 18:24:33+00:00,False,True
CVS,2026-09-18,CVS260918C00105000,call,105.0,0.13,0.11,0.19,100,2903,0.2797923583984374,96.73999786376952,0.07595299394719897,0.02696161644836934,-0.028041001274581284,0.02707877996762003,0.0027504464718998804,0.2696606237792968,,91.1,95.6,2026-09-04 19:34:44+00:00,False,False
CVS,2026-09-18,CVS260918C00106000,call,106.0,0.13,0.07,0.33,59,56,0.348639326171875,96.73999786376952,0.10087972067219209,0.026739208656886653,-0.042961611502664906,0.03346356775706165,0.0036253550661731844,0.2696606237792968,,91.1,95.6,2026-09-02 19:37:54+00:00,False,True
CVS,2026-09-18,CVS260918C00135000,call,135.0,0.18,0.0,0.99,10,78,1.0048877880859377,96.73999786376952,0.05646655501311936,0.005965480574552846,-0.07791704780983395,0.021518417155432523,0.001931787683204275,0.2696606237792968,,91.1,95.6,2026-08-04 19:29:04+00:00,True,False
CVS,2026-09-18,CVS260918P00047500,put,47.5,0.03,0.0,0.01,40,69,1.15625421875,96.73999786376952,-0.0005516209680586082,8.884603576261585e-05,-0.0015149927142158656,0.0003687556669629875,-2.1773356334819968e-05,0.2696606237792968,,91.1,95.6,2026-09-01 13:30:06+00:00,True,False
CVS,2026-09-18,CVS260918P00055000,put,55.0,0.05,0.0,0.95,50,555,1.6640641796875002,96.73999786376952,-0.028615420580204942,0.0020751071279067218,-0.07323368873247849,0.012395324835294423,-0.0012118320891033659,0.2696606237792968,,91.1,95.6,2026-06-24 18:15:36+00:00,True,False
CVS,2026-09-18,CVS260918P00057500,put,57.5,0.05,0.0,0.29,33,206,1.259769326171875,96.73999786376952,-0.012553678436865945,0.001360766337127649,-0.02750382697374408,0.006153495747989532,-0.0005091363939792595,0.2696606237792968,,91.1,95.6,2026-08-04 16:19:08+00:00,True,False
CVS,2026-09-18,CVS260918P00067500,put,67.5,0.01,0.0,0.09,10,641,0.7695335546875001,96.73999786376952,-0.006641516758863264,0.0012759248947832326,-0.009594031488959907,0.003524520092944618,-0.0002590765878241578,0.2696606237792968,,91.1,95.6,2026-08-12 15:57:31+00:00,True,False
CVS,2026-09-18,CVS260918P00080000,put,80.0,0.03,0.0,0.25,12,1539,0.51562984375,96.73999786376952,-0.025530936780158497,0.00608882190871766,-0.020402101102557777,0.011269862966474841,-0.0009848937177115759,0.2696606237792968,,91.1,95.6,2026-09-04 19:08:32+00:00,True,False
CVS,2026-09-18,CVS260918P00087500,put,87.5,0.1,0.0,0.16,14,1800,0.3212958496093749,96.73999786376952,-0.04872900709084671,0.01659786955398275,-0.021302970080965572,0.019142769973029498,-0.001856609196909833,0.2696606237792968,,91.1,95.6,2026-09-04 19:01:26+00:00,True,False
CVS,2026-09-18,CVS260918P00090000,put,90.0,0.17,0.17,0.22,23,1732,0.2690502783203125,96.73999786376952,-0.07588931461760873,0.028020181706253915,-0.024973237382688317,0.027061490373264913,-0.002883950495366512,0.2696606237792968,,91.1,95.6,2026-09-04 16:19:18+00:00,False,False
CVS,2026-09-18,CVS260918P00092000,put,92.0,0.27,0.1,0.45,14,50,0.2595288891601562,96.73999786376952,-0.14650436559259705,0.04667573756525637,-0.03831086625452883,0.043483472170495564,-0.005581746779672098,0.2696606237792968,,91.1,95.6,2026-09-04 19:59:28+00:00,False,True
CVS,2026-09-18,CVS260918P00092500,put,92.5,0.38,0.32,0.51,12,1513,0.252937158203125,96.73999786376952,-0.16646575385414875,0.05209626291175212,-0.04046340412673416,0.04730058626637544,-0.006343227160732028,0.2696606237792968,,91.1,95.6,2026-09-04 16:17:44+00:00,False,False
CVS,2026-09-18,CVS260918P00093000,put,93.0,0.51,0.26,0.76,14,385,0.2773509765624999,96.73999786376952,-0.21525372865994763,0.05564288901315043,-0.05192970593673148,0.055397056371373814,-0.00824110021003575,0.2696606237792968,,91.1,95.6,2026-09-04 19:59:28+00:00,False,True
CVS,2026-09-18,CVS260918P00094000,put,94.0,0.74,0.66,0.83,69,170,0.2456130126953125,96.73999786376952,-0.25423246904183894,0.06889581758954554,-0.04981382025375751,0.06074234423172629,-0.009712404938779296,0.2696606237792968,,91.1,95.6,2026-09-04 19:59:28+00:00,False,False
CVS,2026-09-18,CVS260918P00095000,put,95.0,1.07,0.98,1.15,97,1454,0.2443923217773437,96.73999786376952,-0.32880913423244595,0.07809885835707964,-0.055303132499178835,0.06851403747394673,-0.01259427592827699,0.2696606237792968,,91.1,95.6,2026-09-04 19:59:28+00:00,False,False
CVS,2026-09-18,CVS260918P00097500,put,97.5,1.92,1.97,2.32,47,2252,0.2439040454101562,96.73999786376952,-0.5397442474295796,0.08590235425145991,-0.0580665570708768,0.07520927255596119,-0.0208520984890847,0.2696606237792968,,91.1,95.6,2026-09-04 17:35:26+00:00,False,False
CVS,2026-09-25,CVS260925C00097000,call,97.0,2.51,2.24,2.53,10,216,0.280158565673828,96.73999786376952,0.5145450428795105,0.06132648860902456,-0.06817085978194395,0.0925104048076828,0.027141787875908454,0.27118648742675777,,97.2,127.4,2026-09-04 17:55:17+00:00,False,False
CVS,2026-09-25,CVS260925C00098000,call,98.0,2.13,1.75,2.08,12,82,0.2793040820312499,96.73999786376952,0.4535406553620915,0.06113714243404121,-0.06686076213368038,0.09194349238680882,0.024013273563009117,0.27118648742675777,,97.2,127.4,2026-09-04 18:08:54+00:00,False,False
CVS,2026-09-25,CVS260925C00099000,call,99.0,1.54,1.5,1.64,2226,855,0.2729564892578124,96.73999786376952,0.3912589233040505,0.060631907131094516,-0.06286733516016463,0.0891113923967915,0.020807479457656125,0.27118648742675777,,97.2,127.4,2026-09-04 19:55:48+00:00,False,False
CVS,2026-09-25,CVS260925C00100000,call,100.0,1.21,1.1,1.33,30,376,0.2746654565429687,96.73999786376952,0.33488504231674315,0.0571536417924337,-0.0595278751261576,0.08452526272577102,0.017855376769979267,0.27118648742675777,,97.2,127.4,2026-09-04 19:24:12+00:00,False,False
CVS,2026-09-25,CVS260925C00101000,call,101.0,1.06,0.82,1.13,19,713,0.2841868457031249,96.73999786376952,0.2891389116456107,0.05183611301719072,-0.05734348397283239,0.0793185884528269,0.015429638105564253,0.27118648742675777,,97.2,127.4,2026-09-04 17:01:13+00:00,False,False
CVS,2026-09-25,CVS260925C00102000,call,102.0,0.73,0.54,1.42,15,72,0.3523013989257812,96.73999786376952,0.2910726274000594,0.041944856568023,-0.0704029752056386,0.07956675721857896,0.015377697102748389,0.27118648742675777,,97.2,127.4,2026-09-04 15:26:40+00:00,False,True
CVS,2026-09-25,CVS260925P00088000,put,88.0,0.21,0.12,0.32,20,94,0.3002999658203125,96.73999786376952,-0.08218396402132533,0.02177284441823208,-0.024045935296974835,0.03520537942083171,-0.00472881412037465,0.27118648742675777,,97.2,127.4,2026-09-04 13:44:35+00:00,False,True
CVS,2026-10-02,CVS261002C00097000,call,97.0,3.2,2.7,3.25,20,63,0.3101875622558593,96.73999786376952,0.5224726612680923,0.04792446367509272,-0.06557704227779362,0.10672322855078917,0.03618925575320216,0.2891306439208984,,93.5,102.8,2026-09-03 19:58:13+00:00,False,False
CVS,2026-10-02,CVS261002C00098000,call,98.0,2.65,2.27,2.78,56,818,0.3081123876953124,96.73999786376952,0.47447569488196906,0.04822499115027691,-0.06458483283046826,0.10667401219265082,0.03299921783345703,0.2891306439208984,,93.5,102.8,2026-09-04 17:40:33+00:00,False,False
CVS,2026-10-02,CVS261002P00090000,put,90.0,0.58,0.51,0.8,46,70,0.2915109912109374,96.73999786376952,-0.1629709470741949,0.03152676413718073,-0.03209080422556091,0.06597989888259562,-0.012630153569487617,0.2891306439208984,,93.5,102.8,2026-09-04 17:49:38+00:00,False,False
CVS,2026-10-16,CVS261016C00095000,call,95.0,4.93,4.55,5.1,80,457,0.3179999841308593,96.73999786376952,0.6085448643135707,0.036805586872078334,-0.055046170989500556,0.12604029709830442,0.06157971154070884,0.28491926025390624,,102.7,103.3,2026-09-04 19:51:15+00:00,False,False
CVS,2026-10-16,CVS261016C00097500,call,97.5,3.55,3.4,3.65,12,299,0.3022530712890625,96.73999786376952,0.5123875081436354,0.04020181173797904,-0.0533457677323539,0.13085337269711303,0.05259611108942517,0.28491926025390624,,102.7,103.3,2026-09-04 19:58:08+00:00,False,False
CVS,2026-10-16,CVS261016C00100000,call,100.0,2.57,2.33,2.64,63,724,0.301764794921875,96.73999786376952,0.41434145910333003,0.03935403488723667,-0.05104953232757107,0.12788700333186606,0.042898118215459934,0.28491926025390624,,102.7,103.3,2026-09-04 19:37:19+00:00,False,False
CVS,2026-10-16,CVS261016C00105000,call,105.0,1.13,0.88,1.2,564,1978,0.2944406494140624,96.73999786376952,0.23799100166834997,0.032026188065584646,-0.03857266158720414,0.10154805028608027,0.025011618602861333,0.28491926025390624,,102.7,103.3,2026-09-04 19:40:28+00:00,False,False
CVS,2026-10-16,CVS261016C00110000,call,110.0,0.5,0.37,0.56,14,744,0.3032296240234374,96.73999786376952,0.12684260645477724,0.02089942020660993,-0.026234296368640712,0.06824556574530512,0.013427317074425467,0.28491926025390624,,102.7,103.3,2026-09-04 18:19:23+00:00,False,False
CVS,2026-10-16,CVS261016C00115000,call,115.0,0.2,0.12,0.2,11,574,0.2973703076171874,96.73999786376952,0.0540698011849982,0.011246763360231022,-0.013437129891909323,0.0360158552623796,0.005771431507339109,0.28491926025390624,,102.7,103.3,2026-09-03 19:59:26+00:00,False,False
CVS,2026-10-16,CVS261016P00085000,put,85.0,0.4,0.33,0.5,48,254,0.3061592822265625,96.73999786376952,-0.08801742369852539,0.015897485073782185,-0.01787870228708421,0.052413653076693566,-0.010288164836818277,0.28491926025390624,,102.7,103.3,2026-09-04 16:07:15+00:00,False,False
CVS,2026-10-16,CVS261016P00090000,put,90.0,1.15,1.11,1.35,349,740,0.2981027221679687,96.73999786376952,-0.20564682000095713,0.0290986486028877,-0.030262689927140228,0.09341300319629221,-0.024260109999020743,0.28491926025390624,,102.7,103.3,2026-09-04 19:53:05+00:00,False,False
CVS,2026-10-16,CVS261016P00092500,put,92.5,1.72,1.67,2.04,10,167,0.2926096130371093,96.73999786376952,-0.2880380809265092,0.03553467626050431,-0.03493798779138424,0.11197202329146987,-0.03416180661536423,0.28491926025390624,,102.7,103.3,2026-09-04 17:49:20+00:00,False,False
CVS,2026-10-16,CVS261016P00095000,put,95.0,2.6,2.55,2.86,28,1467,0.2793040820312499,96.73999786376952,-0.38221610192831057,0.04161489302854412,-0.03620000535357648,0.12516838203472752,-0.04552035546542113,0.28491926025390624,,102.7,103.3,2026-09-04 19:38:35+00:00,False,False
D,2026-09-18,D260918C00065000,call,65.0,1.46,0.9,2.0,34,381,0.2917551293945311,65.83999633789062,0.6128867153324846,0.10176924992001671,-0.05669194925384266,0.04936848967646345,0.014702356975067806,0.25183853637695297,,84.1,96.9,2026-09-04 19:33:47+00:00,False,True
D,2026-09-18,D260918C00067500,call,67.5,0.25,0.25,0.65,69,2954,0.24414818359375,65.83999633789062,0.32393089168313405,0.11416969744541967,-0.043245075596552454,0.046346731835834175,0.007931507738091481,0.25183853637695297,,84.1,96.9,2026-09-04 19:15:01+00:00,False,True
D,2026-09-18,D260918C00075000,call,75.0,0.05,0.0,0.15,12,1078,0.41211525390625,65.83999633789062,0.060596713208272916,0.022590887868704262,-0.02331194546107592,0.015479850315935826,0.0014786228571862104,0.25183853637695297,,84.1,96.9,2026-09-03 18:45:47+00:00,True,False
D,2026-09-18,D260918P00047500,put,47.5,0.1,0.0,0.1,61,172,0.7539087109375,65.83999633789062,-0.010778188419229395,0.002926691763078458,-0.00977569874548985,0.003668685759428994,-0.0002865850298871803,0.25183853637695297,,84.1,96.9,2026-08-12 19:44:01+00:00,True,False
D,2026-09-18,D260918P00052500,put,52.5,0.06,0.0,0.15,10,296,0.585941640625,65.83999633789062,-0.020323549732139345,0.006496157110786262,-0.013052736364274635,0.006328862347933531,-0.0005357780544106525,0.25183853637695297,,84.1,96.9,2026-08-24 18:53:07+00:00,True,False
D,2026-09-18,D260918P00057500,put,57.5,0.11,0.0,0.2,70,491,0.46680220703125,65.83999633789062,-0.060787229946738464,0.01999334107405971,-0.025300016824456453,0.015517903358958059,-0.0015978682561146205,0.25183853637695297,,84.1,96.9,2026-08-28 16:24:06+00:00,True,False
D,2026-09-18,D260918P00062500,put,62.5,0.15,0.05,0.25,211,3059,0.2475661181640625,65.83999633789062,-0.12765478292396815,0.06543648145673688,-0.02263568274786203,0.02693555406492123,-0.0033033939104941496,0.25183853637695297,,84.1,96.9,2026-09-04 19:06:46+00:00,False,True
D,2026-10-16,D261016C00067500,call,67.5,1.15,1.0,1.3,13,795,0.2216874707031249,65.83999633789062,0.4141006721482232,0.07870001467735677,-0.026507597067666453,0.08702659342744454,0.029736761560004477,0.23145299804687497,,91.7,101.2,2026-09-04 18:57:01+00:00,False,False
D,2026-10-16,D261016C00075000,call,75.0,0.1,0.0,0.2,10,251,0.25977302734375,65.83999633789062,0.08551915416935907,0.026943458515878163,-0.011538069581959975,0.03491269862342716,0.006226010346987304,0.23145299804687497,,91.7,101.2,2026-09-03 19:26:15+00:00,True,False
D,2026-10-16,D261016P00065000,put,65.0,1.3,1.1,1.75,23,439,0.2395095581054687,65.83999633789062,-0.3937802966024063,0.07192007433297991,-0.020733631356353196,0.0859229143540725,-0.03163108908741253,0.23145299804687497,,91.7,101.2,2026-09-04 19:56:35+00:00,False,False
DECK,2026-09-04,DECK260904C00085000,call,85.0,0.7,0.15,1.05,282,134,0.3105537695312499,85.80999755859375,,,,,,0.27539787109374997,,,,2026-09-04 19:47:22+00:00,False,True
DECK,2026-09-04,DECK260904C00086000,call,86.0,0.1,0.0,0.3,68,62,0.215828154296875,85.80999755859375,,,,,,0.27539787109374997,,,,2026-09-04 19:58:43+00:00,True,False
DECK,2026-09-04,DECK260904C00087000,call,87.0,0.07,0.0,0.15,256,318,0.30664755859375,85.80999755859375,,,,,,0.27539787109374997,,,,2026-09-04 19:07:14+00:00,True,False
DECK,2026-09-04,DECK260904C00090000,call,90.0,0.05,0.0,0.1,23,125,0.5468795312500001,85.80999755859375,,,,,,0.27539787109374997,,,,2026-09-04 19:19:45+00:00,True,False
DECK,2026-09-04,DECK260904C00091000,call,91.0,0.05,0.0,0.1,23,61,0.648441015625,85.80999755859375,,,,,,0.27539787109374997,,,,2026-09-04 19:11:18+00:00,True,False
DECK,2026-09-04,DECK260904C00094000,call,94.0,0.05,0.0,0.05,20,327,0.8281267187499999,85.80999755859375,,,,,,0.27539787109374997,,,,2026-09-04 18:39:45+00:00,True,False
DECK,2026-09-04,DECK260904C00101000,call,101.0,0.45,0.0,2.15,78,83,2.951174497070312,85.80999755859375,,,,,,0.27539787109374997,,,,2026-08-19 17:59:07+00:00,True,False
DECK,2026-09-04,DECK260904P00075000,put,75.0,0.15,0.0,0.05,50,60,1.171879140625,85.80999755859375,,,,,,0.27539787109374997,,,,2026-08-03 15:35:02+00:00,True,False
DECK,2026-09-04,DECK260904P00080000,put,80.0,0.06,0.0,0.05,179,181,0.6718782812500002,85.80999755859375,,,,,,0.27539787109374997,,,,2026-09-03 15:40:16+00:00,True,False
DECK,2026-09-04,DECK260904P00083000,put,83.0,0.01,0.0,2.15,12,215,1.2490271923828122,85.80999755859375,,,,,,0.27539787109374997,,,,2026-09-04 16:03:02+00:00,True,False
DECK,2026-09-04,DECK260904P00084000,put,84.0,0.05,0.0,1.05,23,206,0.6894562304687502,85.80999755859375,,,,,,0.27539787109374997,,,,2026-09-04 19:07:30+00:00,True,False
DECK,2026-09-04,DECK260904P00085000,put,85.0,0.03,0.0,1.05,58,281,0.7949239257812499,85.80999755859375,,,,,,0.27539787109374997,,,,2026-09-04 19:32:24+00:00,True,False
DECK,2026-09-04,DECK260904P00086000,put,86.0,0.4,0.05,0.7,73,110,0.334967587890625,85.80999755859375,,,,,,0.27539787109374997,,,,2026-09-04 19:42:19+00:00,False,True
DECK,2026-09-04,DECK260904P00087000,put,87.0,1.83,0.9,2.0,61,108,0.7324245507812499,85.80999755859375,,,,,,0.27539787109374997,,,,2026-09-04 17:29:30+00:00,False,True
DECK,2026-09-04,DECK260904P00088000,put,88.0,2.28,1.9,2.65,41,564,0.6972686523437501,85.80999755859375,,,,,,0.27539787109374997,,,,2026-09-04 19:56:29+00:00,False,False
DECK,2026-09-11,DECK260911C00085000,call,85.0,1.58,1.55,2.0,18,127,0.309577216796875,85.80999755859375,0.604505517096996,0.10470040696749205,-0.10805258172749987,0.04577183419070142,0.009574444054045898,0.3642641699218749,,103.6,83.2,2026-09-04 18:06:41+00:00,False,False
DECK,2026-09-11,DECK260911C00091000,call,91.0,0.3,0.05,0.4,36,442,0.3862366064453124,85.80999755859375,0.1461200323007465,0.04991609609764982,-0.07678188158414039,0.027225445785556805,0.002339996326053609,0.3642641699218749,,103.6,83.2,2026-09-04 19:59:45+00:00,False,True
DECK,2026-09-11,DECK260911C00094000,call,94.0,0.15,0.0,0.35,23,99,0.500005,85.80999755859375,0.10239198615089001,0.03004963073933103,-0.07694264871879604,0.02121751127595091,0.0016310909509960872,0.3642641699218749,,103.6,83.2,2026-09-04 18:39:45+00:00,True,False
DECK,2026-09-11,DECK260911C00095000,call,95.0,0.07,0.0,0.1,35,99,0.405279384765625,85.80999755859375,0.03856280766908028,0.01736793161775044,-0.029217937388084644,0.009939935550114097,0.0006206026997164422,0.3642641699218749,,103.6,83.2,2026-09-04 19:59:42+00:00,True,False
DECK,2026-09-11,DECK260911C00097000,call,97.0,0.02,0.0,0.05,23,175,0.4179745703124999,85.80999755859375,0.019126796980958087,0.009385390220490761,-0.016759007144113717,0.005539660491071454,0.00030823786743196637,0.3642641699218749,,103.6,83.2,2026-09-04 19:59:42+00:00,True,False
DECK,2026-09-11,DECK260911C00099000,call,99.0,0.74,0.0,1.95,53,55,0.9282233740234376,85.80999755859375,0.14903129485018113,0.021046548115593602,-0.1845522999917428,0.027587626128054984,0.002298425929636529,0.3642641699218749,,103.6,83.2,2026-08-24 19:25:23+00:00,True,False
DECK,2026-09-11,DECK260911P00083000,put,83.0,0.45,0.3,0.8,283,102,0.3774476318359374,85.80999755859375,-0.24779346820480885,0.07051400707981291,-0.09832509539192368,0.0375848701864453,-0.004208068898655929,0.3642641699218749,,103.6,83.2,2026-09-04 19:33:53+00:00,False,True
DECK,2026-09-11,DECK260911P00084000,put,84.0,0.7,0.5,0.95,25,51,0.3398503515625,85.80999755859375,-0.3096375541214009,0.08731138522747173,-0.09796584267078466,0.04190246353619411,-0.005253489902005529,0.3642641699218749,,103.6,83.2,2026-09-04 19:42:19+00:00,False,False
DECK,2026-09-11,DECK260911P00085000,put,85.0,1.04,0.8,1.1,89,61,0.2915109912109374,85.80999755859375,-0.3901715094848315,0.11077128552345405,-0.09022900045156745,0.045599815425084324,-0.00660787330382679,0.3642641699218749,,103.6,83.2,2026-09-04 19:49:43+00:00,False,False
DECK,2026-09-11,DECK260911P00092000,put,92.0,6.38,6.1,7.5,36,174,0.6835969140625001,85.80999755859375,-0.7512089821732013,0.03901775497238051,-0.17409065187408032,0.03766546430615183,-0.013753039040454005,0.3642641699218749,,103.6,83.2,2026-09-04 19:46:38+00:00,False,False
DECK,2026-09-18,DECK260918C00140000,call,140.0,0.15,0.0,2.15,360,404,1.622560480957031,85.80999755859375,0.08448792549129308,0.005680804431647341,-0.15172189641276426,0.02603284802179938,0.0024226058864190154,0.3894104028320312,,92.7,86.0,2026-07-29 14:24:17+00:00,True,False
DECK,2026-09-18,DECK260918C00170000,call,170.0,0.05,0.0,2.15,10,115,2.0673876440429684,85.80999755859375,0.06926027062389009,0.0038330338728750175,-0.16593797737941166,0.022380795757260555,0.001928530538255009,0.3894104028320312,,92.7,86.0,2026-08-20 13:56:34+00:00,True,False
DECK,2026-09-18,DECK260918P00075000,put,75.0,0.11,0.05,0.25,182,689,0.460942890625,85.80999755859375,-0.05962659633557876,0.015302732888601156,-0.03206655534862262,0.019921730885636937,-0.002041447230644969,0.3894104028320312,,92.7,86.0,2026-09-04 17:58:08+00:00,False,True
DECK,2026-09-18,DECK260918P00085000,put,85.0,1.8,1.55,1.8,31,761,0.3159248095703124,85.80999755859375,-0.4147985484752248,0.07341973794014442,-0.06881252563046258,0.06550998694171223,-0.01428722972984567,0.3894104028320312,,92.7,86.0,2026-09-04 19:32:24+00:00,False,False
DECK,2026-09-18,DECK260918P00086000,put,86.0,3.0,2.0,2.8,20,51,0.3894104028320312,85.80999755859375,-0.4863277562505186,0.060924489421694955,-0.08711196119443695,0.06700549161558385,-0.017012863475404538,0.3894104028320312,,92.7,86.0,2026-09-01 16:19:45+00:00,False,False
DECK,2026-09-25,DECK260925P00088000,put,88.0,4.09,3.6,4.0,10,545,0.3254461987304687,85.80999755859375,-0.5975273908167231,0.05776794905162515,-0.0541744388079645,0.07964680551436286,-0.031674857963292356,0.3505924316406249,,107.5,101.3,2026-09-04 16:22:20+00:00,False,False
DECK,2026-10-16,DECK261016C00085000,call,85.0,4.0,4.1,4.8,30,63,0.37500625,85.80999755859375,0.5727537248628916,0.03593787869327896,-0.05702580609746352,0.11418870547012386,0.05080198891163724,0.3625552026367187,,108.7,107.4,2026-09-04 13:34:33+00:00,False,False
DECK,2026-10-16,DECK261016C00090000,call,90.0,2.4,2.3,2.55,66,145,0.3596255444335937,85.80999755859375,0.3887258491702392,0.03661814706599684,-0.05197242132900518,0.11157813605109207,0.035304859921047795,0.3625552026367187,,108.7,107.4,2026-09-04 19:58:27+00:00,False,False
DECK,2026-10-16,DECK261016C00095000,call,95.0,1.15,1.05,1.55,15,139,0.3894104028320312,85.80999755859375,0.25443056701253675,0.028295772664881282,-0.046048853761322346,0.09336010080921688,0.023256426949545786,0.3625552026367187,,108.7,107.4,2026-09-04 18:36:22+00:00,False,False
DECK,2026-10-16,DECK261016P00080000,put,80.0,1.64,1.0,2.15,40,285,0.3940490283203125,85.80999755859375,-0.2629178574810833,0.028441769368687295,-0.041187014656209074,0.09495964372696981,-0.028216630290398968,0.3625552026367187,,108.7,107.4,2026-09-04 19:39:19+00:00,False,True
DECK,2026-10-16,DECK261016P00085000,put,85.0,3.4,3.2,3.7,56,322,0.3501041552734374,85.80999755859375,-0.4255615041982126,0.03846338329889571,-0.042084424485396406,0.11409771664093803,-0.045951681354706425,0.3625552026367187,,108.7,107.4,2026-09-04 19:11:24+00:00,False,False
DECK,2026-10-16,DECK261016P00090000,put,90.0,6.49,6.0,6.8,10,306,0.3651186535644531,85.80999755859375,-0.6089332723040748,0.03612881864459942,-0.040545960023259775,0.11176864539541143,-0.06750210897957222,0.3625552026367187,,108.7,107.4,2026-09-04 16:24:45+00:00,False,False
DVA,2026-09-18,DVA260918C00190000,call,190.0,1.6,0.3,1.7,17,115,0.2651440673828125,183.9900054931641,0.28907415159412864,0.03577389329200901,-0.12368123819439607,0.12316058905388426,0.019754471714209323,0.3273993041992187,,112.2,81.0,2026-09-04 19:35:26+00:00,False,True
DVA,2026-09-18,DVA260918C00250000,call,250.0,0.55,0.0,2.15,18,386,0.9699710034179688,183.9900054931641,0.06567690898328529,0.0036569476390616094,-0.16107916215092222,0.046057581532209776,0.00427646828455787,0.3273993041992187,,112.2,81.0,2026-08-07 17:35:43+00:00,True,False
DVA,2026-09-18,DVA260918P00145000,put,145.0,0.3,0.0,1.35,40,153,0.7631859619140625,183.9900054931641,-0.04639427410793917,0.00353230340679732,-0.09416219680434057,0.035003543350438926,-0.003487977970899545,0.3273993041992187,,112.2,81.0,2026-08-25 14:11:46+00:00,True,False
DVA,2026-09-18,DVA260918P00170000,put,170.0,0.59,0.2,1.95,14,83,0.4730277307128906,183.9900054931641,-0.17861128997319953,0.015319701376638357,-0.1542228968578627,0.09409369801448035,-0.013265173259721126,0.3273993041992187,,112.2,81.0,2026-09-03 17:38:51+00:00,False,True
DVA,2026-10-16,DVA261016C00200000,call,200.0,1.73,1.55,2.5,10,277,0.3089058367919921,183.9900054931641,0.24542757018210204,0.016320832411610465,-0.07804095791696428,0.19638725977593333,0.04889233833878985,0.3164436032104492,,98.7,97.6,2026-09-03 19:36:42+00:00,False,False
DVA,2026-10-16,DVA261016C00210000,call,210.0,0.6,0.45,2.65,53,219,0.414068359375,183.9900054931641,0.20321481909673805,0.010937126647745364,-0.09170264302489899,0.17640877223330004,0.03984929242914556,0.3164436032104492,,98.7,97.6,2026-09-03 19:25:48+00:00,False,True
DVA,2026-10-16,DVA261016C00220000,call,220.0,0.25,0.25,0.65,56,708,0.3413151806640625,183.9900054931641,0.07546432856589576,0.006676394981998212,-0.03787535920069282,0.08876515536402878,0.015184066888349163,0.3164436032104492,,98.7,97.6,2026-09-04 18:37:35+00:00,False,True
DVA,2026-10-16,DVA261016P00170000,put,170.0,4.5,1.8,2.6,20,714,0.3156806713867187,183.9900054931641,-0.1988374378538551,0.014159707877699695,-0.06010937773975581,0.17411940562223083,-0.04474253566887338,0.3164436032104492,,98.7,97.6,2026-08-31 18:59:19+00:00,False,False
DVA,2026-10-16,DVA261016P00210000,put,210.0,27.82,25.4,28.5,3446,2148,0.4050352465820312,183.9900054931641,-0.8028392284108661,0.010979646874380165,-0.059540369722829924,0.1732311868793085,-0.20150825926181515,0.3164436032104492,,98.7,97.6,2026-08-05 16:49:09+00:00,False,False
ECVT,2026-09-18,ECVT260918C00017500,call,17.5,0.03,0.0,0.05,10,3411,1.2968785156249998,10.210000038146973,0.023465234143680267,0.02136959459148929,-0.005162381460315198,0.0011081083755170881,8.384863696024118e-05,0.60351958984375,,95.8,362.5,2026-08-21 16:49:27+00:00,True,False
EMA,2026-09-18,EMA260918C00055000,call,55.0,0.05,0.0,0.2,56,214,0.3544986425781249,50.34999847412109,0.11314139638088411,0.0548856114986733,-0.02470801149884109,0.01891939212030436,0.0021134439462433636,0.19409985595703125,,443.3,665.4,2026-08-26 16:09:25+00:00,True,False
EMA,2026-09-18,EMA260918P00035000,put,35.0,0.05,0.0,2.6,99,100,1.8144540527343749,50.34999847412109,-0.11382846789405898,0.010769662502595794,-0.12218729450631574,0.01900124962443036,-0.0026445192629677996,0.19409985595703125,,443.3,665.4,2026-07-01 13:49:46+00:00,True,False
EMA,2026-09-18,EMA260918P00040000,put,40.0,0.05,0.0,0.2,50,100,0.6543003320312502,50.34999847412109,-0.03040752064621932,0.010664479985587373,-0.015634492355721133,0.006785016668014691,-0.0006178079911766208,0.19409985595703125,,443.3,665.4,2026-08-06 14:18:00+00:00,True,False
EMA,2026-09-18,EMA260918P00045000,put,45.0,0.05,0.0,2.6,203,1205,0.860352958984375,50.34999847412109,-0.22293378166388522,0.035166113969719894,-0.08869689924717673,0.02941948938220908,-0.004760129525835069,0.19409985595703125,,443.3,665.4,2026-08-24 16:16:08+00:00,True,False
EMA,2026-10-16,EMA261016C00060000,call,60.0,0.05,0.0,2.6,248,255,0.6118202880859377,50.34999847412109,0.23780365836706407,0.029600443967260453,-0.0399379172981782,0.05282961533852996,0.012256200545810147,0.2136309106445312,,505.6,286.4,2026-08-27 14:03:45+00:00,True,False
EMA,2026-10-16,EMA261016C00065000,call,65.0,0.05,0.0,2.6,39,830,0.762697685546875,50.34999847412109,0.20171131395156378,0.02160176934817971,-0.04485073402387516,0.048061475818220734,0.01018240209531086,0.2136309106445312,,505.6,286.4,2026-08-25 17:41:26+00:00,True,False
ENB,2026-09-18,ENB260918C00050000,call,50.0,0.73,0.65,0.9,28,510,0.2109453906249999,50.09000015258789,0.5440365999148538,0.1916085018545726,-0.0329114133465662,0.03889753251638911,0.01009940546020201,0.2160722924804687,,95.8,107.1,2026-09-04 19:33:43+00:00,False,False
ENB,2026-09-18,ENB260918C00052500,call,52.5,0.06,0.05,0.2,27,1578,0.231452998046875,50.09000015258789,0.16560007007786354,0.1095842885972059,-0.02128634133295923,0.024408907438454596,0.003106607675496,0.2160722924804687,,95.8,107.1,2026-09-04 19:45:56+00:00,False,True
ENB,2026-09-18,ENB260918C00057500,call,57.5,0.08,0.0,0.25,15,1893,0.5185595019531251,50.09000015258789,0.09873360587389268,0.034179006546476064,-0.032235299449400207,0.01705671013759848,0.0018096473192017073,0.2160722924804687,,95.8,107.1,2026-09-02 13:30:31+00:00,True,False
ENB,2026-09-18,ENB260918P00050000,put,50.0,0.58,0.45,0.85,22,1414,0.2211991943359375,50.09000015258789,-0.45721883961011756,0.18278946723095618,-0.027496205919472945,0.03891095994371825,-0.009081353329359875,0.2160722924804687,,95.8,107.1,2026-09-04 19:45:56+00:00,False,False
ENB,2026-10-16,ENB261016C00050000,call,50.0,1.3,1.25,1.55,13,208,0.2194902270507812,50.09000015258789,0.555138771013769,0.10594754713209832,-0.021122174733350815,0.06713741046755511,0.030066213088895156,0.20423159057617185,,95.9,96.5,2026-09-04 18:39:34+00:00,False,False
ENB,2026-10-16,ENB261016C00052500,call,52.5,0.41,0.35,0.5,65,1199,0.1970295141601562,50.09000015258789,0.2797475761987633,0.10050640158151485,-0.01525295511670668,0.05717201548804945,0.015479078628663021,0.20423159057617185,,95.9,96.5,2026-09-04 18:12:18+00:00,False,False
ENB,2026-10-16,ENB261016C00055000,call,55.0,0.12,0.05,0.2,83,2964,0.2182695361328124,50.09000015258789,0.12543281952903707,0.05563961824826145,-0.009940652478833453,0.03506192520966317,0.006971979307835605,0.20423159057617185,,95.9,96.5,2026-09-04 19:10:53+00:00,False,True
ENB,2026-10-16,ENB261016C00060000,call,60.0,0.05,0.0,0.1,100,2060,0.305671005859375,50.09000015258789,0.05116354520138536,0.020224767439391302,-0.006831254097662751,0.017848276056434485,0.002825529470105834,0.20423159057617185,,95.9,96.5,2026-09-03 18:30:39+00:00,True,False
ENB,2026-10-16,ENB261016C00080000,call,80.0,0.1,0.0,0.2,13,64,0.65820654296875,50.09000015258789,0.025022349770977472,0.005229760395521516,-0.00794551779776035,0.00993807978351364,0.0013292581206455687,0.20423159057617185,,95.9,96.5,2026-06-08 13:30:16+00:00,True,False
ENB,2026-10-16,ENB261016P00047500,put,47.5,0.32,0.25,0.4,418,1487,0.1958088232421875,50.09000015258789,-0.17901069940681402,0.07859553332258437,-0.009083285824406274,0.044431258501258786,-0.010700723497996525,0.20423159057617185,,95.9,96.5,2026-09-04 19:23:54+00:00,False,False
ENB,2026-10-16,ENB261016P00050000,put,50.0,1.05,0.7,1.25,36,2187,0.1889729541015625,50.09000015258789,-0.44043791952053646,0.12285830916104051,-0.011907051463082617,0.06702899042446285,-0.026647431019666913,0.20423159057617185,,95.9,96.5,2026-09-04 19:27:20+00:00,False,False
EYE,2026-10-16,EYE261016C00025000,call,25.0,0.05,0.0,2.0,31,20196,1.3515657421874998,16.739999771118164,0.2633616061376452,0.04254282525419393,-0.030300721783142935,0.018540900554169477,0.0039336027951936865,0.6552768847656251,,90.6,206.3,2026-08-31 16:19:51+00:00,True,False
EYE,2026-10-16,EYE261016P00010000,put,10.0,0.25,0.0,0.75,117,117,1.3281283593749995,16.739999771118164,-0.083543512431131,0.02036699541847395,-0.01355140139769989,0.00872236662518027,-0.002012453017000154,0.6552768847656251,,90.6,206.3,2026-06-24 16:57:57+00:00,True,False
FE,2026-09-18,FE260918C00042000,call,42.0,6.0,6.0,8.2,27,51,1.2021524267578123,46.77000045776367,0.7199750535263032,0.0305716226845437,-0.13603943308600747,0.03083528365593845,0.010223301873301657,0.2624585473632811,,206.1,81.9,2026-06-15 16:34:52+00:00,False,False
FE,2026-09-18,FE260918C00048000,call,48.0,0.25,0.2,0.35,55,71,0.2148516015625,46.77000045776367,0.2910539106295495,0.174231136612156,-0.025916418841483158,0.03140756626307093,0.005086313628141509,0.2624585473632811,,206.1,81.9,2026-09-04 19:25:46+00:00,False,False
FE,2026-09-18,FE260918C00050000,call,50.0,0.07,0.05,0.2,106,3740,0.2988351367187499,46.77000045776367,0.14029023204282026,0.08142806030834165,-0.022662281675715806,0.02041623562040267,0.0024435030629518183,0.2624585473632811,,206.1,81.9,2026-09-04 19:03:51+00:00,False,True
FE,2026-09-18,FE260918P00041000,put,41.0,0.05,0.0,1.75,60,50,0.8159198095703124,46.77000045776367,-0.17986265830850134,0.035093221647856075,-0.06874502680139946,0.024023740959223706,-0.003528386442244698,0.2624585473632811,,206.1,81.9,2026-08-21 17:07:34+00:00,True,False
FE,2026-09-18,FE260918P00045000,put,45.0,0.13,0.1,0.25,37,3172,0.2319412744140624,46.77000045776367,-0.1802976840371706,0.12363782067309201,-0.018746324889229598,0.024060203702047124,-0.00331583340330464,0.2624585473632811,,206.1,81.9,2026-09-04 19:04:56+00:00,False,True
FITB,2026-09-18,FITB260918C00040000,call,40.0,16.58,13.8,16.2,13,183,0.8828136718749999,54.869998931884766,0.9729307373179158,0.006584377167394442,-0.026415305807369345,0.006712569963591553,0.014703370887873239,0.2644116528320313,,128.9,111.2,2026-06-26 14:07:10+00:00,False,False
FITB,2026-09-18,FITB260918C00055000,call,55.0,1.0,0.9,1.15,184,1405,0.273444765625,54.869998931884766,0.5073397961599037,0.13574204987247496,-0.04551460551640734,0.04286364430403295,0.01023250374044401,0.2644116528320313,,128.9,111.2,2026-09-04 19:08:46+00:00,False,False
FITB,2026-09-18,FITB260918P00042000,put,42.0,0.25,0.0,0.1,10,345,0.6523472265625001,54.869998931884766,-0.014963111121776507,0.005390756070680496,-0.009343594256394626,0.0040610054813430335,-0.0003297927101874333,0.2644116528320313,,128.9,111.2,2026-06-25 14:00:51+00:00,True,False
FITB,2026-09-18,FITB260918P00050000,put,50.0,0.1,0.0,0.15,14,414,0.340826904296875,54.869998931884766,-0.0729009592014781,0.03781988088207454,-0.01755433712370065,0.014885351733731914,-0.0015811395614178819,0.2644116528320313,,128.9,111.2,2026-09-04 19:54:40+00:00,True,False
FITB,2026-10-16,FITB261016C00060000,call,60.0,0.3,0.15,0.35,10,2143,0.2436599072265625,54.869998931884766,0.16591923146548582,0.05493170762788439,-0.014644871583492544,0.046369616472063536,0.010032756824194506,0.2658764819335937,,117.5,91.6,2026-09-04 17:56:04+00:00,False,True
FITB,2026-10-16,FITB261016P00045000,put,45.0,0.12,0.0,0.2,250,271,0.38867798828125,54.869998931884766,-0.053305376124425985,0.015000592735680938,-0.00892207309202983,0.02019875938950646,-0.003562717679853217,0.2658764819335937,,117.5,91.6,2026-08-31 14:24:21+00:00,True,False
FND,2026-09-18,FND260918C00047500,call,47.5,2.4,2.4,4.2,120,121,0.6611362011718751,50.22999954223633,0.6953735130295782,0.05382766888716583,-0.08553132844444977,0.03443959454660724,0.011795092560023965,0.5983926879882813,,116.5,84.2,2026-09-02 14:45:37+00:00,False,False
FND,2026-09-18,FND260918C00050000,call,50.0,1.5,1.15,2.8,10,61,0.6626010302734376,50.22999954223633,0.5457890671596168,0.06080005348715552,-0.09563752017827014,0.03898679978611374,0.00945811944572432,0.5983926879882813,,116.5,84.2,2026-09-03 15:30:39+00:00,False,True
FND,2026-09-18,FND260918C00055000,call,55.0,0.45,0.3,0.55,12,154,0.5039112109375,50.22999954223633,0.19753045564681565,0.0560545555773102,-0.05048307327498918,0.027335464235100627,0.0036061363274869345,0.5983926879882813,,116.5,84.2,2026-09-04 17:52:48+00:00,False,False
FND,2026-09-18,FND260918C00060000,call,60.0,0.1,0.0,0.1,16,186,0.5117236328125,50.22999954223633,0.04417380782003066,0.018550217829679125,-0.01708086085685005,0.009186413874663773,0.0008173595945591311,0.5983926879882813,,116.5,84.2,2026-09-04 19:47:27+00:00,True,False
FND,2026-09-18,FND260918C00070000,call,70.0,0.1,0.0,0.2,11,241,0.8437515624999999,50.22999954223633,0.027798459852159167,0.007694265813213234,-0.019111969685297728,0.006282656208837547,0.0005035051902635822,0.5983926879882813,,116.5,84.2,2026-08-24 18:37:48+00:00,True,False
FND,2026-09-18,FND260918C00077500,call,77.5,0.9,0.0,1.65,40,52,1.590822358398437,50.22999954223633,0.10935050996830065,0.011964406050291311,-0.10530233632664567,0.01841935209002507,0.0018273703943592029,0.5983926879882813,,116.5,84.2,2026-06-22 16:49:18+00:00,True,False
FND,2026-09-18,FND260918P00040000,put,40.0,0.05,0.0,0.1,75,293,0.5742230078125,50.22999954223633,-0.01793949853106891,0.00781416799519293,-0.008776615248877682,0.004342350277979758,-0.00036025167911231246,0.5983926879882813,,116.5,84.2,2026-09-03 14:53:09+00:00,True,False
FND,2026-09-18,FND260918P00045000,put,45.0,0.68,0.0,0.6,15,133,0.6093789062500001,50.22999954223633,-0.1593777201786073,0.04048437943647032,-0.050790240275631775,0.023874617543901983,-0.0032742104886315654,0.5983926879882813,,116.5,84.2,2026-09-03 14:44:30+00:00,True,False
FND,2026-09-18,FND260918P00047500,put,47.5,0.65,0.0,1.6,201,151,0.6972686523437501,50.22999954223633,-0.31152019847139234,0.051542160596852016,-0.08426325469503027,0.034779575756349726,-0.006569966021088606,0.5983926879882813,,116.5,84.2,2026-09-04 17:51:45+00:00,True,False
FND,2026-09-18,FND260918P00057500,put,57.5,4.65,6.7,8.5,100,177,0.551762294921875,50.22999954223633,-0.8808229881232559,0.036675575546120956,-0.03150767531949377,0.019583507419075382,-0.019832919067103435,0.5983926879882813,,116.5,84.2,2026-08-21 18:12:42+00:00,False,False
FND,2026-09-18,FND260918P00067500,put,67.5,11.6,11.5,14.2,20,227,1.0000000000000004e-05,50.22999954223633,-1.0,0.0,0.009228859177807807,0.0,-0.025840805697861863,0.5983926879882813,,116.5,84.2,2026-06-30 19:57:35+00:00,False,False
FND,2026-10-16,FND261016C00070000,call,70.0,3.0,0.0,0.55,270,271,0.5996133789062501,50.22999954223633,0.06658797291508285,0.01264478300038072,-0.01613328209872375,0.022012302357453852,0.0035308596886903182,0.5544478149414063,,87.3,99.0,2026-08-05 15:01:54+00:00,True,False
FNF,2026-09-18,FNF260918P00030000,put,30.0,0.6,0.0,2.5,23,63,2.064457963867187,45.77999877929688,-0.10524092956050413,0.009840114157831797,-0.1195908752959277,0.016330252723572147,-0.0022767520428258105,0.3154365332031249,,108.0,123.5,2026-03-20 19:49:06+00:00,True,False
FNF,2026-09-18,FNF260918P00045000,put,45.0,0.85,0.7,0.9,69,434,0.340826904296875,45.77999877929688,-0.3746523682394092,0.12405337429745514,-0.03890954215250634,0.03398827914082445,-0.006894481592434756,0.3154365332031249,,108.0,123.5,2026-09-04 19:52:05+00:00,False,False
FNF,2026-09-18,FNF260918P00050000,put,50.0,3.3,3.8,5.5,16,1102,0.7543969873046875,45.77999877929688,-0.6949567396777672,0.05179023049965836,-0.07953020671855207,0.031407582846310525,-0.014253279965844629,0.3154365332031249,,108.0,123.5,2026-08-31 15:58:54+00:00,False,False
FNF,2026-10-16,FNF261016P00045000,put,45.0,1.05,1.2,1.5,82,4111,0.3000558276367187,45.77999877929688,-0.39117669711332503,0.08241043492121529,-0.01866167289213439,0.0596337680237766,-0.0221765439007749,0.3000558276367187,,132.8,93.6,2026-09-04 16:27:47+00:00,False,False
FNF,2026-10-16,FNF261016P00050000,put,50.0,4.5,2.8,5.9,1400,2050,0.5163622583007812,45.77999877929688,-0.6491316572676277,0.04623302062138582,-0.030544587780535218,0.05757245378616518,-0.04070788517292031,0.3000558276367187,,132.8,93.6,2026-09-01 19:53:19+00:00,False,True
FSBC,2026-09-18,FSBC260918P00045000,put,45.0,1.25,0.25,0.55,50,337,0.3505924316406249,46.959999084472656,-0.24724725556199045,0.09797433488082333,-0.0347212613233194,0.029054017328870998,-0.004641654137283058,0.6926326135253906,,50.6,58.0,2026-08-26 13:34:17+00:00,False,True
FSLR,2026-09-04,FSLR260904C00200000,call,200.0,5.0,3.4,5.9,31,50,0.7563500927734376,204.4499969482422,,,,,,0.17627776855468746,,,,2026-09-04 18:40:17+00:00,False,False
FSLR,2026-09-04,FSLR260904C00202500,call,202.5,1.4,0.78,3.65,22,813,0.6020547607421877,204.4499969482422,,,,,,0.17627776855468746,,,,2026-09-04 19:33:06+00:00,False,True
FSLR,2026-09-04,FSLR260904C00205000,call,205.0,0.24,0.08,0.45,2129,4949,0.1616294775390624,204.4499969482422,,,,,,0.17627776855468746,,,,2026-09-04 19:59:38+00:00,False,True
FSLR,2026-09-04,FSLR260904C00207500,call,207.5,0.01,0.0,0.04,501,404,0.17383638671875,204.4499969482422,,,,,,0.17627776855468746,,,,2026-09-04 19:59:29+00:00,True,False
FSLR,2026-09-04,FSLR260904C00210000,call,210.0,0.01,0.0,0.01,2156,13305,0.2265702343749999,204.4499969482422,,,,,,0.17627776855468746,,,,2026-09-04 19:03:00+00:00,True,False
FSLR,2026-09-04,FSLR260904C00212500,call,212.5,0.02,0.0,0.25,162,135,0.5498091894531252,204.4499969482422,,,,,,0.17627776855468746,,,,2026-09-04 19:30:22+00:00,True,False
FSLR,2026-09-04,FSLR260904C00215000,call,215.0,0.02,0.0,0.01,68,233,0.39063109375,204.4499969482422,,,,,,0.17627776855468746,,,,2026-09-04 19:57:37+00:00,True,False
FSLR,2026-09-04,FSLR260904C00217500,call,217.5,0.01,0.0,0.04,30,197,0.5117236328125,204.4499969482422,,,,,,0.17627776855468746,,,,2026-09-04 18:53:01+00:00,True,False
FSLR,2026-09-04,FSLR260904C00220000,call,220.0,0.01,0.0,0.03,46,855,0.570316796875,204.4499969482422,,,,,,0.17627776855468746,,,,2026-09-04 19:15:29+00:00,True,False
FSLR,2026-09-04,FSLR260904C00222500,call,222.5,0.04,0.0,0.01,18,114,0.57812921875,204.4499969482422,,,,,,0.17627776855468746,,,,2026-09-04 14:29:13+00:00,True,False
FSLR,2026-09-04,FSLR260904C00227500,call,227.5,0.01,0.0,1.13,516,2847,1.4345731396484376,204.4499969482422,,,,,,0.17627776855468746,,,,2026-09-04 16:24:48+00:00,True,False
FSLR,2026-09-04,FSLR260904C00235000,call,235.0,0.01,0.0,0.03,121,220,1.0078174609375,204.4499969482422,,,,,,0.17627776855468746,,,,2026-09-03 19:55:23+00:00,True,False
FSLR,2026-09-04,FSLR260904C00237500,call,237.5,0.01,0.0,0.01,119,126,0.9687503125,204.4499969482422,,,,,,0.17627776855468746,,,,2026-09-03 19:59:38+00:00,True,False
FSLR,2026-09-04,FSLR260904C00260000,call,260.0,0.01,0.0,2.13,10,140,3.0517601831054684,204.4499969482422,,,,,,0.17627776855468746,,,,2026-09-02 14:53:00+00:00,True,False
FSLR,2026-09-04,FSLR260904P00190000,put,190.0,0.02,0.0,0.47,120,425,0.8964854101562498,204.4499969482422,,,,,,0.17627776855468746,,,,2026-09-04 19:30:39+00:00,True,False
FSLR,2026-09-04,FSLR260904P00192500,put,192.5,0.06,0.0,0.59,36,127,0.8105487695312499,204.4499969482422,,,,,,0.17627776855468746,,,,2026-09-04 19:16:43+00:00,True,False
FSLR,2026-09-04,FSLR260904P00195000,put,195.0,0.01,0.0,0.73,17,347,0.7138700488281251,204.4499969482422,,,,,,0.17627776855468746,,,,2026-09-04 19:53:05+00:00,True,False
FSLR,2026-09-04,FSLR260904P00197500,put,197.5,0.02,0.0,1.01,25,237,0.63086306640625,204.4499969482422,,,,,,0.17627776855468746,,,,2026-09-04 19:05:33+00:00,True,False
FSLR,2026-09-04,FSLR260904P00200000,put,200.0,0.02,0.0,0.3,139,567,0.3916076464843749,204.4499969482422,,,,,,0.17627776855468746,,,,2026-09-04 19:31:41+00:00,True,False
FSLR,2026-09-04,FSLR260904P00202500,put,202.5,0.52,0.0,0.63,47,230,0.3281317187499999,204.4499969482422,,,,,,0.17627776855468746,,,,2026-09-04 18:49:40+00:00,True,False
FSLR,2026-09-04,FSLR260904P00205000,put,205.0,0.56,0.01,1.12,129,330,0.1909260595703125,204.4499969482422,,,,,,0.17627776855468746,,,,2026-09-04 19:59:35+00:00,False,True
FSLR,2026-09-04,FSLR260904P00207500,put,207.5,2.87,1.65,4.05,57,126,0.5107470800781251,204.4499969482422,,,,,,0.17627776855468746,,,,2026-09-04 19:56:21+00:00,False,True
FSLR,2026-09-04,FSLR260904P00210000,put,210.0,5.38,4.05,6.6,31,262,0.7065459033203125,204.4499969482422,,,,,,0.17627776855468746,,,,2026-09-04 19:56:21+00:00,False,False
FSLR,2026-09-04,FSLR260904P00215000,put,215.0,11.2,10.0,11.5,47,107,0.6367223828125,204.4499969482422,,,,,,0.17627776855468746,,,,2026-09-04 19:28:05+00:00,False,False
FSLR,2026-09-04,FSLR260904P00220000,put,220.0,15.33,13.9,16.55,13,190,1.2861363818359377,204.4499969482422,,,,,,0.17627776855468746,,,,2026-09-04 18:35:35+00:00,False,False
FSLR,2026-09-11,FSLR260911C00202500,call,202.5,5.44,4.4,7.1,39,58,0.5056201782226561,204.4499969482422,0.5736098345205379,0.027391642282116376,-0.416107116744144,0.11102527592544406,0.021183765435375562,0.40491317749023437,,97.3,146.4,2026-09-04 19:34:23+00:00,False,False
FSLR,2026-09-11,FSLR260911C00207500,call,207.5,3.42,3.1,3.6,248,157,0.4091855957031249,204.4499969482422,0.41446899782101687,0.033640529465373756,-0.3336655142595161,0.11034751362744143,0.015605588983289427,0.40491317749023437,,97.3,146.4,2026-09-04 19:56:31+00:00,False,False
FSLR,2026-09-11,FSLR260911C00210000,call,210.0,2.49,2.23,2.6,439,173,0.3989317919921875,204.4499969482422,0.33002840587119164,0.03206369667388811,-0.3011049764312081,0.10253960298643662,0.012483891308225074,0.40491317749023437,,97.3,146.4,2026-09-04 19:58:07+00:00,False,False
FSLR,2026-09-11,FSLR260911C00215000,call,215.0,1.42,1.02,1.78,108,198,0.446294599609375,204.4499969482422,0.2213423677279862,0.023514240371866873,-0.274164849108972,0.08412633662236535,0.008379491557740254,0.40491317749023437,,97.3,146.4,2026-09-04 19:57:37+00:00,False,False
FSLR,2026-09-11,FSLR260911C00220000,call,220.0,0.6,0.5,0.85,49,141,0.4321345849609375,204.4499969482422,0.1192047050580945,0.01627317226065955,-0.17724780899995993,0.056372934104416225,0.004539987777522029,0.40491317749023437,,97.3,146.4,2026-09-04 19:56:51+00:00,False,False
FSLR,2026-09-11,FSLR260911C00222500,call,222.5,0.41,0.0,0.75,12,59,0.4604546142578125,204.4499969482422,0.1002968753115549,0.01349075735750098,-0.1665065244427715,0.04979692814863702,0.0038168808008334485,0.40491317749023437,,97.3,146.4,2026-09-04 19:45:08+00:00,True,False
FSLR,2026-09-11,FSLR260911C00225000,call,225.0,0.25,0.0,1.25,64,54,0.5837443969726561,204.4499969482422,0.12871360415650746,0.012711520906675966,-0.25148853375029095,0.059483927209399885,0.004849855066242209,0.40491317749023437,,97.3,146.4,2026-09-04 19:20:25+00:00,True,False
FSLR,2026-09-11,FSLR260911C00230000,call,230.0,0.2,0.05,0.65,86,271,0.5644574804687501,204.4499969482422,0.07282385672082681,0.00866031743900669,-0.15996723656808257,0.039187218315096785,0.002758946028131708,0.40491317749023437,,97.3,146.4,2026-09-04 18:20:58+00:00,False,True
FSLR,2026-09-11,FSLR260911C00240000,call,240.0,0.15,0.0,0.2,55,111,0.508793974609375,204.4499969482422,0.012993022885066787,0.00232268878828441,-0.0347842982309742,0.009473541795750164,0.0004972076844862557,0.40491317749023437,,97.3,146.4,2026-09-04 16:52:52+00:00,True,False
FSLR,2026-09-11,FSLR260911C00260000,call,260.0,0.03,0.0,0.35,51,1612,0.7763694238281251,204.4499969482422,0.014894233060593428,0.0017123804259673479,-0.05950192020636681,0.010657321569505414,0.0005625022242338566,0.40491317749023437,,97.3,146.4,2026-09-02 18:15:01+00:00,True,False
FSLR,2026-09-11,FSLR260911P00165000,put,165.0,1.11,0.0,0.33,20,123,0.7226590234375,204.4499969482422,-0.013841773142422298,0.0017271472073790092,-0.051245546311857494,0.01000557788509436,-0.0005624465971009033,0.40491317749023437,,97.3,146.4,2026-09-03 13:30:02+00:00,True,False
FSLR,2026-09-11,FSLR260911P00180000,put,180.0,0.2,0.01,0.35,22,82,0.5361374511718751,204.4499969482422,-0.038741280138249845,0.005531095169952438,-0.08991806139695376,0.02377205185213632,-0.0015655869355649316,0.40491317749023437,,97.3,146.4,2026-09-04 19:53:13+00:00,False,True
FSLR,2026-09-11,FSLR260911P00182500,put,182.5,0.2,0.01,0.2,154,60,0.437505625,204.4499969482422,-0.027388574977422864,0.005092272813363748,-0.05502712473586574,0.017859722061245656,-0.0010993139971036564,0.40491317749023437,,97.3,146.4,2026-09-04 19:56:19+00:00,False,True
FSLR,2026-09-11,FSLR260911P00185000,put,185.0,0.18,0.1,0.68,17,123,0.5192919165039063,204.4499969482422,-0.07502028262903537,0.009629745647549579,-0.14652184074109523,0.04008720442771709,-0.003039035107997603,0.40491317749023437,,97.3,146.4,2026-09-04 19:43:54+00:00,False,True
FSLR,2026-09-11,FSLR260911P00190000,put,190.0,0.45,0.25,0.6,46,122,0.3989317919921875,204.4499969482422,-0.0850690682984494,0.013785107932584894,-0.12317575901123275,0.044084732615486885,-0.003421951202200336,0.40491317749023437,,97.3,146.4,2026-09-04 19:53:13+00:00,False,True
FSLR,2026-09-11,FSLR260911P00192500,put,192.5,0.88,0.39,0.95,21,80,0.40039662109375,204.4499969482422,-0.12898671671504103,0.018559589653310032,-0.1666577767113672,0.059571449303642277,-0.005201182752445909,0.40491317749023437,,97.3,146.4,2026-09-04 19:47:43+00:00,False,True
FSLR,2026-09-11,FSLR260911P00195000,put,195.0,1.13,0.95,1.31,114,144,0.3867248828124999,204.4499969482422,-0.17662000764453567,0.023680141827160973,-0.19769372906760926,0.07341178906502722,-0.007130434537633141,0.40491317749023437,,97.3,146.4,2026-09-04 19:59:35+00:00,False,False
FSLR,2026-09-11,FSLR260911P00197500,put,197.5,2.0,1.53,2.0,44,57,0.3940490283203125,204.4499969482422,-0.24868650349721189,0.028403098556801683,-0.24533505172818593,0.08972126208795692,-0.010076689034854862,0.40491317749023437,,97.3,146.4,2026-09-04 19:47:28+00:00,False,False
FSLR,2026-09-11,FSLR260911P00200000,put,200.0,2.52,2.4,2.74,158,549,0.387701435546875,204.4499969482422,-0.3247087247485164,0.032775751709986936,-0.2726746641214348,0.10186604914239411,-0.013191605089938347,0.40491317749023437,,97.3,146.4,2026-09-04 19:57:34+00:00,False,False
FSLR,2026-09-11,FSLR260911P00205000,put,205.0,4.75,3.4,5.05,43,50,0.3945373046875,204.4499969482422,-0.5017159931582309,0.0357131599348367,-0.3036271049126647,0.1129524731354127,-0.020561696208599333,0.40491317749023437,,97.3,146.4,2026-09-04 19:59:58+00:00,False,False
FSLR,2026-09-11,FSLR260911P00210000,put,210.0,8.0,6.45,9.1,32,58,0.483403603515625,204.4499969482422,-0.6376934759552494,0.027394232939916056,-0.3475080911440597,0.10615694705267181,-0.026655179833105863,0.40491317749023437,,97.3,146.4,2026-09-04 19:29:55+00:00,False,False
FSLR,2026-09-11,FSLR260911P00212500,put,212.5,8.39,8.25,10.9,21,91,0.4907277490234375,204.4499969482422,-0.6985302939654697,0.025079732484771498,-0.32483371418156376,0.0986604083612836,-0.02938680127446919,0.40491317749023437,,97.3,146.4,2026-09-04 17:55:29+00:00,False,False
FSLR,2026-09-18,FSLR260918C00195000,call,195.0,14.4,11.2,14.55,11,119,0.5606733386230469,204.4499969482422,0.6926388711499966,0.01565597188004078,-0.29921739185246876,0.14073409525127054,0.048750146760675045,0.4907277490234375,,101.6,97.3,2026-09-04 16:50:20+00:00,False,False
FSLR,2026-09-18,FSLR260918C00205000,call,205.0,6.45,5.55,7.75,22,73,0.4846242944335938,204.4499969482422,0.5156970062300956,0.0205429987438416,-0.28965811010132303,0.15961672999967327,0.03750125672481341,0.4907277490234375,,101.6,97.3,2026-09-04 19:08:00+00:00,False,False
FSLR,2026-09-18,FSLR260918C00210000,call,210.0,4.91,4.35,5.55,19,445,0.4787649780273437,204.4499969482422,0.41359142514643704,0.020320451151496846,-0.27754243311928634,0.15597863228470898,0.03034774814876375,0.4907277490234375,,101.6,97.3,2026-09-04 19:59:29+00:00,False,False
FSLR,2026-09-18,FSLR260918C00215000,call,215.0,3.0,2.3,4.0,25,305,0.4849905017089844,204.4499969482422,0.3220287483039258,0.018463613346582187,-0.2571645867494723,0.1435685513146796,0.02376700558113718,0.4907277490234375,,101.6,97.3,2026-09-04 19:37:22+00:00,False,False
FSLR,2026-09-18,FSLR260918C00217500,call,217.5,2.6,1.66,3.6,22,51,0.5040332800292968,204.4499969482422,0.2884109065741083,0.016917115524316788,-0.25369423491122084,0.13670831040349263,0.021288476752062045,0.4907277490234375,,101.6,97.3,2026-09-04 19:52:30+00:00,False,True
FSLR,2026-09-18,FSLR260918C00220000,call,220.0,2.26,1.89,2.66,177,2291,0.4776663562011719,204.4499969482422,0.23690005791748592,0.016138476992148616,-0.21713183134813774,0.1235937725799201,0.017603257800718218,0.4907277490234375,,101.6,97.3,2026-09-04 19:53:58+00:00,False,False
FSLR,2026-09-18,FSLR260918C00225000,call,225.0,1.45,1.2,2.0,63,95,0.4992725854492187,204.4499969482422,0.1811479014777193,0.013178103639691822,-0.19291168568815986,0.10548726364875324,0.013483731388083437,0.4907277490234375,,101.6,97.3,2026-09-04 19:53:50+00:00,False,False
FSLR,2026-09-18,FSLR260918C00230000,call,230.0,0.98,0.8,1.2,136,2506,0.4848684326171875,204.4499969482422,0.12052238042784069,0.010335186917896942,-0.1423527490717879,0.08034366406663997,0.009026632733870414,0.4907277490234375,,101.6,97.3,2026-09-04 19:49:55+00:00,False,False
FSLR,2026-09-18,FSLR260918C00240000,call,240.0,0.4,0.21,0.88,33,1587,0.500005,204.4499969482422,0.05837237859641793,0.005823035229875055,-0.08492711216325631,0.04668024781289928,0.00439234098023057,0.4907277490234375,,101.6,97.3,2026-09-04 17:25:32+00:00,False,True
FSLR,2026-09-18,FSLR260918C00250000,call,250.0,0.18,0.14,0.35,95,5336,0.51562984375,204.4499969482422,0.027285373720136497,0.0030456139276851518,-0.047101962154205326,0.02517806112212858,0.0020598968084638474,0.4907277490234375,,101.6,97.3,2026-09-04 19:45:34+00:00,False,True
FSLR,2026-09-18,FSLR260918C00310000,call,310.0,0.01,0.0,0.17,14,475,0.82226740234375,204.4499969482422,0.006345143006219198,0.0005426516096509067,-0.02117755104820706,0.007153911400550082,0.0004728614957032306,0.4907277490234375,,101.6,97.3,2026-09-03 19:04:09+00:00,True,False
FSLR,2026-09-18,FSLR260918P00110000,put,110.0,0.03,0.0,0.85,21,217,1.5488303808593749,204.4499969482422,-0.013853078691184018,0.0005702295316805877,-0.07789273401849717,0.014159990181237632,-0.0012145746019207957,0.4907277490234375,,101.6,97.3,2026-08-18 19:54:28+00:00,True,False
FSLR,2026-09-18,FSLR260918P00120000,put,120.0,0.23,0.0,0.1,72,119,1.01953615234375,204.4499969482422,-0.002735088280434006,0.00020618973390887582,-0.012190781029130963,0.0033703814550825983,-0.00022807052488972457,0.4907277490234375,,101.6,97.3,2026-08-05 13:45:48+00:00,True,False
FSLR,2026-09-18,FSLR260918P00165000,put,165.0,0.02,0.0,0.33,11,409,0.5273484765625001,204.4499969482422,-0.01594007177672785,0.0018895557099371722,-0.029625436866456502,0.015975953380674507,-0.0012977235432440328,0.4907277490234375,,101.6,97.3,2026-09-04 18:14:00+00:00,True,False
FSLR,2026-09-18,FSLR260918P00170000,put,170.0,0.17,0.01,0.52,18,449,0.5029346582031251,204.4499969482422,-0.02606247410295459,0.003005161718846782,-0.042767154297726935,0.024231974355902155,-0.002122965369090001,0.4907277490234375,,101.6,97.3,2026-09-04 19:29:16+00:00,False,True
FSLR,2026-09-18,FSLR260918P00175000,put,175.0,0.29,0.15,0.32,50,610,0.452153916015625,204.4499969482422,-0.03419982622965223,0.004187647983069917,-0.0480299722570989,0.03035748939546502,-0.002778654785746237,0.4907277490234375,,101.6,97.3,2026-09-04 19:01:52+00:00,False,True
FSLR,2026-09-18,FSLR260918P00180000,put,180.0,0.58,0.47,0.7,126,4778,0.45898978515625,204.4499969482422,-0.06901509249363802,0.007226459697646746,-0.08516085490597457,0.05317873391284663,-0.005634562798659795,0.4907277490234375,,101.6,97.3,2026-09-04 19:55:42+00:00,False,False
FSLR,2026-09-18,FSLR260918P00185000,put,185.0,1.06,0.52,1.3,74,1829,0.4585015087890626,204.4499969482422,-0.11909427988331855,0.010838054959006901,-0.12697362914181934,0.07967122708056518,-0.009767616638057343,0.4907277490234375,,101.6,97.3,2026-09-04 19:53:17+00:00,False,True
FSLR,2026-09-18,FSLR260918P00190000,put,190.0,2.0,1.25,2.0,33,1575,0.4372614868164062,204.4499969482422,-0.17848628208322326,0.01490772217674002,-0.15796932904549177,0.10451097654210108,-0.014672128586959751,0.4907277490234375,,101.6,97.3,2026-09-04 19:47:46+00:00,False,False
FSLR,2026-09-18,FSLR260918P00195000,put,195.0,3.19,2.46,4.05,49,2956,0.4888967126464845,204.4499969482422,-0.2870059522884796,0.017400683096458886,-0.22960679526651512,0.13639322639017487,-0.02392297334779987,0.4907277490234375,,101.6,97.3,2026-09-04 19:38:16+00:00,False,False
FSLR,2026-09-18,FSLR260918P00200000,put,200.0,5.15,4.05,6.0,28,1859,0.491216025390625,204.4499969482422,-0.38331648660351625,0.019409154483980458,-0.2566667171011707,0.15285812620524158,-0.03219680414869492,0.4907277490234375,,101.6,97.3,2026-09-04 19:47:11+00:00,False,False
FSLR,2026-09-18,FSLR260918P00202500,put,202.5,5.99,4.75,7.25,32,68,0.4978077563476563,204.4499969482422,-0.43379650432833494,0.01973823098173329,-0.26700120426712026,0.15753580408660825,-0.03662207981984719,0.4907277490234375,,101.6,97.3,2026-09-04 19:59:32+00:00,False,False
FSLR,2026-09-18,FSLR260918P00205000,put,205.0,7.29,5.45,8.5,12,102,0.4968312036132813,204.4499969482422,-0.48374717664597944,0.020037147834390624,-0.26856144992208225,0.15960781582277905,-0.04100937263135219,0.4907277490234375,,101.6,97.3,2026-09-04 19:14:10+00:00,False,False
FSLR,2026-09-18,FSLR260918P00210000,put,210.0,10.51,8.65,11.4,11,1499,0.4974415490722657,204.4499969482422,-0.5818116316793691,0.019606539764383563,-0.2600179403196023,0.1563696268080147,-0.049797260977422736,0.4907277490234375,,101.6,97.3,2026-09-04 19:41:36+00:00,False,False
FSLR,2026-09-18,FSLR260918P00240000,put,240.0,34.06,34.2,36.85,20,737,0.6159706372070313,204.4499969482422,-0.8948428325900479,0.007380480161466358,-0.13031487058501115,0.07288766128805574,-0.08408495404330839,0.4907277490234375,,101.6,97.3,2026-09-03 15:03:30+00:00,False,False
FSLR,2026-09-18,FSLR260918P00250000,put,250.0,42.54,44.2,47.0,10,1627,0.745119736328125,204.4499969482422,-0.9018579505927472,0.0058020952543961744,-0.15284346188246864,0.06931389584054198,-0.08850982465488551,0.4907277490234375,,101.6,97.3,2026-09-04 16:50:41+00:00,False,False
FSLR,2026-09-25,FSLR260925C00220000,call,220.0,3.4,2.83,5.4,62,143,0.5561567822265626,204.4499969482422,0.32231492959825087,0.013151250538501552,-0.24121848532382315,0.17589963416447407,0.03483989304262278,0.4964039617919922,,104.5,108.1,2026-09-04 18:52:25+00:00,False,False
FSLR,2026-09-25,FSLR260925C00225000,call,225.0,2.38,2.5,3.85,88,138,0.5365036584472658,204.4499969482422,0.2554095118683869,0.012215042312204178,-0.20795633933872074,0.15760439005970192,0.027863306678827335,0.4964039617919922,,104.5,108.1,2026-09-04 19:40:41+00:00,False,False
FSLR,2026-09-25,FSLR260925C00230000,call,230.0,2.3,1.14,2.93,16,76,0.5388229711914063,204.4499969482422,0.20490294463422143,0.010749584274840534,-0.1840506299215789,0.13929592713424635,0.02245419233726878,0.4964039617919922,,104.5,108.1,2026-09-04 19:59:38+00:00,False,True
FSLR,2026-09-25,FSLR260925C00250000,call,250.0,0.45,0.0,2.43,61,395,0.5883830224609375,204.4499969482422,0.09106408920999959,0.00567727746814268,-0.11493359259418935,0.08033427898464388,0.010047830133545939,0.4964039617919922,,104.5,108.1,2026-09-02 19:36:42+00:00,True,False
FSLR,2026-09-25,FSLR260925C00300000,call,300.0,0.54,0.0,1.4,150,165,0.8569350244140624,204.4499969482422,0.04016406722453199,0.0020574120292540824,-0.08754842783259918,0.0424003864972082,0.004359634515408596,0.4964039617919922,,104.5,108.1,2026-09-03 14:57:23+00:00,True,False
FSLR,2026-09-25,FSLR260925P00155000,put,155.0,0.15,0.0,0.45,30,59,0.570316796875,204.4499969482422,-0.017276019137349996,0.0015282994958668167,-0.027954913280842993,0.020961641035239058,-0.002137123945070433,0.4964039617919922,,104.5,108.1,2026-09-04 19:58:47+00:00,True,False
FSLR,2026-09-25,FSLR260925P00180000,put,180.0,1.16,0.89,2.47,46,132,0.5559126440429689,204.4499969482422,-0.14837544024903104,0.008490565641263088,-0.1457856019770135,0.11351253511116646,-0.018731006953232057,0.4964039617919922,,104.5,108.1,2026-09-04 19:57:21+00:00,False,True
FSLR,2026-09-25,FSLR260925P00185000,put,185.0,2.11,1.43,3.6,21,144,0.5571333349609376,204.4499969482422,-0.20146348622920618,0.010291770612674458,-0.17682688074079123,0.13789543506236665,-0.025588537010534186,0.4964039617919922,,104.5,108.1,2026-09-04 19:33:27+00:00,False,True
FSLR,2026-10-02,FSLR261002C00220000,call,220.0,5.0,3.55,6.5,21,60,0.5371140039062501,204.4499969482422,0.34731203054914594,0.012143840816594129,-0.2094346941396126,0.20915195343572074,0.04944985583509485,0.5172777764892579,,88.4,106.0,2026-09-04 19:54:50+00:00,False,False
FSLR,2026-10-02,FSLR261002P00175000,put,175.0,1.07,0.8,1.77,18,106,0.4962208581542969,204.4499969482422,-0.10966402606349912,0.006677160216305077,-0.09085660637938847,0.1062444362137279,-0.018410057396379697,0.5172777764892579,,88.4,106.0,2026-09-04 17:53:02+00:00,False,True
FSLR,2026-10-02,FSLR261002P00180000,put,180.0,1.97,1.12,1.95,514,54,0.4454401159667969,204.4499969482422,-0.13026444312487995,0.008398557710078915,-0.09153239982448134,0.11995916142058137,-0.02176478872753922,0.5172777764892579,,88.4,106.0,2026-09-04 19:42:00+00:00,False,False
FSLR,2026-10-02,FSLR261002P00185000,put,185.0,3.4,1.37,3.7,29,53,0.491216025390625,204.4499969482422,-0.20298879643111656,0.010154696863168434,-0.13415341031397487,0.15994802204983408,-0.0344312188458561,0.5172777764892579,,88.4,106.0,2026-09-04 19:09:17+00:00,False,True
FSLR,2026-10-02,FSLR261002P00210000,put,210.0,12.54,11.55,14.6,11,69,0.4989063781738281,204.4499969482422,-0.5386301461301068,0.014054936428937107,-0.18332480700542267,0.2248471180619584,-0.09515769392078113,0.5172777764892579,,88.4,106.0,2026-09-04 17:54:56+00:00,False,False
FSLR,2026-10-16,FSLR261016C00150000,call,150.0,55.6,54.45,57.05,60,61,0.6313513427734375,204.4499969482422,0.9429431615289312,0.002615216630412507,-0.07836302967843727,0.07941625813944282,0.1568538371550813,0.5222215747070315,,97.2,100.3,2026-08-28 18:36:48+00:00,False,False
FSLR,2026-10-16,FSLR261016C00180000,call,180.0,29.5,27.4,30.7,10,84,0.5115405291748047,204.4499969482422,0.8034253913242378,0.007809537985693643,-0.13544670665579603,0.1921480727459716,0.15483706778475498,0.5222215747070315,,97.2,100.3,2026-09-03 13:42:19+00:00,False,False
FSLR,2026-10-16,FSLR261016C00185000,call,185.0,21.94,23.4,26.6,29,185,0.5600629931640625,204.4499969482422,0.7426275929629225,0.008307081204186308,-0.16627956410311368,0.2237772722540462,0.1434546494592508,0.5222215747070315,,97.2,100.3,2026-09-01 19:43:42+00:00,False,False
FSLR,2026-10-16,FSLR261016C00200000,call,200.0,16.55,14.0,17.3,15,395,0.5413864221191409,204.4499969482422,0.5959895729417352,0.010316138473619316,-0.1873987908933054,0.26863040406840943,0.11982131019361232,0.5222215747070315,,97.2,100.3,2026-09-04 18:20:06+00:00,False,False
FSLR,2026-10-16,FSLR261016C00210000,call,210.0,11.11,9.8,12.55,52,401,0.5351608984375,204.4499969482422,0.48999534192858474,0.010745429443891393,-0.1881755062678449,0.2765914772130045,0.1004648181952294,0.5222215747070315,,97.2,100.3,2026-09-04 19:24:14+00:00,False,False
FSLR,2026-10-16,FSLR261016C00220000,call,220.0,7.5,7.0,8.3,146,3615,0.509892596435547,204.4499969482422,0.38053942613925645,0.01077183419003756,-0.16984963230377703,0.2641794359678986,0.07970552604622562,0.5222215747070315,,97.2,100.3,2026-09-04 19:52:30+00:00,False,False
FSLR,2026-10-16,FSLR261016C00230000,call,230.0,4.9,4.3,5.5,25,822,0.5028736236572267,204.4499969482422,0.2839006949917571,0.009716602411986797,-0.14787278869315193,0.2350195184882048,0.06028025609907521,0.5222215747070315,,97.2,100.3,2026-09-04 19:37:17+00:00,False,False
FSLR,2026-10-16,FSLR261016C00240000,call,240.0,3.4,3.0,4.05,35,1289,0.5237474383544922,204.4499969482422,0.21736158328708022,0.008095165458683037,-0.13267006192742622,0.20392866886849365,0.046357340921229964,0.5222215747070315,,97.2,100.3,2026-09-04 18:15:15+00:00,False,False
FSLR,2026-10-16,FSLR261016C00250000,call,250.0,1.85,1.88,2.42,62,1115,0.5076953527832031,204.4499969482422,0.14722743592922527,0.00653982751967003,-0.10030498136996494,0.15969823831128824,0.03178130912465037,0.5222215747070315,,97.2,100.3,2026-09-04 18:23:19+00:00,False,False
FSLR,2026-10-16,FSLR261016C00260000,call,260.0,1.32,0.74,2.03,47,524,0.5456588403320313,204.4499969482422,0.12001320940761862,0.005286461494195599,-0.09320555324008785,0.13874486275627018,0.025853038080605774,0.5222215747070315,,97.2,100.3,2026-09-04 19:50:04+00:00,False,True
FSLR,2026-10-16,FSLR261016C00270000,call,270.0,0.85,0.59,1.45,30,688,0.5144091528320311,204.4499969482422,0.0703082273959803,0.0037762951644034677,-0.059045081100220026,0.09343406900672686,0.015345278407849288,0.5222215747070315,,97.2,100.3,2026-09-04 15:34:21+00:00,False,True
FSLR,2026-10-16,FSLR261016C00280000,call,280.0,0.8,0.36,1.29,10,169,0.541264353027344,204.4499969482422,0.05596465424700549,0.003004379230459271,-0.05185229489711896,0.07821585907995281,0.012204713521913687,0.5222215747070315,,97.2,100.3,2026-09-03 18:12:56+00:00,False,True
FSLR,2026-10-16,FSLR261016C00300000,call,300.0,0.44,0.15,0.6,21,202,0.55273884765625,204.4499969482422,0.027385093534290243,0.0016453323993771292,-0.029498934992444457,0.04374256857443608,0.0060088844629505155,0.5222215747070315,,97.2,100.3,2026-09-04 17:15:38+00:00,False,True
FSLR,2026-10-16,FSLR261016P00165000,put,165.0,1.3,0.32,1.95,49,155,0.5297898583984376,204.4499969482422,-0.09429604326909169,0.004574928226116212,-0.07064576095368497,0.1165785282496228,-0.02419682772570548,0.5222215747070315,,97.2,100.3,2026-09-04 19:19:46+00:00,False,True
FSLR,2026-10-16,FSLR261016P00170000,put,170.0,1.72,1.53,1.9,62,117,0.4709525561523437,204.4499969482422,-0.10187515651520118,0.00544643897883441,-0.0660849303033433,0.12337309034110762,-0.02591530801750286,0.5222215747070315,,97.2,100.3,2026-09-04 19:59:51+00:00,False,False
FSLR,2026-10-16,FSLR261016P00175000,put,175.0,2.65,2.03,3.5,16,291,0.5164843273925781,204.4499969482422,-0.15667739390958402,0.006699790029890006,-0.09751092033044272,0.16643665637039626,-0.040527514413618855,0.5222215747070315,,97.2,100.3,2026-09-04 19:46:43+00:00,False,False
FSLR,2026-10-16,FSLR261016P00180000,put,180.0,3.7,2.83,4.3,20,314,0.4965870654296875,204.4499969482422,-0.19092709860696444,0.007902993764925722,-0.1057062849378149,0.1887633539915354,-0.04944160671557321,0.5222215747070315,,97.2,100.3,2026-09-04 19:13:30+00:00,False,False
FSLR,2026-10-16,FSLR261016P00185000,put,185.0,5.05,3.7,5.95,15,259,0.5075732836914062,204.4499969482422,-0.2419288189590323,0.008869720289664804,-0.12331730244886298,0.21654059307576784,-0.06323685822907145,0.5222215747070315,,97.2,100.3,2026-09-04 19:49:37+00:00,False,False
FSLR,2026-10-16,FSLR261016P00190000,put,190.0,6.54,5.0,7.75,18,312,0.5114184600830078,204.4499969482422,-0.2937633088653594,0.009709089760056563,-0.13619130396536114,0.23882817450224553,-0.07740441897470939,0.5222215747070315,,97.2,100.3,2026-09-04 19:35:00+00:00,False,False
FSLR,2026-10-16,FSLR261016P00195000,put,195.0,7.98,6.85,9.6,16,142,0.50586431640625,204.4499969482422,-0.34638054111919026,0.010517470008622222,-0.14317909405802823,0.25590334954218436,-0.09181933973483034,0.5222215747070315,,97.2,100.3,2026-09-04 18:23:08+00:00,False,False
FSLR,2026-10-16,FSLR261016P00200000,put,200.0,10.75,9.0,11.8,59,357,0.503056727294922,204.4499969482422,-0.4020687015067571,0.011088499379045016,-0.14789831118541688,0.26829981942239994,-0.10735447696700882,0.5222215747070315,,97.2,100.3,2026-09-04 19:40:09+00:00,False,False
FSLR,2026-10-16,FSLR261016P00210000,put,210.0,16.07,14.85,17.55,20,187,0.5155688092041015,204.4499969482422,-0.5130853249670138,0.011151271987248046,-0.15307221178581049,0.27652963922839846,-0.1398939890654441,0.5222215747070315,,97.2,100.3,2026-09-04 19:24:14+00:00,False,False
FSLR,2026-10-16,FSLR261016P00220000,put,220.0,20.84,20.75,24.0,20,280,0.51562984375,204.4499969482422,-0.6174329937007299,0.010669068755529587,-0.1419860730185989,0.26460326714530924,-0.17169039958252238,0.5222215747070315,,97.2,100.3,2026-09-04 17:55:29+00:00,False,False
FSLR,2026-10-16,FSLR261016P00230000,put,230.0,29.5,28.2,30.8,12,304,0.4923146472167969,204.4499969482422,-0.7214537382926989,0.009834166766246143,-0.11221570762546722,0.23286861942837042,-0.2038343781634824,0.5222215747070315,,97.2,100.3,2026-09-04 18:36:14+00:00,False,False
FSLR,2026-10-16,FSLR261016P00240000,put,240.0,37.18,36.45,39.7,15,268,0.5288133056640626,204.4499969482422,-0.779925507677517,0.008075057994097835,-0.10219336840430274,0.205389702988532,-0.22770378327111296,0.5222215747070315,,97.2,100.3,2026-09-04 18:31:12+00:00,False,False
FSLR,2026-10-16,FSLR261016P00260000,put,260.0,47.65,54.25,57.45,16,52,0.536259520263672,204.4499969482422,-0.884683644049645,0.005229243911902821,-0.05365906745412916,0.13487906836646002,-0.2725656783434035,0.5222215747070315,,97.2,100.3,2026-08-20 18:59:13+00:00,False,False
GBX,2026-09-18,GBX260918C00045000,call,45.0,0.45,0.35,0.5,51,717,0.3281317187499999,43.2599983215332,0.29059242527301077,0.12324657333872298,-0.03567387301419461,0.029028943786302882,0.0046336722587779705,0.3791565991210938,,133.9,86.5,2026-09-04 19:44:33+00:00,False,False
GBX,2026-09-18,GBX260918C00047500,call,47.5,0.17,0.0,0.45,31,178,0.5029346582031251,43.2599983215332,0.18928128391155585,0.06353691620513932,-0.042263847558085994,0.022937488547958997,0.002978193533582236,0.3791565991210938,,133.9,86.5,2026-09-02 15:04:59+00:00,True,False
GBX,2026-09-18,GBX260918C00062500,call,62.5,0.29,0.0,0.5,25,50,1.111332568359375,43.2599983215332,0.05787616528772281,0.012298922940069243,-0.039254331373999245,0.009811135866924222,0.000877779632081083,0.3791565991210938,,133.9,86.5,2026-07-28 19:59:35+00:00,True,False
GCO,2026-09-18,GCO260918C00040000,call,40.0,0.1,0.1,0.75,204,733,0.585941640625,35.810001373291016,0.18669076208810764,0.06532369065026684,-0.04025838438550088,0.01882647113556913,0.0024113424358566536,0.5922892333984375,,95.8,98.9,2026-09-04 19:07:50+00:00,False,True
GCO,2026-09-18,GCO260918P00012500,put,12.5,0.05,0.0,0.25,25,5209,2.72656568359375,35.810001373291016,-0.012493850096317649,0.0016914692251957769,-0.022014344024087296,0.0022684223184173957,-0.00020986122550603218,0.5922892333984375,,95.8,98.9,2026-09-02 13:30:02+00:00,True,False
GCO,2026-09-18,GCO260918P00015000,put,15.0,0.12,0.0,1.05,150,2291,3.0878929052734367,35.810001373291016,-0.04054123063575743,0.004022830620849438,-0.06712082153642514,0.0061099523519076385,-0.000730484888153081,0.5922892333984375,,95.8,98.9,2026-09-01 16:17:14+00:00,True,False
GCO,2026-09-18,GCO260918P00020000,put,20.0,0.05,0.0,0.9,11,422,2.1113328466796872,35.810001373291016,-0.052606973013246794,0.007252540718466714,-0.0564811206945464,0.007531660347023235,-0.0008712808623209335,0.5922892333984375,,95.8,98.9,2026-09-02 18:28:52+00:00,True,False
GCO,2026-09-18,GCO260918P00022500,put,22.5,0.11,0.0,0.5,10,195,1.5195336523437497,35.810001373291016,-0.0430085354646077,0.00857557130436748,-0.03454349200527757,0.006409397867721175,-0.0006711798978487889,0.5922892333984375,,95.8,98.9,2026-09-03 15:16:27+00:00,True,False
GCO,2026-09-18,GCO260918P00025000,put,25.0,0.05,0.0,0.5,117,107,1.2324257128906249,35.810001373291016,-0.05289111449332562,0.012477921422046054,-0.03300425876639953,0.0075639185506701425,-0.0008077525746440376,0.5922892333984375,,95.8,98.9,2026-09-03 15:16:17+00:00,True,False
GCO,2026-09-18,GCO260918P00035000,put,35.0,2.05,0.7,1.25,32,198,0.567387138671875,35.810001373291016,-0.3902325419339332,0.09643628109769338,-0.05246203262226112,0.026913103891715168,-0.005807798756660586,0.5922892333984375,,95.8,98.9,2026-09-03 14:19:20+00:00,False,False
GILT,2026-09-18,GILT260918C00015000,call,15.0,0.05,0.0,0.2,35,2535,1.3125034374999998,10.119999885559082,0.0815101360729687,0.05796241455711085,-0.014109335599300315,0.0029884301177400506,0.0002828916554174233,0.5810588769531251,,346.9,984.2,2026-08-31 14:25:50+00:00,True,False
GILT,2026-09-18,GILT260918C00017500,call,17.5,0.09,0.0,0.1,205,1868,1.46875265625,10.119999885559082,0.039757706520103346,0.029456665783164707,-0.00896428450741234,0.0016995284486450756,0.0001381273875555887,0.5810588769531251,,346.9,984.2,2026-08-17 17:24:29+00:00,True,False
GILT,2026-09-18,GILT260918C00025000,call,25.0,0.05,0.0,0.2,20,357,2.42969142578125,10.119999885559082,0.04860114761750476,0.020937256334071046,-0.017396513409614622,0.0019983293988006367,0.00015699948539586988,0.5810588769531251,,346.9,984.2,2026-08-13 15:55:59+00:00,True,False
GL,2026-09-18,GL260918C00180000,call,180.0,1.1,0.2,2.6,20,98,0.3453434606933593,174.27000427246094,0.33865095021153024,0.031039396797583618,-0.16174046820645704,0.12486621992081813,0.021655985866545588,0.28247787841796873,,84.1,158.6,2026-09-02 17:42:46+00:00,False,True
GL,2026-09-18,GL260918C00185000,call,185.0,0.46,0.0,2.5,31,77,0.4480035668945312,174.27000427246094,0.26919188049725523,0.02159179206444147,-0.18638754751621978,0.11268098010503563,0.017070322963138734,0.28247787841796873,,84.1,158.6,2026-08-25 14:47:47+00:00,True,False
GME,2026-09-04,GME260904C00010000,call,10.0,9.1,8.5,10.1,11,55,7.9062501171875,19.15999984741211,,,,,,0.23047644531249994,,,,2026-09-04 18:58:44+00:00,False,False
GME,2026-09-04,GME260904C00015000,call,15.0,4.15,3.45,4.7,166,179,5.531253085937499,19.15999984741211,,,,,,0.23047644531249994,,,,2026-09-04 19:26:44+00:00,False,False
GME,2026-09-04,GME260904C00017500,call,17.5,1.64,1.24,2.33,551,855,1.671876640625,19.15999984741211,,,,,,0.23047644531249994,,,,2026-09-04 19:31:51+00:00,False,False
GME,2026-09-04,GME260904C00018000,call,18.0,1.14,1.07,1.26,5147,7578,0.5937540625000001,19.15999984741211,,,,,,0.23047644531249994,,,,2026-09-04 19:59:40+00:00,False,False
GME,2026-09-04,GME260904C00018500,call,18.5,0.72,0.63,0.8,3555,7193,0.6718782812500002,19.15999984741211,,,,,,0.23047644531249994,,,,2026-09-04 19:59:08+00:00,False,False
GME,2026-09-04,GME260904C00019000,call,19.0,0.15,0.15,0.22,14189,13246,0.3125068749999999,19.15999984741211,,,,,,0.23047644531249994,,,,2026-09-04 19:59:56+00:00,False,False
GME,2026-09-04,GME260904C00019500,call,19.5,0.01,0.0,0.01,22956,8506,0.2500075,19.15999984741211,,,,,,0.23047644531249994,,,,2026-09-04 19:58:41+00:00,True,False
GME,2026-09-04,GME260904C00020000,call,20.0,0.01,0.0,0.01,8805,16092,0.500005,19.15999984741211,,,,,,0.23047644531249994,,,,2026-09-04 19:58:51+00:00,True,False
GME,2026-09-04,GME260904C00020500,call,20.5,0.01,0.0,0.01,690,3725,0.6250037500000001,19.15999984741211,,,,,,0.23047644531249994,,,,2026-09-04 19:55:55+00:00,True,False
GME,2026-09-04,GME260904C00021000,call,21.0,0.01,0.0,0.01,926,4042,0.8125018749999999,19.15999984741211,,,,,,0.23047644531249994,,,,2026-09-04 19:49:04+00:00,True,False
GME,2026-09-04,GME260904C00021500,call,21.5,0.01,0.0,0.01,22,1746,0.9687503125,19.15999984741211,,,,,,0.23047644531249994,,,,2026-09-04 16:36:51+00:00,True,False
GME,2026-09-04,GME260904C00022000,call,22.0,0.01,0.0,0.01,774,6752,1.1875040625,19.15999984741211,,,,,,0.23047644531249994,,,,2026-09-04 19:06:04+00:00,True,False
GME,2026-09-04,GME260904C00022500,call,22.5,0.01,0.0,0.01,27,1892,1.3125034374999998,19.15999984741211,,,,,,0.23047644531249994,,,,2026-09-04 15:13:06+00:00,True,False
GME,2026-09-04,GME260904C00023000,call,23.0,0.01,0.0,0.01,1337,4777,1.5000025,19.15999984741211,,,,,,0.23047644531249994,,,,2026-09-04 19:59:02+00:00,True,False
GME,2026-09-04,GME260904C00024000,call,24.0,0.01,0.0,0.01,15,2219,1.75000125,19.15999984741211,,,,,,0.23047644531249994,,,,2026-09-04 17:47:34+00:00,True,False
GME,2026-09-04,GME260904C00025000,call,25.0,0.01,0.0,0.01,18,3348,2.000005,19.15999984741211,,,,,,0.23047644531249994,,,,2026-09-04 19:14:53+00:00,True,False
GME,2026-09-04,GME260904C00026000,call,26.0,0.01,0.0,0.01,28,1195,2.31250421875,19.15999984741211,,,,,,0.23047644531249994,,,,2026-09-04 19:05:12+00:00,True,False
GME,2026-09-04,GME260904C00026500,call,26.5,0.01,0.0,0.07,48,330,3.156252109375,19.15999984741211,,,,,,0.23047644531249994,,,,2026-09-01 19:19:15+00:00,True,False
GME,2026-09-04,GME260904C00028000,call,28.0,0.03,0.0,0.01,804,1659,2.750003125,19.15999984741211,,,,,,0.23047644531249994,,,,2026-09-03 16:15:45+00:00,True,False
GME,2026-09-04,GME260904C00029000,call,29.0,0.02,0.0,0.01,115,369,3.0000025,19.15999984741211,,,,,,0.23047644531249994,,,,2026-08-31 19:49:45+00:00,True,False
GME,2026-09-04,GME260904C00030000,call,30.0,0.01,0.0,0.01,182,3411,3.250001875,19.15999984741211,,,,,,0.23047644531249994,,,,2026-09-04 13:53:31+00:00,True,False
GME,2026-09-04,GME260904C00035000,call,35.0,0.01,0.0,0.01,31,2926,4.2500046875,19.15999984741211,,,,,,0.23047644531249994,,,,2026-09-04 17:27:35+00:00,True,False
GME,2026-09-04,GME260904P00011000,put,11.0,0.02,0.0,0.01,21,621,4.12500484375,19.15999984741211,,,,,,0.23047644531249994,,,,2026-09-01 15:05:40+00:00,True,False
GME,2026-09-04,GME260904P00015500,put,15.5,0.01,0.0,0.01,101,306,1.75000125,19.15999984741211,,,,,,0.23047644531249994,,,,2026-09-01 15:23:22+00:00,True,False
GME,2026-09-04,GME260904P00017000,put,17.0,0.01,0.0,0.01,12,3408,1.0625046875000002,19.15999984741211,,,,,,0.23047644531249994,,,,2026-09-04 18:24:57+00:00,True,False
GME,2026-09-04,GME260904P00017500,put,17.5,0.01,0.0,0.01,158,3043,0.8125018749999999,19.15999984741211,,,,,,0.23047644531249994,,,,2026-09-04 18:41:32+00:00,True,False
GME,2026-09-04,GME260904P00018000,put,18.0,0.01,0.0,0.01,884,5568,0.5937540625000001,19.15999984741211,,,,,,0.23047644531249994,,,,2026-09-04 19:54:38+00:00,True,False
GME,2026-09-04,GME260904P00018500,put,18.5,0.02,0.0,0.01,380,2076,0.42188078125,19.15999984741211,,,,,,0.23047644531249994,,,,2026-09-04 19:05:39+00:00,True,False
GME,2026-09-04,GME260904P00019000,put,19.0,0.01,0.0,0.01,7077,2850,0.148446015625,19.15999984741211,,,,,,0.23047644531249994,,,,2026-09-04 19:34:52+00:00,True,False
GME,2026-09-04,GME260904P00019500,put,19.5,0.4,0.29,0.46,513,223,0.632816171875,19.15999984741211,,,,,,0.23047644531249994,,,,2026-09-04 19:58:37+00:00,False,False
GME,2026-09-04,GME260904P00020000,put,20.0,0.84,0.36,1.31,111,168,2.0156299609375,19.15999984741211,,,,,,0.23047644531249994,,,,2026-09-04 19:52:44+00:00,False,True
GME,2026-09-04,GME260904P00020500,put,20.5,1.36,0.63,2.24,14,87,1.2265663671875,19.15999984741211,,,,,,0.23047644531249994,,,,2026-09-04 18:25:50+00:00,False,True
GME,2026-09-04,GME260904P00021000,put,21.0,1.94,1.22,2.54,23,88,1.203128984375,19.15999984741211,,,,,,0.23047644531249994,,,,2026-09-04 17:00:28+00:00,False,True
GME,2026-09-04,GME260904P00022000,put,22.0,2.8,2.01,3.45,35,149,3.86718783203125,19.15999984741211,,,,,,0.23047644531249994,,,,2026-09-04 19:18:52+00:00,False,False
GME,2026-09-04,GME260904P00023000,put,23.0,3.82,3.1,5.1,32,70,3.2578143554687498,19.15999984741211,,,,,,0.23047644531249994,,,,2026-09-04 19:31:30+00:00,False,False
GME,2026-09-11,GME260911C00015000,call,15.0,4.2,4.1,5.25,151,166,1.9179691601562503,19.15999984741211,0.8549658656694734,0.044793652804111614,-0.08447774237795462,0.0060485918126493565,0.002258713738785865,0.6049844189453125,,93.6,116.2,2026-09-04 19:55:39+00:00,False,False
GME,2026-09-11,GME260911C00016500,call,16.5,2.7,0.94,4.05,72,60,2.388675903320312,19.15999984741211,0.7324137560018331,0.05193360349397502,-0.15040147731897505,0.008733772285521023,0.0019405542114567125,0.6049844189453125,,93.6,116.2,2026-09-04 19:41:19+00:00,False,True
GME,2026-09-11,GME260911C00017000,call,17.0,2.26,2.02,3.3,329,123,1.2265663671875,19.15999984741211,0.7866199874293711,0.08938515247598501,-0.06933392507943885,0.007718850250262041,0.0023906740079319934,0.6049844189453125,,93.6,116.2,2026-09-04 19:40:29+00:00,False,False
GME,2026-09-11,GME260911C00017500,call,17.5,1.84,1.45,1.92,336,876,0.77929908203125,19.15999984741211,0.8166225429399074,0.12838466445033048,-0.04109320340674936,0.007043905049722927,0.002637397377805466,0.6049844189453125,,93.6,116.2,2026-09-04 19:31:26+00:00,False,False
GME,2026-09-11,GME260911C00018000,call,18.0,1.4,1.36,1.45,4555,1792,0.6132851171875001,19.15999984741211,0.7849720652359136,0.1795717101513578,-0.03583548328581566,0.007753477348196975,0.002618753959145828,0.6049844189453125,,93.6,116.2,2026-09-04 19:59:51+00:00,False,False
GME,2026-09-11,GME260911C00018500,call,18.5,1.04,0.97,1.12,914,1607,0.5976602734375001,19.15999984741211,0.683139463620875,0.2245715055016352,-0.04199315250231695,0.009449421418323672,0.002314975616228782,0.6049844189453125,,93.6,116.2,2026-09-04 19:59:08+00:00,False,False
GME,2026-09-11,GME260911C00019000,call,19.0,0.79,0.76,0.79,6160,3933,0.614261669921875,19.15999984741211,0.560558446315514,0.24194470872698207,-0.04727819192220919,0.01046322881629199,0.001917864636390839,0.6049844189453125,,93.6,116.2,2026-09-04 19:59:45+00:00,False,False
GME,2026-09-11,GME260911C00019500,call,19.5,0.59,0.56,0.62,4420,5394,0.6552768847656252,19.15999984741211,0.44516186838601596,0.22727836282542438,-0.05016978474693655,0.010485257940820687,0.0015302270514610248,0.6049844189453125,,93.6,116.2,2026-09-04 19:59:32+00:00,False,False
GME,2026-09-11,GME260911C00020000,call,20.0,0.45,0.43,0.45,6729,8450,0.6835969140625001,19.15999984741211,0.3461338828515449,0.20337503827594547,-0.04864691078258163,0.009787999068276607,0.0011952155164091395,0.6049844189453125,,93.6,116.2,2026-09-04 19:59:26+00:00,False,False
GME,2026-09-11,GME260911C00020500,call,20.5,0.33,0.3,0.34,504,1556,0.70312796875,19.15999984741211,0.26248360475559046,0.17471220222384332,-0.044087225050520436,0.008648758881120194,0.0009102724278229479,0.6049844189453125,,93.6,116.2,2026-09-04 19:59:16+00:00,False,False
GME,2026-09-11,GME260911C00021000,call,21.0,0.27,0.26,0.27,4519,2668,0.7617211328125001,19.15999984741211,0.209704686918343,0.14247628136625073,-0.04209132061067858,0.007640728256974521,0.0007268070207988978,0.6049844189453125,,93.6,116.2,2026-09-04 19:59:39+00:00,False,False
GME,2026-09-11,GME260911C00021500,call,21.5,0.2,0.14,0.27,508,430,0.7929708203125,19.15999984741211,0.16215029416110982,0.11665173046709804,-0.03728912475996411,0.0065124525241193505,0.0005629264609784254,0.6049844189453125,,93.6,116.2,2026-09-04 19:54:39+00:00,False,False
GME,2026-09-11,GME260911C00022000,call,22.0,0.18,0.16,0.18,3465,2928,0.8398453515625,19.15999984741211,0.13093125795626248,0.09540025900783577,-0.034163477579029954,0.005640856539489064,0.0004543971754337419,0.6049844189453125,,93.6,116.2,2026-09-04 19:59:19+00:00,False,False
GME,2026-09-11,GME260911C00022500,call,22.5,0.17,0.08,0.18,948,759,0.85937640625,19.15999984741211,0.09980619721905742,0.07685571302720992,-0.02879165913201327,0.00465003005991274,0.00034706156639575296,0.6049844189453125,,93.6,116.2,2026-09-04 19:48:22+00:00,False,True
GME,2026-09-11,GME260911C00023000,call,23.0,0.14,0.11,0.14,1208,2344,0.9335944140625,19.15999984741211,0.0899897354712384,0.06554926395075336,-0.028953861932280528,0.004308461753695793,0.00031184844066958864,0.6049844189453125,,93.6,116.2,2026-09-04 19:59:58+00:00,False,False
GME,2026-09-11,GME260911C00023500,call,23.5,0.11,0.0,0.14,184,456,0.8828136718749999,19.15999984741211,0.05467856365055962,0.04727034405443803,-0.0186629735101705,0.002938014885089794,0.00019096582694341988,0.6049844189453125,,93.6,116.2,2026-09-04 19:50:47+00:00,True,False
GME,2026-09-11,GME260911C00024000,call,24.0,0.11,0.1,0.11,1224,2699,1.0390673046875003,19.15999984741211,0.06855779712763953,0.0479253593379072,-0.026189955306668424,0.0035059461037997993,0.00023679774478678922,0.6049844189453125,,93.6,116.2,2026-09-04 19:58:36+00:00,False,False
GME,2026-09-11,GME260911C00024500,call,24.5,0.11,0.09,0.11,100,345,1.0976607617187502,19.15999984741211,0.062390763395334746,0.04216866321998042,-0.02570376169025776,0.003258773316478209,0.00021499035801877915,0.6049844189453125,,93.6,116.2,2026-09-04 19:58:51+00:00,False,False
GME,2026-09-11,GME260911C00025000,call,25.0,0.09,0.09,0.1,2306,14797,1.15234798828125,19.15999984741211,0.05689725431875717,0.037368409921833316,-0.025093744047769446,0.003031687579668012,0.0001956508316003595,0.6049844189453125,,93.6,116.2,2026-09-04 19:59:55+00:00,False,False
GME,2026-09-11,GME260911C00025500,call,25.5,0.09,0.04,0.1,46,580,1.140629296875,19.15999984741211,0.0422990513387679,0.029792858516280725,-0.019596855001832277,0.0023925051125125696,0.00014598276001463316,0.6049844189453125,,93.6,116.2,2026-09-04 19:57:49+00:00,False,True
GME,2026-09-11,GME260911C00026000,call,26.0,0.08,0.06,0.08,506,578,1.203128984375,19.15999984741211,0.04065519933362453,0.02735238525657356,-0.02001068003988785,0.002316880169574273,0.00013989520245826043,0.6049844189453125,,93.6,116.2,2026-09-04 19:59:57+00:00,False,False
GME,2026-09-11,GME260911C00027000,call,27.0,0.06,0.04,0.07,285,1273,1.2578162109375,19.15999984741211,0.030286469539259023,0.02054864034002433,-0.016423222688969404,0.0018196860118875244,0.00010420611887379977,0.6049844189453125,,93.6,116.2,2026-09-04 19:29:15+00:00,False,False
GME,2026-09-11,GME260911C00028000,call,28.0,0.06,0.02,0.07,310,968,1.3203158984375,19.15999984741211,0.02395211076009985,0.016093945250954842,-0.014167481821135112,0.0014960170753566863,8.232326031510636e-05,0.6049844189453125,,93.6,116.2,2026-09-04 19:34:32+00:00,False,True
GME,2026-09-11,GME260911C00029000,call,29.0,0.05,0.02,0.13,42,183,1.5468772656249998,19.15999984741211,0.034135587329879105,0.018443186100259922,-0.022275553709662443,0.002008574678339432,0.00011559013119427429,0.6049844189453125,,93.6,116.2,2026-09-04 19:43:11+00:00,False,True
GME,2026-09-11,GME260911C00030000,call,30.0,0.04,0.04,0.05,979,3783,1.515627421875,19.15999984741211,0.021346750445330846,0.012722951102790843,-0.014749377147773976,0.001357614570824951,7.274928809001403e-05,0.6049844189453125,,93.6,116.2,2026-09-04 19:59:33+00:00,False,False
GME,2026-09-11,GME260911C00031000,call,31.0,0.07,0.03,0.07,214,281,1.625001875,19.15999984741211,0.021621490307074137,0.011995572715516711,-0.015981656251873096,0.0013723694199839762,7.328994595609008e-05,0.6049844189453125,,93.6,116.2,2026-09-04 19:57:32+00:00,False,True
GME,2026-09-11,GME260911C00032000,call,32.0,0.04,0.03,0.04,140,901,1.625001875,19.15999984741211,0.015292262660673966,0.008929944724387988,-0.011895507360758631,0.0010216421802057673,5.200572092748707e-05,0.6049844189453125,,93.6,116.2,2026-09-04 19:59:37+00:00,False,False
GME,2026-09-11,GME260911C00035000,call,35.0,0.04,0.02,0.06,1219,2446,1.890625546875,19.15999984741211,0.015129393461248615,0.007605055416587972,-0.013706721026719887,0.001012287987168009,5.083414406273975e-05,0.6049844189453125,,93.6,116.2,2026-09-04 19:59:19+00:00,False,True
GME,2026-09-11,GME260911P00011000,put,11.0,0.01,0.0,0.01,282,80,1.4375028125,19.15999984741211,-0.0019144295076314322,0.0015975239136494866,-0.001654762533275931,0.00016167849174549172,-7.465319462720234e-06,0.6049844189453125,,93.6,116.2,2026-09-04 18:15:00+00:00,True,False
GME,2026-09-11,GME260911P00012000,put,12.0,0.01,0.0,0.01,253,402,1.25000375,19.15999984741211,-0.0025937465743498533,0.0024190984757185463,-0.0018936576320528757,0.00021289283328959998,-1.0047714727222309e-05,0.6049844189453125,,93.6,116.2,2026-09-04 18:36:37+00:00,True,False
GME,2026-09-11,GME260911P00013000,put,13.0,0.01,0.01,0.02,104,528,1.21875390625,19.15999984741211,-0.008465657114235414,0.007123625666149374,-0.005297561947229808,0.0006112421417448425,-3.295075303969938e-05,0.6049844189453125,,93.6,116.2,2026-09-04 19:47:08+00:00,False,False
GME,2026-09-11,GME260911P00015000,put,15.0,0.02,0.02,0.03,65,299,0.87500125,19.15999984741211,-0.01837558185188448,0.01940561643512638,-0.007421146610012036,0.0011954524174258806,-7.061834161482326e-05,0.6049844189453125,,93.6,116.2,2026-09-04 19:35:09+00:00,False,False
GME,2026-09-11,GME260911P00016000,put,16.0,0.01,0.01,0.07,93,872,0.7421900781249999,19.15999984741211,-0.03481625252030096,0.039068029759177905,-0.010727072746161267,0.002041422194888764,-0.00013333113848023486,0.6049844189453125,,93.6,116.2,2026-09-04 19:59:13+00:00,False,True
GME,2026-09-11,GME260911P00016500,put,16.5,0.04,0.03,0.09,68,387,0.6953155468750001,19.15999984741211,-0.053663627547663406,0.05913389233827156,-0.01423021036139765,0.002894773474829546,-0.00020551551134679615,0.6049844189453125,,93.6,116.2,2026-09-04 19:52:46+00:00,False,True
GME,2026-09-11,GME260911P00017000,put,17.0,0.08,0.06,0.08,1350,839,0.6093789062500001,19.15999984741211,-0.07065559699676904,0.0836372761481024,-0.015426009436366066,0.0035882564618359663,-0.00026966476966847633,0.6049844189453125,,93.6,116.2,2026-09-04 19:59:58+00:00,False,False
GME,2026-09-11,GME260911P00017500,put,17.5,0.12,0.1,0.13,777,888,0.5742230078125,19.15999984741211,-0.11674092145330306,0.12876142314864727,-0.02103210755806793,0.005205501020487322,-0.0004462339502575896,0.6049844189453125,,93.6,116.2,2026-09-04 19:59:03+00:00,False,False
GME,2026-09-11,GME260911P00018000,put,18.0,0.2,0.2,0.21,798,2154,0.5664105859375,19.15999984741211,-0.19831941896061012,0.185336922992453,-0.029357357342839143,0.00739076661056134,-0.000761784184178804,0.6049844189453125,,93.6,116.2,2026-09-04 19:59:11+00:00,False,False
GME,2026-09-11,GME260911P00018500,put,18.5,0.37,0.35,0.39,871,1945,0.5820354296875,19.15999984741211,-0.3130955948124763,0.22942562320297907,-0.03821852660920964,0.009401291527317421,-0.0012129102843030095,0.6049844189453125,,93.6,116.2,2026-09-04 19:59:52+00:00,False,False
GME,2026-09-11,GME260911P00019000,put,19.0,0.61,0.58,0.61,1634,762,0.59570716796875,19.15999984741211,-0.4385990681679601,0.2493987733843204,-0.04328150647083857,0.010459798473337065,-0.0017156602015807845,0.6049844189453125,,93.6,116.2,2026-09-04 19:59:58+00:00,False,False
GME,2026-09-11,GME260911P00019500,put,19.5,0.9,0.74,1.09,137,1260,0.6425816992187501,19.15999984741211,-0.556615739151356,0.23162248335988647,-0.04651712769146011,0.010478647823155227,-0.0022098944691352675,0.6049844189453125,,93.6,116.2,2026-09-04 19:47:21+00:00,False,False
GME,2026-09-11,GME260911P00020000,put,20.0,1.22,1.2,1.34,611,545,0.6738313867187502,19.15999984741211,-0.6564808055184782,0.20573847745994422,-0.04508816289037789,0.009760294816392756,-0.002644501862608562,0.6049844189453125,,93.6,116.2,2026-09-04 19:52:29+00:00,False,False
GME,2026-09-11,GME260911P00021500,put,21.5,2.65,1.67,3.45,37,249,0.8125018749999999,19.15999984741211,-0.8312944428443689,0.11680443284452997,-0.03625232676104707,0.006681590805040485,-0.0035347931053156395,0.6049844189453125,,93.6,116.2,2026-09-04 18:24:04+00:00,False,True
GME,2026-09-11,GME260911P00022000,put,22.0,3.05,1.83,4.3,14,123,0.9179695703125,19.15999984741211,-0.8452217010768499,0.09773828032006651,-0.038787968701000694,0.006316684077426311,-0.0036820815021474506,0.6049844189453125,,93.6,116.2,2026-09-04 18:31:29+00:00,False,True
GME,2026-09-11,GME260911P00022500,put,22.5,3.45,2.87,4.0,68,359,0.7929708203125,19.15999984741211,-0.9191910911466736,0.0711964393954764,-0.019636115912098066,0.00397476685165985,-0.004028179032179152,0.6049844189453125,,93.6,116.2,2026-09-04 19:20:35+00:00,False,False
GME,2026-09-18,GME260918C00012000,call,12.0,6.95,7.0,7.65,17,207,1.60547072265625,19.15999984741211,0.9506790670160187,0.016933808655530142,-0.023441682405923054,0.0038280994529954885,0.004177694784577919,0.5517622949218751,,92.2,118.6,2026-09-02 15:58:25+00:00,False,False
GME,2026-09-18,GME260918C00015000,call,15.0,4.06,4.05,4.4,85,1747,0.7656273437500001,19.15999984741211,0.9573001902710692,0.031625415326764585,-0.011254185368875708,0.0034094148386343247,0.005408306766397647,0.5517622949218751,,92.2,118.6,2026-09-04 18:42:47+00:00,False,False
GME,2026-09-18,GME260918C00016500,call,16.5,2.75,2.7,2.9,37,198,0.6367223828125,19.15999984741211,0.8990783915679875,0.0739463645806997,-0.017050506763000985,0.0066296884257042,0.005528708819214462,0.5517622949218751,,92.2,118.6,2026-09-04 19:40:58+00:00,False,False
GME,2026-09-18,GME260918C00017000,call,17.0,2.31,2.0,2.49,84,733,0.74414318359375,19.15999984741211,0.8177318540076872,0.09471111402232885,-0.028179603722750052,0.009923928501811114,0.005054652932755381,0.5517622949218751,,92.2,118.6,2026-09-04 19:40:29+00:00,False,False
GME,2026-09-18,GME260918C00017500,call,17.5,1.9,1.42,2.04,26,358,0.6738313867187502,19.15999984741211,0.778526762794122,0.11755056861897961,-0.028605075076604883,0.011153268165690828,0.004939988669158261,0.5517622949218751,,92.2,118.6,2026-09-04 18:42:35+00:00,False,False
GME,2026-09-18,GME260918C00018000,call,18.0,1.52,1.42,1.61,510,4754,0.5371140039062501,19.15999984741211,0.7468246380912194,0.158722341297298,-0.024779432960668493,0.012004130567507326,0.004906545964599125,0.5517622949218751,,92.2,118.6,2026-09-04 19:53:29+00:00,False,False
GME,2026-09-18,GME260918C00018500,call,18.5,1.2,1.13,1.28,56,689,0.5478560839843751,19.15999984741211,0.6547680635980029,0.17926457959276068,-0.028612172381524106,0.013828884508152386,0.004351697543181925,0.5517622949218751,,92.2,118.6,2026-09-04 18:48:06+00:00,False,False
GME,2026-09-18,GME260918C00019000,call,19.0,0.94,0.9,0.98,589,5532,0.5566450585937501,19.15999984741211,0.5592318566836056,0.18888449626066964,-0.030772418895918162,0.014804742026686158,0.003752907979470147,0.5517622949218751,,92.2,118.6,2026-09-04 19:59:39+00:00,False,False
GME,2026-09-18,GME260918C00019500,call,19.5,0.73,0.69,0.77,229,646,0.569340244140625,19.15999984741211,0.46621079614948213,0.18606454990358404,-0.03145581748219593,0.014916320069932012,0.003151675847200639,0.5517622949218751,,92.2,118.6,2026-09-04 19:58:22+00:00,False,False
GME,2026-09-18,GME260918C00020000,call,20.0,0.59,0.55,0.6,6566,17737,0.5918009570312501,19.15999984741211,0.38372766168153627,0.1719624553635476,-0.031217359596523678,0.014329646421848662,0.0026056222065716245,0.5517622949218751,,92.2,118.6,2026-09-04 19:59:32+00:00,False,False
GME,2026-09-18,GME260918C00020500,call,20.5,0.44,0.3,0.58,113,708,0.6025430371093752,19.15999984741211,0.3093843239305799,0.1558988134050831,-0.029217604335388815,0.013226869101693186,0.00211171333926502,0.5517622949218751,,92.2,118.6,2026-09-04 19:53:40+00:00,False,False
GME,2026-09-18,GME260918C00021000,call,21.0,0.39,0.37,0.4,1403,4109,0.6543003320312502,19.15999984741211,0.2622085936152443,0.13268820530967446,-0.029204407214189387,0.012224627500320046,0.0017865618755526981,0.5517622949218751,,92.2,118.6,2026-09-04 19:56:52+00:00,False,False
GME,2026-09-18,GME260918C00021500,call,21.5,0.32,0.22,0.45,69,216,0.6972686523437501,19.15999984741211,0.22318527704500468,0.11409948807702862,-0.02843924651310208,0.01120237251888333,0.0015192583437414122,0.5517622949218751,,92.2,118.6,2026-09-04 19:52:16+00:00,False,True
GME,2026-09-18,GME260918C00022000,call,22.0,0.28,0.26,0.28,1017,10581,0.7148466015625,19.15999984741211,0.18311310871379927,0.09887778859557401,-0.025855499344321787,0.009952628086187857,0.0012493745238322134,0.5517622949218751,,92.2,118.6,2026-09-04 19:58:58+00:00,False,False
GME,2026-09-18,GME260918C00022500,call,22.5,0.22,0.17,0.28,462,384,0.7382838671874999,19.15999984741211,0.1524959885763374,0.08509083678312675,-0.023695711526603307,0.008845702860875264,0.0010415951133040556,0.5517622949218751,,92.2,118.6,2026-09-04 19:57:36+00:00,False,False
GME,2026-09-18,GME260918C00023000,call,23.0,0.21,0.19,0.22,1987,5748,0.7812521875,19.15999984741211,0.1346160032968765,0.07391689450990041,-0.02301565346741223,0.008131321497898619,0.000917702633763514,0.5517622949218751,,92.2,118.6,2026-09-04 19:59:33+00:00,False,False
GME,2026-09-18,GME260918C00024000,call,24.0,0.17,0.16,0.18,387,6137,0.8554701953125,19.15999984741211,0.10581419051464175,0.056962331858700026,-0.021220501748323434,0.006861496034770055,0.0007193513652987869,0.5517622949218751,,92.2,118.6,2026-09-04 19:57:36+00:00,False,False
GME,2026-09-18,GME260918C00025000,call,25.0,0.17,0.15,0.17,2707,11028,0.9492192578125,19.15999984741211,0.0921107551182132,0.04638192855504769,-0.021238318208926712,0.006199283777468576,0.0006224955228168566,0.5517622949218751,,92.2,118.6,2026-09-04 19:59:56+00:00,False,False
GME,2026-09-18,GME260918C00026000,call,26.0,0.15,0.14,0.18,240,3953,1.0488328808593752,19.15999984741211,0.08470400946419998,0.03943473329748154,-0.022018232400814866,0.005823866025972105,0.0005684289046879841,0.5517622949218751,,92.2,118.6,2026-09-04 19:52:16+00:00,False,False
GME,2026-09-18,GME260918C00027000,call,27.0,0.13,0.12,0.21,133,5271,1.1484417578125,19.15999984741211,0.08015056318955038,0.03454678162974024,-0.023104319581431176,0.005586537828075288,0.0005339615943992046,0.5517622949218751,,92.2,118.6,2026-09-04 19:59:06+00:00,False,False
GME,2026-09-18,GME260918C00028000,call,28.0,0.15,0.05,0.17,53,9593,1.1367230664062502,19.15999984741211,0.056574097668989146,0.026666748856630902,-0.017463465808855792,0.004268260500306592,0.0003794026235043708,0.5517622949218751,,92.2,118.6,2026-09-04 19:32:10+00:00,False,True
GME,2026-09-18,GME260918C00029000,call,29.0,0.14,0.03,0.17,28,1594,1.19141029296875,19.15999984741211,0.04932750346266171,0.022821378864545907,-0.016408324372970476,0.0038285066206943906,0.0003300862983743027,0.5517622949218751,,92.2,118.6,2026-09-04 15:18:55+00:00,False,True
GME,2026-09-18,GME260918C00030000,call,30.0,0.11,0.1,0.14,796,12328,1.3125034374999998,19.15999984741211,0.05388326726293544,0.022223260146517907,-0.019379463168144474,0.004107091642444388,0.00035677788244672855,0.5517622949218751,,92.2,118.6,2026-09-04 19:59:38+00:00,False,False
GME,2026-09-18,GME260918C00031000,call,31.0,0.1,0.07,0.13,99,420,1.3359408203124996,19.15999984741211,0.04448353059113036,0.018733132705999227,-0.01691863248419036,0.0035239018495744805,0.00029492767952035514,0.5517622949218751,,92.2,118.6,2026-09-04 19:56:35+00:00,False,False
GME,2026-09-18,GME260918C00032000,call,32.0,0.12,0.07,0.12,44,3995,1.390628046875,19.15999984741211,0.04092449106762092,0.016823169294677823,-0.016457191696059054,0.0032941621537816144,0.0002705939289366488,0.5517622949218751,,92.2,118.6,2026-09-04 17:17:10+00:00,False,False
GME,2026-09-18,GME260918C00033000,call,33.0,0.08,0.03,0.11,77,663,1.3828155859374998,19.15999984741211,0.031087476792657207,0.013505431805175215,-0.013060637014656611,0.002629655844315467,0.00020649276932787708,0.5517622949218751,,92.2,118.6,2026-09-04 19:49:54+00:00,False,True
GME,2026-09-18,GME260918C00035000,call,35.0,0.08,0.05,0.08,537,9748,1.484377578125,19.15999984741211,0.027389178894528278,0.011324929655116459,-0.012613148884350837,0.002367042591312567,0.00018096738606962124,0.5517622949218751,,92.2,118.6,2026-09-04 19:59:05+00:00,False,False
GME,2026-09-18,GME260918C00038000,call,38.0,0.05,0.04,0.11,33,4279,1.6796891015625,19.15999984741211,0.027985121323671397,0.010189237160717325,-0.014521789776745559,0.00240988738880046,0.00018239554527712227,0.5517622949218751,,92.2,118.6,2026-09-04 19:44:12+00:00,False,True
GME,2026-09-18,GME260918C00040000,call,40.0,0.01,0.01,0.06,791,3623,1.5937520312499998,19.15999984741211,0.014048065297565814,0.005984910864405493,-0.007678015384628133,0.00134308844191773,9.29437524109805e-05,0.5517622949218751,,92.2,118.6,2026-09-04 19:59:01+00:00,False,True
GME,2026-09-18,GME260918P00013000,put,13.0,0.01,0.0,0.02,23,298,0.8437515624999999,19.15999984741211,-0.007313541058981188,0.006397388548580102,-0.0022700497013055524,0.0007600523261060183,-5.681421368157664e-05,0.5517622949218751,,92.2,118.6,2026-09-04 14:39:39+00:00,True,False
GME,2026-09-18,GME260918P00014000,put,14.0,0.03,0.0,0.03,22,1309,0.73437765625,19.15999984741211,-0.011700441231181413,0.011088347020235824,-0.002974975249394417,0.0011466013208288675,-9.045320813021236e-05,0.5517622949218751,,92.2,118.6,2026-09-04 14:34:02+00:00,True,False
GME,2026-09-18,GME260918P00015000,put,15.0,0.05,0.02,0.05,94,3832,0.6796907031250001,19.15999984741211,-0.02744303322015529,0.02477307696617712,-0.005679463181530379,0.0023709230309020475,-0.000212446511005629,0.5517622949218751,,92.2,118.6,2026-09-04 19:59:46+00:00,False,True
GME,2026-09-18,GME260918P00016000,put,16.0,0.06,0.03,0.11,47,1306,0.6093789062500001,19.15999984741211,-0.05637537320077135,0.049605860259373115,-0.009107670900564576,0.004256440592480153,-0.00043637260605577173,0.5517622949218751,,92.2,118.6,2026-09-04 19:37:45+00:00,False,True
GME,2026-09-18,GME260918P00016500,put,16.5,0.1,0.05,0.14,18,154,0.570316796875,19.15999984741211,-0.07909798582393424,0.06887422204685094,-0.011047092466469708,0.005530941216294178,-0.0006120278756929366,0.5517622949218751,,92.2,118.6,2026-09-04 18:55:45+00:00,False,True
GME,2026-09-18,GME260918P00017000,put,17.0,0.13,0.12,0.24,122,3252,0.5898478515625001,19.15999984741211,-0.13354734773578614,0.09736813748249941,-0.016663895178727108,0.008086917978843528,-0.0010416054553942034,0.5517622949218751,,92.2,118.6,2026-09-04 19:59:24+00:00,False,False
GME,2026-09-18,GME260918P00017500,put,17.5,0.21,0.14,0.23,16,532,0.5410202148437502,19.15999984741211,-0.17712817971038697,0.12794936888108738,-0.018340727052014724,0.009747153699354404,-0.0013800361397565209,0.5517622949218751,,92.2,118.6,2026-09-04 19:39:58+00:00,False,False
GME,2026-09-18,GME260918P00018000,put,18.0,0.31,0.3,0.34,969,11660,0.508793974609375,19.15999984741211,-0.24327127699998263,0.16402887310477737,-0.020675574580984027,0.011751368215287874,-0.001898644586790664,0.5517622949218751,,92.2,118.6,2026-09-04 19:53:01+00:00,False,False
GME,2026-09-18,GME260918P00018500,put,18.5,0.51,0.35,0.65,17,544,0.516606396484375,19.15999984741211,-0.3387016511029399,0.18873694121191462,-0.024378375148186967,0.013729125193719494,-0.0026660885171792253,0.5517622949218751,,92.2,118.6,2026-09-04 19:47:52+00:00,False,False
GME,2026-09-18,GME260918P00019000,put,19.0,0.72,0.64,0.89,630,8532,0.5468795312500001,19.15999984741211,-0.4404795828639074,0.19223636584809034,-0.027657901087155653,0.014803124450617162,-0.003513134561853467,0.5517622949218751,,92.2,118.6,2026-09-04 19:57:06+00:00,False,False
GME,2026-09-18,GME260918P00019500,put,19.5,1.01,0.54,1.13,111,66,0.6084023535156251,19.15999984741211,-0.5286789259830176,0.17429381773213584,-0.03090872397958221,0.014931348839980249,-0.004298250611237636,0.5517622949218751,,92.2,118.6,2026-09-04 19:48:24+00:00,False,True
GME,2026-09-18,GME260918P00020000,put,20.0,1.5,1.23,1.57,48,8730,0.5810588769531251,19.15999984741211,-0.619167490324594,0.1747438591928694,-0.02786011814040841,0.014297109288527215,-0.005066291875533605,0.5517622949218751,,92.2,118.6,2026-09-04 18:02:44+00:00,False,False
GME,2026-09-18,GME260918P00020500,put,20.5,2.22,1.59,1.92,62,151,0.5839885351562499,19.15999984741211,-0.6974559399561687,0.15926843110730582,-0.025252069055433948,0.013096649262053511,-0.005777136824803043,0.5517622949218751,,92.2,118.6,2026-09-01 19:25:08+00:00,False,False
GME,2026-09-18,GME260918P00021000,put,21.0,2.22,2.08,2.23,14,6111,0.5976602734375001,19.15999984741211,-0.7606811746699718,0.13840191763315313,-0.022577073674903227,0.011647230505922429,-0.006395063399862864,0.5517622949218751,,92.2,118.6,2026-09-04 19:56:16+00:00,False,False
GME,2026-09-18,GME260918P00022000,put,22.0,3.07,2.89,3.3,15,5455,0.70117486328125,19.15999984741211,-0.8222272867001936,0.0989512060442903,-0.021890924549398217,0.009769528499662863,-0.007206889362418823,0.5517622949218751,,92.2,118.6,2026-09-04 19:22:58+00:00,False,False
GME,2026-09-18,GME260918P00024000,put,24.0,5.2,4.8,5.25,45,613,0.87500125,19.15999984741211,-0.8882809139414287,0.057908611683325416,-0.019285251461712657,0.007134737518700948,-0.008430338380056827,0.5517622949218751,,92.2,118.6,2026-09-02 14:11:09+00:00,False,False
GME,2026-09-18,GME260918P00026000,put,26.0,8.09,6.2,7.3,20,651,1.40625296875,19.15999984741211,-0.8324154492817806,0.04751626517605241,-0.044081694559529226,0.009408749878635003,-0.008882079723884922,0.5517622949218751,,92.2,118.6,2026-08-25 16:01:41+00:00,False,False
GME,2026-09-18,GME260918P00029000,put,29.0,10.31,8.95,11.0,10,65,1.2656286718749998,19.15999984741211,-0.9382757424903913,0.025644678672894494,-0.016838676099422155,0.004570142484708224,-0.01069274055362578,0.5517622949218751,,92.2,118.6,2026-09-01 19:51:58+00:00,False,False
GME,2026-09-25,GME260925C00016000,call,16.0,2.77,2.99,4.25,208,57,0.90820404296875,19.15999984741211,0.8288138946352561,0.06089806666189068,-0.026938330929376204,0.01168165481478223,0.007047728589874216,0.6084023535156251,,86.4,100.3,2026-08-31 19:35:47+00:00,False,False
GME,2026-09-25,GME260925C00018000,call,18.0,1.66,1.36,2.01,35,253,0.5498091894531252,19.15999984741211,0.7127089795154995,0.13487191146227118,-0.02214078211242827,0.015662134158469457,0.006879432004456757,0.6084023535156251,,86.4,100.3,2026-09-04 19:38:58+00:00,False,False
GME,2026-09-25,GME260925C00018500,call,18.5,1.36,1.06,1.47,14,237,0.6015664843750002,19.15999984741211,0.6311945781775348,0.13642552108168807,-0.026281984684974762,0.01733391593895409,0.006109306958410071,0.6084023535156251,,86.4,100.3,2026-09-04 19:52:40+00:00,False,False
GME,2026-09-25,GME260925C00019000,call,19.0,1.09,1.03,1.22,70,609,0.5585981640625001,19.15999984741211,0.5600319194398851,0.1536375532915688,-0.025423483157758206,0.018126515183253814,0.005524248240418348,0.6084023535156251,,86.4,100.3,2026-09-04 19:57:40+00:00,False,False
GME,2026-09-25,GME260925C00019500,call,19.5,0.89,0.75,0.98,277,265,0.5419967675781252,19.15999984741211,0.48079036267548014,0.15997451224654277,-0.024776091798374537,0.01831322891024613,0.004802476820456297,0.6084023535156251,,86.4,100.3,2026-09-04 19:56:39+00:00,False,False
GME,2026-09-25,GME260925C00020000,call,20.0,0.73,0.7,0.79,1545,1525,0.5820354296875,19.15999984741211,0.4141309766756107,0.14567437478706435,-0.025802479546325963,0.017908120893121424,0.004138805705332802,0.6084023535156251,,86.4,100.3,2026-09-04 19:59:29+00:00,False,False
GME,2026-09-25,GME260925C00021000,call,21.0,0.51,0.44,0.52,1446,952,0.5996133789062501,19.15999984741211,0.2926532721657794,0.12474637488471187,-0.02325830771793867,0.01579853007582382,0.0029547924101750163,0.6084023535156251,,86.4,100.3,2026-09-04 19:59:43+00:00,False,False
GME,2026-09-25,GME260925C00022000,call,22.0,0.37,0.31,0.43,114,1501,0.6650424121093752,19.15999984741211,0.22104405438582064,0.09714023487754349,-0.022136435769246628,0.013644760740313367,0.0022295842769027847,0.6084023535156251,,86.4,100.3,2026-09-04 19:53:13+00:00,False,False
GME,2026-09-25,GME260925C00022500,call,22.5,0.35,0.16,0.47,21,380,0.684573466796875,19.15999984741211,0.189705229649624,0.08617095204151243,-0.020764271927276538,0.012459436081633126,0.001915948567184837,0.6084023535156251,,86.4,100.3,2026-09-04 16:52:57+00:00,False,True
GME,2026-09-25,GME260925C00023000,call,23.0,0.28,0.25,0.34,384,1605,0.7246121289062499,19.15999984741211,0.17168400782922327,0.0764693674143773,-0.020603198450012614,0.011703359064109324,0.0017294742220678283,0.6084023535156251,,86.4,100.3,2026-09-04 19:57:43+00:00,False,False
GME,2026-09-25,GME260925C00023500,call,23.5,0.29,0.25,0.5,207,132,0.8437515624999999,19.15999984741211,0.18581012154962784,0.06902417872176922,-0.025149872717977455,0.012300797551216927,0.0018412938771507738,0.6084023535156251,,86.4,100.3,2026-09-04 18:02:21+00:00,False,False
GME,2026-09-25,GME260925C00024000,call,24.0,0.34,0.13,0.33,129,1075,0.7695335546875001,19.15999984741211,0.13299789776605636,0.060764750955533284,-0.018414754598904223,0.009876355560516146,0.0013400992969812655,0.6084023535156251,,86.4,100.3,2026-09-04 19:53:49+00:00,False,True
GME,2026-09-25,GME260925C00025000,call,25.0,0.23,0.21,0.24,321,1915,0.85742330078125,19.15999984741211,0.11963770104805094,0.050656828729973874,-0.019013074667316776,0.009173830517067647,0.001196353175211439,0.6084023535156251,,86.4,100.3,2026-09-04 19:58:04+00:00,False,False
GME,2026-09-25,GME260925C00026000,call,26.0,0.2,0.17,0.23,41,326,0.914063359375,19.15999984741211,0.10211353823680258,0.04241883512462138,-0.01806537715334054,0.008189407300752943,0.0010182125578663947,0.6084023535156251,,86.4,100.3,2026-09-04 19:57:43+00:00,False,False
GME,2026-09-25,GME260925C00027000,call,27.0,0.19,0.11,0.24,204,197,0.96289099609375,19.15999984741211,0.08735732171001442,0.035890967068467096,-0.01694128499285715,0.007299274881006116,0.0008693363606593754,0.6084023535156251,,86.4,100.3,2026-09-04 18:23:44+00:00,False,True
GME,2026-09-25,GME260925C00028000,call,28.0,0.2,0.0,0.66,173,415,1.2128945605468748,19.15999984741211,0.12534426714939195,0.037000760904940026,-0.02765996132045295,0.00947875147265535,0.0012045765263088443,0.6084023535156251,,86.4,100.3,2026-09-04 19:31:31+00:00,True,False
GME,2026-09-25,GME260925C00029000,call,29.0,0.16,0.12,0.2,202,80,1.083988955078125,19.15999984741211,0.07311227603702872,0.027866671410670247,-0.016638303052354225,0.006380098543299438,0.0007213092874214978,0.6084023535156251,,86.4,100.3,2026-09-04 19:58:11+00:00,False,False
GME,2026-09-25,GME260925C00030000,call,30.0,0.16,0.15,0.17,134,1167,1.1484417578125,19.15999984741211,0.06950407453165941,0.025300423572370397,-0.016943253885207902,0.006136972824338212,0.0006821077375680043,0.6084023535156251,,86.4,100.3,2026-09-04 19:48:30+00:00,False,False
GME,2026-09-25,GME260925C00031000,call,31.0,0.28,0.09,0.26,28,159,1.234378828125,19.15999984741211,0.07114138846280163,0.023964267247867287,-0.018527169144617,0.0062478421859908494,0.0006920692488581616,0.6084023535156251,,86.4,100.3,2026-09-04 19:54:58+00:00,False,True
GME,2026-09-25,GME260925C00035000,call,35.0,0.13,0.11,0.16,59,3174,1.3867218164062498,19.15999984741211,0.050870767732879275,0.01640722871048621,-0.015983525114535505,0.004805537968584972,0.0004913620749956048,0.6084023535156251,,86.4,100.3,2026-09-04 19:49:23+00:00,False,False
GME,2026-09-25,GME260925P00010000,put,10.0,0.03,0.0,0.01,40,378,1.000005,19.15999984741211,-0.002236016930406093,0.0015264475226235274,-0.0007613215408280136,0.00032240478789128757,-2.6513527674613224e-05,0.6084023535156251,,86.4,100.3,2026-08-27 18:52:27+00:00,True,False
GME,2026-09-25,GME260925P00017000,put,17.0,0.19,0.1,0.42,52,531,0.5576216113281252,19.15999984741211,-0.16288826589446037,0.0960575233072964,-0.014560608217466397,0.011313276843556415,-0.001930722115692067,0.6084023535156251,,86.4,100.3,2026-09-04 18:56:04+00:00,False,True
GME,2026-09-25,GME260925P00018000,put,18.0,0.44,0.33,0.85,29,690,0.5898478515625001,19.15999984741211,-0.29719262620026843,0.12771435977773374,-0.021490027314465386,0.015910988629550607,-0.0035925098730032984,0.6084023535156251,,86.4,100.3,2026-09-04 19:36:56+00:00,False,True
GME,2026-09-25,GME260925P00019000,put,19.0,0.85,0.55,1.15,380,347,0.65820654296875,19.15999984741211,-0.4402735201842135,0.13040233240211094,-0.027104931603594312,0.018128630086832433,-0.005483116647036335,0.6084023535156251,,86.4,100.3,2026-09-04 19:52:59+00:00,False,True
GME,2026-09-25,GME260925P00019500,put,19.5,1.18,1.05,1.48,168,115,0.5742230078125,19.15999984741211,-0.515137698418463,0.15106295047307708,-0.02353130914876119,0.018321287314546658,-0.006373548662762832,0.6084023535156251,,86.4,100.3,2026-09-04 19:46:37+00:00,False,False
GME,2026-09-25,GME260925P00021000,put,21.0,2.57,1.8,3.15,14,156,0.69336244140625,19.15999984741211,-0.6739714702639019,0.11309448185021544,-0.025243853850766582,0.016562243323821696,-0.008812188488474109,0.6084023535156251,,86.4,100.3,2026-09-02 19:43:02+00:00,False,False
GME,2026-09-25,GME260925P00022500,put,22.5,3.87,2.97,4.05,14,142,0.56055126953125,19.15999984741211,-0.865744414670205,0.08396041674372284,-0.010523487407237438,0.009940480069769027,-0.011522840118193932,0.6084023535156251,,86.4,100.3,2026-09-02 19:16:00+00:00,False,False
GME,2026-10-02,GME261002C00018000,call,18.0,1.7,1.53,1.91,58,368,0.596683720703125,19.15999984741211,0.6857149943796073,0.11207900564284348,-0.021601968303408967,0.018833222092236507,0.008596252190850478,0.5732464550781251,,95.4,108.3,2026-09-04 17:32:14+00:00,False,False
GME,2026-10-02,GME261002C00018500,call,18.5,1.43,1.04,1.83,38,302,0.506840869140625,19.15999984741211,0.6357876355368255,0.13964662462788555,-0.019509337363414158,0.019932337830040187,0.008227054937298002,0.5732464550781251,,95.4,108.3,2026-09-04 18:46:48+00:00,False,False
GME,2026-10-02,GME261002C00019000,call,19.0,1.21,1.11,1.39,136,397,0.5449264257812501,19.15999984741211,0.5621565162148903,0.1362792798576272,-0.021652523701766225,0.020913362657257104,0.0072916930910290586,0.5732464550781251,,95.4,108.3,2026-09-04 19:57:11+00:00,False,False
GME,2026-10-02,GME261002C00019500,call,19.5,1.1,0.8,1.18,97,205,0.5302781347656251,19.15999984741211,0.4919372135259765,0.1417390615299886,-0.021197063163294245,0.02116651907869449,0.006462131149136456,0.5732464550781251,,95.4,108.3,2026-09-04 19:53:17+00:00,False,False
GME,2026-10-02,GME261002C00020000,call,20.0,0.81,0.81,0.92,285,2575,0.5634809277343751,19.15999984741211,0.4315932639189995,0.13144824867107538,-0.022001891796350835,0.02085884200939331,0.0056749975903876634,0.5732464550781251,,95.4,108.3,2026-09-04 19:56:26+00:00,False,False
GME,2026-10-02,GME261002C00020500,call,20.5,0.7,0.49,1.96,43,155,0.8168963623046874,19.15999984741211,0.4330174492882236,0.09072673625962528,-0.031415650383324466,0.0208717286398973,0.005427250137190307,0.5732464550781251,,95.4,108.3,2026-09-04 17:35:28+00:00,False,True
GME,2026-10-02,GME261002C00021000,call,21.0,0.6,0.5,0.66,180,384,0.57617611328125,19.15999984741211,0.3188990914519224,0.11678838618405288,-0.02025467137953913,0.018950081248941802,0.0042403181216273044,0.5732464550781251,,95.4,108.3,2026-09-04 19:59:45+00:00,False,False
GME,2026-10-02,GME261002C00022000,call,22.0,0.45,0.38,0.5,47,409,0.6210975390625001,19.15999984741211,0.2434764447214804,0.09505726025142068,-0.019019690145429032,0.016626516619728547,0.0032433792574509705,0.5732464550781251,,95.4,108.3,2026-09-04 19:56:37+00:00,False,False
GME,2026-10-02,GME261002C00023000,call,23.0,0.37,0.3,0.5,58,375,0.70312796875,19.15999984741211,0.2058449389229004,0.07633237239400348,-0.01946394317455958,0.015114692053707407,0.002722454557483071,0.5732464550781251,,95.4,108.3,2026-09-04 19:54:04+00:00,False,False
GME,2026-10-02,GME261002C00024000,call,24.0,0.34,0.29,0.43,144,405,0.770510107421875,19.15999984741211,0.1760007377921352,0.06327096555829595,-0.01930348270109772,0.013729002107444505,0.002316154240125065,0.5732464550781251,,95.4,108.3,2026-09-04 19:24:16+00:00,False,False
GME,2026-10-02,GME261002C00025000,call,25.0,0.32,0.19,0.34,46,1237,0.7812521875,19.15999984741211,0.13487942617006682,0.05233729772055623,-0.016383002032328828,0.01151486130251531,0.001784705567549586,0.5732464550781251,,95.4,108.3,2026-09-04 19:35:50+00:00,False,False
GME,2026-10-02,GME261002C00027000,call,27.0,0.27,0.15,0.4,12,291,0.93945373046875,19.15999984741211,0.12031371707543442,0.04019883054529777,-0.01812097198867242,0.010635183401684395,0.0015648159272481808,0.5732464550781251,,95.4,108.3,2026-09-04 19:52:42+00:00,False,True
GME,2026-10-02,GME261002C00029000,call,29.0,0.24,0.18,0.28,51,405,1.0253954980468751,19.15999984741211,0.09613745288335085,0.03133419633241591,-0.016790211486935398,0.009048282180908642,0.0012445061932233941,0.5732464550781251,,95.4,108.3,2026-09-04 19:25:30+00:00,False,False
GME,2026-10-02,GME261002C00030000,call,30.0,0.19,0.18,0.22,92,2362,1.05078599609375,19.15999984741211,0.08349950998428735,0.02753508197860456,-0.015482242909262598,0.008148108802595033,0.0010813740477197953,0.5732464550781251,,95.4,108.3,2026-09-04 19:54:44+00:00,False,False
GME,2026-10-02,GME261002C00035000,call,35.0,0.1,0.1,0.17,93,675,1.2089883300781248,19.15999984741211,0.05256425923531223,0.016727792694625997,-0.012416337719196544,0.005695304071232977,0.0006759296438296351,0.5732464550781251,,95.4,108.3,2026-09-04 19:56:15+00:00,False,False
GME,2026-10-02,GME261002P00016500,put,16.5,0.23,0.0,0.59,26,126,0.58789474609375,19.15999984741211,-0.15317941394361967,0.07578433041906993,-0.012733058746910065,0.012546863298808157,-0.002457221150561772,0.5732464550781251,,95.4,108.3,2026-09-01 19:26:41+00:00,True,False
GME,2026-10-02,GME261002P00017000,put,17.0,0.33,0.17,0.5,25,363,0.5380905566406251,19.15999984741211,-0.18330883646834462,0.09294597782465992,-0.013010383474992091,0.014084522908449882,-0.0029293402582986215,0.5732464550781251,,95.4,108.3,2026-09-04 19:58:58+00:00,False,True
GME,2026-10-02,GME261002P00017500,put,17.5,0.37,0.35,0.62,304,606,0.5468795312500001,19.15999984741211,-0.2421646226323071,0.10764247932771298,-0.015492520038577632,0.016577976915359477,-0.0039034502294164075,0.5732464550781251,,95.4,108.3,2026-09-03 19:44:00+00:00,False,False
GME,2026-10-02,GME261002P00018000,put,18.0,0.49,0.43,0.65,28,122,0.5449264257812501,19.15999984741211,-0.30339168224980495,0.12084395523543894,-0.01716607308411203,0.01854466404149136,-0.004924765663412228,0.5732464550781251,,95.4,108.3,2026-09-04 19:57:19+00:00,False,False
GME,2026-10-02,GME261002P00018500,put,18.5,0.76,0.53,0.74,33,208,0.49023947265625,19.15999984741211,-0.36155550589639496,0.14401738198968603,-0.016362098088166122,0.01988288303827822,-0.005845991661983863,0.5732464550781251,,95.4,108.3,2026-09-04 18:46:48+00:00,False,False
GME,2026-10-02,GME261002P00019000,put,19.0,0.99,0.68,1.21,50,129,0.6015664843750002,19.15999984741211,-0.4377569194424842,0.12344375752731548,-0.02115821554781304,0.02091264351128635,-0.007317447292968885,0.5732464550781251,,95.4,108.3,2026-09-04 18:54:46+00:00,False,False
GME,2026-10-02,GME261002P00020000,put,20.0,1.63,1.11,1.78,48,447,0.5996133789062501,19.15999984741211,-0.5604969643560814,0.12393059860804546,-0.020701862567814637,0.020926954563967922,-0.009550388983421844,0.5732464550781251,,95.4,108.3,2026-09-04 19:31:30+00:00,False,False
GME,2026-10-02,GME261002P00021000,put,21.0,2.93,2.0,3.05,10,88,0.629886513671875,19.15999984741211,-0.6614392353302977,0.10943841015117271,-0.01976445490454639,0.019412803324173417,-0.01159768259915402,0.5732464550781251,,95.4,108.3,2026-09-01 15:13:51+00:00,False,False
GME,2026-10-02,GME261002P00022000,put,22.0,3.31,2.8,4.15,51,97,0.7324245507812499,19.15999984741211,-0.7126043557905621,0.08769524739447139,-0.02132329967660292,0.018088190383147875,-0.013071868969251742,0.5732464550781251,,95.4,108.3,2026-09-03 16:12:22+00:00,False,False
GME,2026-10-02,GME261002P00023000,put,23.0,4.13,3.55,4.75,40,75,0.6425816992187501,19.15999984741211,-0.8201228117805672,0.07691681173107387,-0.013262944236243449,0.013918928251149938,-0.015167997946314609,0.5732464550781251,,95.4,108.3,2026-09-04 19:31:30+00:00,False,False
GME,2026-10-02,GME261002P00023500,put,23.5,4.96,4.0,5.5,37,127,0.7587914746093751,19.15999984741211,-0.8018316299219999,0.0691418719958368,-0.017277520107600818,0.014774736559550472,-0.015355328807298918,0.5732464550781251,,95.4,108.3,2026-09-02 17:58:08+00:00,False,False
GME,2026-10-09,GME261009C00018000,call,18.0,1.89,1.61,1.98,518,455,0.567387138671875,19.15999984741211,0.6810345828913641,0.10608607445616117,-0.018686103984072586,0.021188687162845117,0.01058084207310628,0.51562984375,,115.2,112.9,2026-09-04 19:24:53+00:00,False,False
GME,2026-10-09,GME261009C00018500,call,18.5,1.54,0.92,2.22,13,543,0.5136767382812499,19.15999984741211,0.6293184524119977,0.123960336803273,-0.01788093404173705,0.022415004442449336,0.010025874586588325,0.51562984375,,115.2,112.9,2026-09-04 19:16:59+00:00,False,True
GME,2026-10-09,GME261009C00019000,call,19.0,1.29,1.17,1.4,43,158,0.5039112109375,19.15999984741211,0.564538974445259,0.13168605850163123,-0.018117545743970623,0.02335930956006205,0.009112640537046439,0.51562984375,,115.2,112.9,2026-09-04 19:57:39+00:00,False,False
GME,2026-10-09,GME261009C00019500,call,19.5,1.06,0.74,1.62,11,98,0.5556685058593751,19.15999984741211,0.5046571540868484,0.1209989491565297,-0.019947876851338153,0.023668109160482433,0.008118909422148438,0.51562984375,,115.2,112.9,2026-09-04 18:44:22+00:00,False,True
GME,2026-10-09,GME261009C00020000,call,20.0,0.94,0.87,1.0,10,153,0.5356491748046875,19.15999984741211,0.44162871072261844,0.12418362607973857,-0.018946776100383537,0.023415905646923894,0.007200327331892682,0.51562984375,,115.2,112.9,2026-09-04 19:37:51+00:00,False,False
GME,2026-10-09,GME261009C00020500,call,20.5,0.82,0.29,1.31,30,51,0.5507857421875001,19.15999984741211,0.38860416117568064,0.1172892549351802,-0.01880190710783733,0.02274087125046178,0.006359873258101557,0.51562984375,,115.2,112.9,2026-09-04 15:25:11+00:00,False,True
GME,2026-10-09,GME261009C00021000,call,21.0,0.69,0.61,0.75,39,420,0.5629926513671876,19.15999984741211,0.3404231855088041,0.10974593455013568,-0.018291835418738005,0.02174990426598102,0.005592485234294425,0.51562984375,,115.2,112.9,2026-09-04 19:34:25+00:00,False,False
GME,2026-10-09,GME261009C00022000,call,22.0,0.62,0.33,0.64,34,500,0.5820354296875,19.15999984741211,0.257794467850472,0.0935163822394195,-0.016540755803063457,0.01916034398727561,0.004265300165501519,0.51562984375,,115.2,112.9,2026-09-04 15:14:45+00:00,False,False
GME,2026-10-09,GME261009C00023000,call,23.0,0.5,0.44,1.14,50,203,0.8359391406249999,19.15999984741211,0.2885170152877623,0.06885060515301854,-0.024844313494135527,0.02026042749031292,0.004545351009475605,0.51562984375,,115.2,112.9,2026-09-04 19:31:23+00:00,False,True
GME,2026-10-09,GME261009C00024000,call,24.0,0.37,0.29,0.45,33,166,0.6972686523437501,19.15999984741211,0.1806313218434542,0.06356744853376281,-0.015965500809850264,0.015602748324107543,0.0029654327008601057,0.51562984375,,115.2,112.9,2026-09-04 19:49:57+00:00,False,False
GME,2026-10-09,GME261009C00025000,call,25.0,0.36,0.27,0.46,34,194,0.772463212890625,19.15999984741211,0.1653766090020804,0.05424247336594941,-0.016661017807100987,0.014749709709435814,0.0026910431361585325,0.51562984375,,115.2,112.9,2026-09-04 14:14:00+00:00,False,False
GME,2026-10-09,GME261009C00029000,call,29.0,0.29,0.21,0.39,34,65,0.98242205078125,19.15999984741211,0.11613285221717262,0.033533154594529026,-0.01654042946426597,0.011596814100291435,0.001853347340489473,0.51562984375,,115.2,112.9,2026-09-04 19:32:32+00:00,False,False
GME,2026-10-09,GME261009C00030000,call,30.0,0.28,0.0,0.62,73,126,1.0468797656250002,19.15999984741211,0.11386547958232407,0.031030290110238758,-0.017359523078381886,0.011435333216468202,0.0018024719736730655,0.51562984375,,115.2,112.9,2026-09-04 19:29:43+00:00,True,False
GME,2026-10-09,GME261009P00018500,put,18.5,0.79,0.67,0.9,54,73,0.5097705273437501,19.15999984741211,-0.3701849231141543,0.12485590421355859,-0.015229132762927129,0.022405260078709636,-0.007611483115486909,0.51562984375,,115.2,112.9,2026-09-04 19:59:52+00:00,False,False
GME,2026-10-16,GME261016C00004000,call,4.0,15.25,14.15,16.3,182,274,2.3437541406249998,19.15999984741211,0.9912286462839126,0.0015600649636996616,-0.0048233042747898355,0.0015445506846605832,0.004315285282450418,0.518559501953125,,88.7,126.6,2026-09-04 19:47:59+00:00,False,False
GME,2026-10-16,GME261016C00005000,call,5.0,14.25,13.75,14.7,240,208,2.0156299609375,19.15999984741211,0.9896950317715042,0.0020884764718577843,-0.004912958234906501,0.001778229540996217,0.005426321770653469,0.518559501953125,,88.7,126.6,2026-09-04 19:46:58+00:00,False,False
GME,2026-10-16,GME261016C00014000,call,14.0,5.35,5.0,5.5,58,253,0.5937540625000001,19.15999984741211,0.9542091019035646,0.024908828236132545,-0.006191904608185673,0.006247515186825089,0.014917123481681211,0.518559501953125,,88.7,126.6,2026-09-04 15:31:58+00:00,False,False
GME,2026-10-16,GME261016C00015000,call,15.0,4.27,3.95,4.7,235,3355,0.56836369140625,19.15999984741211,0.9186165391262286,0.04076951444596451,-0.008432141084366239,0.009788345581853845,0.015196582832051317,0.518559501953125,,88.7,126.6,2026-09-04 17:29:29+00:00,False,False
GME,2026-10-16,GME261016C00016000,call,16.0,3.35,3.05,3.8,35,515,0.5273484765625001,19.15999984741211,0.8705834434992407,0.06152882792330714,-0.010411415909973217,0.013706411505444629,0.015175341378425543,0.518559501953125,,88.7,126.6,2026-09-04 17:55:08+00:00,False,False
GME,2026-10-16,GME261016C00017000,call,17.0,2.6,2.51,2.98,129,1598,0.5712933496093751,19.15999984741211,0.7715007105176317,0.08147860200533072,-0.015014295399788234,0.019663017505248057,0.013786570018211753,0.518559501953125,,88.7,126.6,2026-09-04 19:54:53+00:00,False,False
GME,2026-10-16,GME261016C00018000,call,18.0,1.95,1.88,1.98,606,12261,0.5195360546875,19.15999984741211,0.6826550094828804,0.10553553999723451,-0.015838967843921095,0.023161242687412882,0.012716323414155208,0.518559501953125,,88.7,126.6,2026-09-04 19:51:05+00:00,False,False
GME,2026-10-16,GME261016C00019000,call,19.0,1.37,1.33,1.42,1579,9273,0.5127001855468749,19.15999984741211,0.5668094905654172,0.1180389506964168,-0.016891503755438166,0.02556443761946051,0.01081971243669149,0.518559501953125,,88.7,126.6,2026-09-04 19:55:45+00:00,False,False
GME,2026-10-16,GME261016C00020000,call,20.0,1.05,1.0,1.05,2018,18446,0.5249070947265625,19.15999984741211,0.45238638724858604,0.11610368748117392,-0.017130358499224528,0.025743991571274584,0.008762973170057514,0.518559501953125,,88.7,126.6,2026-09-04 19:59:37+00:00,False,False
GME,2026-10-16,GME261016C00021000,call,21.0,0.79,0.75,0.82,421,4833,0.5585981640625001,19.15999984741211,0.35986434391365013,0.10303351827518813,-0.01700204291845856,0.02431226732509736,0.007009281595090962,0.518559501953125,,88.7,126.6,2026-09-04 19:56:35+00:00,False,False
GME,2026-10-16,GME261016C00022000,call,22.0,0.63,0.62,0.67,1073,18651,0.6054726953125001,19.15999984741211,0.2938209414748308,0.08751678956271972,-0.016815441630423218,0.022383776925937845,0.0057220522293417045,0.518559501953125,,88.7,126.6,2026-09-04 19:59:08+00:00,False,False
GME,2026-10-16,GME261016C00023000,call,23.0,0.5,0.52,0.59,564,10097,0.6562534375000001,19.15999984741211,0.24717087076477395,0.07405313709681503,-0.01660974311369267,0.020528748821608444,0.004801222337472246,0.518559501953125,,88.7,126.6,2026-09-04 19:53:41+00:00,False,False
GME,2026-10-16,GME261016C00024000,call,24.0,0.46,0.42,0.49,589,6126,0.6865265722656251,19.15999984741211,0.2044041172295662,0.06356634913147334,-0.015539838306801359,0.018434529123504222,0.0039767008722295,0.518559501953125,,88.7,126.6,2026-09-04 19:59:42+00:00,False,False
GME,2026-10-16,GME261016C00025000,call,25.0,0.41,0.39,0.42,2391,27986,0.7304714453125,19.15999984741211,0.1770702366215844,0.0547013451170913,-0.015087211390467386,0.016879076365884794,0.0034357425946468013,0.518559501953125,,88.7,126.6,2026-09-04 19:54:51+00:00,False,False
GME,2026-10-16,GME261016C00026000,call,26.0,0.37,0.33,0.4,288,5063,0.773439765625,19.15999984741211,0.15614456981822117,0.047633131478611604,-0.01468906860741752,0.015562632402111736,0.0030205887263338427,0.518559501953125,,88.7,126.6,2026-09-04 19:50:46+00:00,False,False
GME,2026-10-16,GME261016C00027000,call,27.0,0.35,0.32,0.39,151,3894,0.8281267187499999,19.15999984741211,0.14454631760588632,0.042257161986500834,-0.014904242795428051,0.01478238645206567,0.002778747603159692,0.518559501953125,,88.7,126.6,2026-09-04 19:52:03+00:00,False,False
GME,2026-10-16,GME261016C00028000,call,28.0,0.37,0.3,0.37,358,2292,0.8710950390625,19.15999984741211,0.13206526032078286,0.03777400734418375,-0.014715341015407791,0.01389971928165731,0.002529099423294871,0.518559501953125,,88.7,126.6,2026-09-04 19:59:42+00:00,False,False
GME,2026-10-16,GME261016C00029000,call,29.0,0.33,0.24,0.38,143,1524,0.9072274902343748,19.15999984741211,0.12015330595017121,0.03395617402310301,-0.01432785190877522,0.013013148345351166,0.0022950968997063927,0.518559501953125,,88.7,126.6,2026-09-04 17:09:36+00:00,False,False
GME,2026-10-16,GME261016C00030000,call,30.0,0.3,0.28,0.35,653,19410,0.9619144433593748,19.15999984741211,0.1163685637219089,0.03130907951265572,-0.014831118167141633,0.012721964338795378,0.0022069801500879875,0.518559501953125,,88.7,126.6,2026-09-04 19:58:58+00:00,False,False
GME,2026-10-16,GME261016C00032000,call,32.0,0.29,0.28,0.29,512,31170,1.0312548437500002,19.15999984741211,0.10117953966771448,0.026408778986082748,-0.01435084035712557,0.01150434115321941,0.0019079836157549978,0.518559501953125,,88.7,126.6,2026-09-04 19:58:51+00:00,False,False
GME,2026-10-16,GME261016C00033000,call,33.0,0.23,0.14,0.32,91,908,1.0234423828125,19.15999984741211,0.08442832156725821,0.023275506868587557,-0.012450849699128179,0.01006259454464752,0.001602280092175487,0.518559501953125,,88.7,126.6,2026-09-04 18:31:01+00:00,False,True
GME,2026-10-16,GME261016C00034000,call,34.0,0.24,0.16,0.29,83,744,1.05859845703125,19.15999984741211,0.08051735871118365,0.021713163749262968,-0.012417676033705348,0.009709610146142869,0.0015226954923068033,0.518559501953125,,88.7,126.6,2026-09-04 19:29:01+00:00,False,False
GME,2026-10-16,GME261016C00035000,call,35.0,0.25,0.15,0.25,286,3783,1.0722702636718753,19.15999984741211,0.07230793384093129,0.019752029163697893,-0.011583550640364797,0.008946711001789169,0.001368903730218905,0.518559501953125,,88.7,126.6,2026-09-04 19:59:26+00:00,False,False
GME,2026-10-16,GME261016C00036000,call,36.0,0.24,0.0,0.4,20,526,1.109379453125,19.15999984741211,0.07044312328981257,0.018712257101011848,-0.011739315599560539,0.008769073746889677,0.0013279486589358742,0.518559501953125,,88.7,126.6,2026-09-04 18:29:54+00:00,True,False
GME,2026-10-16,GME261016C00037000,call,37.0,0.21,0.18,0.27,41,896,1.171879140625,19.15999984741211,0.07461523092455728,0.018512526370555876,-0.012950762459798329,0.00916422920228479,0.001392714241665658,0.518559501953125,,88.7,126.6,2026-09-04 18:29:54+00:00,False,False
GME,2026-10-16,GME261016C00038000,call,38.0,0.24,0.2,0.31,234,1122,1.2382850585937497,19.15999984741211,0.07979123233797442,0.018435706597207915,-0.014391109806378468,0.009643348210292465,0.0014731823373597707,0.518559501953125,,88.7,126.6,2026-09-04 19:28:40+00:00,False,False
GME,2026-10-16,GME261016C00039000,call,39.0,0.19,0.17,0.26,227,210,1.228519482421875,19.15999984741211,0.06899548673816516,0.01662962416415882,-0.012774127447412383,0.008630022156819954,0.0012811670244063942,0.518559501953125,,88.7,126.6,2026-09-04 19:29:18+00:00,False,False
GME,2026-10-16,GME261016C00040000,call,40.0,0.22,0.15,0.22,67,4616,1.224613251953125,19.15999984741211,0.06053245576530223,0.01507045031735677,-0.011499972739017003,0.00779601404516044,0.0011287498865812018,0.518559501953125,,88.7,126.6,2026-09-04 19:59:24+00:00,False,False
GME,2026-10-16,GME261016C00042000,call,42.0,0.18,0.15,0.19,19,939,1.2656286718749998,19.15999984741211,0.05479547248002917,0.013483703162699534,-0.01098283860675465,0.0072087990020534565,0.00101921722891166,0.518559501953125,,88.7,126.6,2026-09-04 19:57:46+00:00,False,False
GME,2026-10-16,GME261016C00045000,call,45.0,0.14,0.0,0.18,12,625,1.21484767578125,19.15999984741211,0.032018587080562974,0.009094606405109335,-0.006822114220713463,0.0046671650988775425,0.0006068127254055773,0.518559501953125,,88.7,126.6,2026-09-04 15:04:36+00:00,True,False
GME,2026-10-16,GME261016C00050000,call,50.0,0.14,0.11,0.15,1270,27548,1.41015919921875,19.15999984741211,0.039713797486516135,0.009347560805793916,-0.00943479272321993,0.005568187772735286,0.0007319467680471499,0.518559501953125,,88.7,126.6,2026-09-04 19:58:14+00:00,False,False
GME,2026-10-16,GME261016P00005000,put,5.0,0.01,0.0,0.01,40,381,1.4375028125,19.15999984741211,-0.0013038116122514598,0.000459529686624944,-0.00047356560125806873,0.0002790420826042197,-3.3286734926454016e-05,0.518559501953125,,88.7,126.6,2026-09-02 13:56:24+00:00,True,False
GME,2026-10-16,GME261016P00010000,put,10.0,0.02,0.0,0.03,13,266,0.8281267187499999,19.15999984741211,-0.0066495362567747796,0.0034599443170926316,-0.0011740563522877985,0.001210356578471373,-0.00016121285925224053,0.518559501953125,,88.7,126.6,2026-09-03 15:38:10+00:00,True,False
GME,2026-10-16,GME261016P00015000,put,15.0,0.09,0.09,0.2,12,1065,0.5488326367187502,19.15999984741211,-0.07510992139291361,0.03972811262053118,-0.005803032081217142,0.00921054419865201,-0.0018050030993837251,0.518559501953125,,88.7,126.6,2026-09-04 16:28:44+00:00,False,True
GME,2026-10-16,GME261016P00017000,put,17.0,0.33,0.32,0.37,185,1909,0.460942890625,19.15999984741211,-0.18944289792248403,0.09041679152108226,-0.009117434405299652,0.017605308568362125,-0.0045639692139421125,0.518559501953125,,88.7,126.6,2026-09-04 19:57:50+00:00,False,False
GME,2026-10-16,GME261016P00018000,put,18.0,0.7,0.62,0.68,442,4439,0.459966337890625,19.15999984741211,-0.3032224155105665,0.11686454983609958,-0.011551809123923755,0.022706817451081596,-0.0074085200402898566,0.518559501953125,,88.7,126.6,2026-09-04 19:56:42+00:00,False,False
GME,2026-10-16,GME261016P00019000,put,19.0,1.1,0.88,1.29,150,3315,0.524418818359375,19.15999984741211,-0.4331232945702128,0.11539793931558935,-0.014655952369845382,0.025563702203697473,-0.010950865118838582,0.518559501953125,,88.7,126.6,2026-09-04 19:43:15+00:00,False,False
GME,2026-10-16,GME261016P00020000,put,20.0,1.76,1.6,1.98,35,8044,0.569340244140625,19.15999984741211,-0.5381656090021018,0.10731761487390443,-0.015822059675661915,0.0258101378273888,-0.014042200443927115,0.518559501953125,,88.7,126.6,2026-09-04 19:05:13+00:00,False,False
GME,2026-10-16,GME261016P00024000,put,24.0,5.33,5.0,5.4,12,1561,0.632816171875,19.15999984741211,-0.8199282520856759,0.06381477539394846,-0.010005039084789655,0.01705871221986328,-0.02390796132867856,0.518559501953125,,88.7,126.6,2026-09-02 19:47:25+00:00,False,False
GME,2026-10-16,GME261016P00025000,put,25.0,6.45,5.9,6.5,45,1724,0.7041045214843751,19.15999984741211,-0.8340759228605759,0.05443994639575174,-0.010553233214870464,0.016192065449381187,-0.025361905945890318,0.518559501953125,,88.7,126.6,2026-09-02 15:03:30+00:00,False,False
GME,2026-10-16,GME261016P00028000,put,28.0,9.61,8.75,9.3,20,166,0.7500025,19.15999984741211,-0.9100997272141815,0.03328639138489317,-0.005813027291613165,0.010545735024291259,-0.030263847076009456,0.518559501953125,,88.7,126.6,2026-08-31 18:27:39+00:00,False,False
GME,2026-10-16,GME261016P00030000,put,30.0,10.98,10.45,11.8,82,309,0.937500625,19.15999984741211,-0.8911754272796755,0.03062270316789093,-0.009695970498431029,0.012127255266062753,-0.032246941727863083,0.518559501953125,,88.7,126.6,2026-09-04 19:22:58+00:00,False,False
GME,2026-10-16,GME261016P00032000,put,32.0,13.1,12.65,13.3,30,272,0.8789074609374999,19.15999984741211,-0.9396686013011561,0.0209436026107123,-0.003917599844089286,0.007775744261713725,-0.03543375776927146,0.518559501953125,,88.7,126.6,2026-09-04 17:57:50+00:00,False,False
GNTX,2026-10-16,GNTX261016C00025000,call,25.0,0.17,0.0,0.3,60,59,0.2900461621093749,23.13999938964844,0.24884725316394118,0.13923436027816405,-0.009336563606707824,0.024882651631674912,0.006255958207626896,0.561527822265625,,74.6,51.7,2026-09-02 18:21:13+00:00,True,False
GTES,2026-09-18,GTES260918C00030000,call,30.0,0.27,0.0,0.25,14,78,0.53320779296875,25.950000762939453,0.09371942840572794,0.06174988094716848,-0.01651256870414763,0.008504377579524021,0.0008891883741041315,0.344733115234375,,102.5,125.2,2026-08-18 18:29:47+00:00,True,False
GTES,2026-09-18,GTES260918P00028000,put,28.0,3.05,2.05,2.2,2000,686,0.35938140625,25.950000762939453,-0.8456182456528205,0.13012003762152735,-0.01220369792954379,0.012078408260397773,-0.009237199256111066,0.344733115234375,,102.5,125.2,2026-09-02 15:55:42+00:00,False,False
GTX,2026-09-18,GTX260918C00029000,call,29.0,0.45,0.0,1.1,18,161,0.6787141503906251,27.96999931335449,0.42419633522650213,0.1053603712695468,-0.053491827262799746,0.02145775482602262,0.004140297975496487,0.5581098876953126,,179.5,135.1,2026-09-04 17:26:36+00:00,True,False
GTX,2026-10-16,GTX261016P00034000,put,34.0,3.95,8.2,8.5,23,68,1.126957490234375,27.96999931335449,-0.6196253451052083,0.03562036115922729,-0.04499030953123583,0.03613659182833544,-0.029325428262468325,0.5979044116210939,,114.9,123.0,2026-07-01 19:32:54+00:00,False,False
GXO,2026-09-18,GXO260918C00047500,call,47.5,1.8,1.55,1.9,12,60,0.37500625,48.31999969482422,0.6163394129508583,0.10760112426111615,-0.05221649088284256,0.03613635399095034,0.010692588483770976,0.3645083081054687,,110.2,106.9,2026-09-04 19:50:53+00:00,False,False
GXO,2026-09-18,GXO260918P00040000,put,40.0,0.01,0.0,0.05,10,2874,0.492192578125,48.31999969482422,-0.021258091077688723,0.010946374939143485,-0.008335578063838443,0.004824967554009958,-0.0004085136190287237,0.3645083081054687,,110.2,106.9,2026-09-04 13:45:20+00:00,True,False
GXO,2026-09-18,GXO260918P00042500,put,42.5,0.15,0.05,0.15,16,527,0.45117736328125,48.31999969482422,-0.06446459525685388,0.02950650316627428,-0.018766985297728033,0.011922135758309837,-0.0012424189275148975,0.3645083081054687,,110.2,106.9,2026-09-04 18:55:55+00:00,False,True
GXO,2026-09-18,GXO260918P00045000,put,45.0,0.25,0.05,0.4,25,208,0.4018614501953125,48.31999969482422,-0.16648088930627147,0.06565193032967294,-0.03276048762840517,0.023627232996995127,-0.003219375803215514,0.3645083081054687,,110.2,106.9,2026-09-04 19:37:01+00:00,False,True
GXO,2026-09-18,GXO260918P00047500,put,47.5,1.04,0.7,1.0,13,84,0.3540103662109374,48.31999969482422,-0.3785865649895047,0.11352459305456558,-0.04287270634532195,0.03599108589675985,-0.007368597219511159,0.3645083081054687,,110.2,106.9,2026-09-04 18:55:55+00:00,False,False
GXO,2026-10-16,GXO261016P00037500,put,37.5,0.15,0.0,0.1,10,163,0.42188078125,48.31999969482422,-0.029839150040241957,0.009795924135714713,-0.005367401095195394,0.01110313004089778,-0.0017558025601016791,0.3857483300781249,,95.3,106.2,2026-09-02 16:12:03+00:00,True,False
GXO,2026-10-16,GXO261016P00042500,put,42.5,0.8,0.2,0.7,13,321,0.42774009765625,48.31999969482422,-0.15944945537433952,0.03462569601723112,-0.019120773761279325,0.03979135680104265,-0.009589088844780345,0.3857483300781249,,95.3,106.2,2026-09-02 17:17:16+00:00,False,True
HAWK,2026-09-18,HAWK260918P00017500,put,17.5,1.01,0.7,2.05,312,470,0.9257819921875,17.360000610351562,-0.47729918648309255,0.12654067752419423,-0.04345907574832489,0.013541710584003505,-0.003681305925543528,0.7622094091796876,,91.0,95.8,2026-09-04 19:05:38+00:00,False,True
HAWK,2026-09-18,HAWK260918P00025000,put,25.0,3.95,6.8,8.3,51,51,1.8320320898437497,17.360000610351562,-0.7972174077096921,0.04532054511421698,-0.05977840458570589,0.009597604397618961,-0.008451659580657763,0.7622094091796876,,91.0,95.8,2026-08-21 18:18:09+00:00,False,False
HAWK,2026-10-16,HAWK261016C00022500,call,22.5,0.35,0.0,0.5,201,261,0.63867548828125,17.360000610351562,0.14407344847279813,0.06033973967515185,-0.010469004552196013,0.013364095763501178,0.0025864343665315155,0.67187828125,,110.8,95.9,2026-09-03 17:40:03+00:00,True,False
HAWK,2026-10-16,HAWK261016P00015000,put,15.0,0.55,0.4,1.05,10,242,0.74414318359375,17.360000610351562,-0.23334910389167018,0.06985294892342134,-0.015320756967896264,0.018025908040915646,-0.00544420743702283,0.67187828125,,110.8,95.9,2026-09-04 19:07:49+00:00,False,True
HAWK,2026-10-16,HAWK261016P00017500,put,17.5,1.66,1.5,1.9,111,102,0.684573466796875,17.360000610351562,-0.45767340303584914,0.09840303690520796,-0.017726996321790093,0.023360625241143764,-0.01101387297568697,0.67187828125,,110.8,95.9,2026-09-04 19:05:38+00:00,False,False
HAYW,2026-10-16,HAYW261016C00018000,call,18.0,0.25,0.0,0.9,126,97,0.831056376953125,13.920000076293944,0.22649519119922723,0.07671385198896045,-0.014433483052423755,0.014214748424031016,0.003108684394605969,0.5302781347656251,,67.8,156.7,2026-07-23 14:53:59+00:00,True,False
HAYW,2026-10-16,HAYW261016P00013000,put,13.0,0.27,0.15,0.3,30,305,0.35938140625,13.920000076293944,-0.25173515857057804,0.1879485219577336,-0.005925988767716013,0.015060154238890231,-0.004345088438328186,0.5302781347656251,,67.8,156.7,2026-09-02 15:13:10+00:00,False,False
HBAN,2026-09-18,HBAN260918C00017000,call,17.0,0.3,0.2,0.45,25,923,0.3164130859374999,17.030000686645508,0.5360094874002465,0.3764864868933119,-0.016163426607786874,0.01325160040129045,0.0033277967359740114,0.32715516601562494,,115.8,90.1,2026-09-04 19:59:25+00:00,False,True
HBAN,2026-09-18,HBAN260918C00018000,call,18.0,0.05,0.0,0.1,33,6493,0.2949289257812499,17.030000686645508,0.1848705480979762,0.271242671208301,-0.009791474588914289,0.008898972892226287,0.0011704836923523967,0.32715516601562494,,115.8,90.1,2026-09-04 19:36:08+00:00,True,False
HBAN,2026-09-18,HBAN260918P00016000,put,16.0,0.1,0.05,0.15,10,376,0.3789124609375,17.030000686645508,-0.18308993448344657,0.2098549705249329,-0.011525245104354273,0.008845505361550885,-0.0012460357556189918,0.32715516601562494,,115.8,90.1,2026-09-04 19:44:49+00:00,False,True
HBAN,2026-09-18,HBAN260918P00017000,put,17.0,0.35,0.25,0.45,17,4929,0.33789724609375,17.030000686645508,-0.464655281209301,0.35260157001485115,-0.014852850169479376,0.013253585867252893,-0.0031955211795757317,0.32715516601562494,,115.8,90.1,2026-09-04 15:50:10+00:00,False,False
HBAN,2026-09-18,HBAN260918P00018000,put,18.0,1.25,0.8,1.5,3000,3068,0.6621127539062501,17.030000686645508,-0.6359167774594607,0.17006465942066135,-0.027938082044773004,0.012525945834836447,-0.004709255194476424,0.32715516601562494,,115.8,90.1,2026-09-03 15:24:29+00:00,False,False
HBAN,2026-10-16,HBAN261016C00015000,call,15.0,1.9,1.75,2.45,18,74,0.532231240234375,17.030000686645508,0.7953617288401185,0.0923126012900889,-0.011901539485633017,0.016396347297495797,0.012706449104720033,0.2680737255859374,,125.0,86.3,2026-09-02 14:31:03+00:00,False,False
HBAN,2026-10-16,HBAN261016C00018000,call,18.0,0.18,0.1,0.2,38,1756,0.231452998046875,17.030000686645508,0.27658413952223726,0.25025906209767773,-0.005941462757385222,0.0193302904728336,0.005167750331493046,0.2680737255859374,,125.0,86.3,2026-09-04 19:49:38+00:00,False,False
HBAN,2026-10-16,HBAN261016C00019000,call,19.0,0.05,0.0,0.1,70,17430,0.2724682128906249,17.030000686645508,0.14099414850498443,0.14208795090085036,-0.00450480284623383,0.012919891047803035,0.0026377476629994017,0.2680737255859374,,125.0,86.3,2026-09-04 19:57:22+00:00,True,False
HBAN,2026-10-16,HBAN261016C00020000,call,20.0,0.05,0.0,0.1,26,495,0.35742830078125,17.030000686645508,0.11165196737044814,0.09204419195539223,-0.004917684520184293,0.010979209769980458,0.0020657470494979155,0.2680737255859374,,125.0,86.3,2026-09-02 18:19:11+00:00,True,False
HBAN,2026-10-16,HBAN261016P00009000,put,9.0,0.06,0.0,0.2,112,1761,1.1328168359375002,17.030000686645508,-0.030968398642680972,0.010674661605886348,-0.005357557336745486,0.0040355205969560696,-0.0007115751113817781,0.2680737255859374,,125.0,86.3,2026-05-08 19:42:53+00:00,True,False
HBAN,2026-10-16,HBAN261016P00012000,put,12.0,0.08,0.0,0.3,10,1311,0.7539087109375,17.030000686645508,-0.06435321227308566,0.028887792877929405,-0.006354481703847043,0.007268066291403113,-0.0014169385752850028,0.2680737255859374,,125.0,86.3,2026-08-03 14:16:42+00:00,True,False
HBAN,2026-10-16,HBAN261016P00015000,put,15.0,0.13,0.05,0.3,21,922,0.45898978515625,17.030000686645508,-0.17618213041510034,0.09763335092782638,-0.007723489430822669,0.014955019116454383,-0.0037646988937796643,0.2680737255859374,,125.0,86.3,2026-09-03 15:07:53+00:00,False,True
HBAN,2026-10-16,HBAN261016P00017000,put,17.0,0.55,0.5,0.65,12,3283,0.2851633984374999,17.030000686645508,-0.4498376831017433,0.2402547955337646,-0.0066312586489949525,0.022863968004400125,-0.009497095527452424,0.2680737255859374,,125.0,86.3,2026-09-04 17:06:05+00:00,False,False
HBAN,2026-10-16,HBAN261016P00018000,put,18.0,1.21,0.95,1.65,3045,6058,0.4580132324218751,17.030000686645508,-0.5955448156683008,0.1464332849766407,-0.010599697805365921,0.02238224201462123,-0.013476168574579972,0.2680737255859374,,125.0,86.3,2026-09-03 18:54:26+00:00,False,False
HDB,2026-09-18,HDB260918C00025000,call,25.0,0.05,0.0,0.15,19,412,0.3711000390625,23.18000030517578,0.16421739799774893,0.14689246577065862,-0.015391703234066653,0.011234469435397004,0.0014056485921637284,0.44775942871093743,,69.8,82.9,2026-09-04 19:36:59+00:00,True,False
HDB,2026-10-16,HDB261016C00020000,call,20.0,3.2,2.7,3.9,100,517,0.6455113574218749,23.18000030517578,0.7909248841491573,0.05663341407912058,-0.019337833016736392,0.022602679756749535,0.016534932429072436,0.398443515625,,84.8,279.7,2026-09-02 14:41:50+00:00,False,False
HDB,2026-10-16,HDB261016C00025000,call,25.0,0.25,0.25,0.45,40,5890,0.344733115234375,23.18000030517578,0.2950474682468014,0.12729757899465202,-0.012006778518238158,0.027132289899041692,0.007322951349812423,0.398443515625,,84.8,279.7,2026-09-03 15:26:26+00:00,False,False
HDB,2026-10-16,HDB261016P00020000,put,20.0,0.08,0.0,0.25,20,1155,0.42188078125,23.18000030517578,-0.1265524070174714,0.06259159820705158,-0.007767374277634608,0.016326349269869325,-0.003631785917197671,0.398443515625,,84.8,279.7,2026-09-02 15:25:26+00:00,True,False
HDB,2026-10-16,HDB261016P00022500,put,22.5,0.53,0.45,0.75,21,1528,0.33789724609375,23.18000030517578,-0.35670820555897453,0.14035991868245948,-0.010568873897789492,0.029323179628960486,-0.010303675691949263,0.398443515625,,84.8,279.7,2026-09-04 19:41:31+00:00,False,False
HDB,2026-10-16,HDB261016P00025000,put,25.0,2.03,2.0,2.55,2021,2564,0.4443414941406249,23.18000030517578,-0.6509684300978752,0.10590636335576681,-0.012990419773789872,0.029095258966249506,-0.020162782314882263,0.398443515625,,84.8,279.7,2026-09-04 19:41:31+00:00,False,False
HII,2026-09-18,HII260918C00320000,call,320.0,0.5,0.0,1.85,53,98,0.4838918798828125,285.92999267578125,0.1313019717172651,0.007860850741197996,-0.21104821214292674,0.11928133249360943,0.013742311847600188,0.3297796514892577,,112.8,102.3,2026-09-03 19:37:01+00:00,True,False
HII,2026-09-18,HII260918P00280000,put,280.0,3.96,3.0,4.7,10,140,0.3183661914062499,285.92999267578125,-0.3452957198451012,0.020672821143212824,-0.22055701026612679,0.20638650029616015,-0.039505211824378786,0.3297796514892577,,112.8,102.3,2026-09-04 19:46:01+00:00,False,False
HII,2026-10-16,HII261016C00350000,call,350.0,0.5,0.0,0.7,100,51,0.3476627734374999,285.92999267578125,0.05406457498502887,0.003254468723192129,-0.04607125091619704,0.10644227415605986,0.01693834525515026,0.3170386900329589,,99.7,110.0,2026-09-04 18:07:36+00:00,True,False
HLMN,2026-10-16,HLMN261016C00010000,call,10.0,0.3,0.0,0.1,12,70,0.523442265625,7.679999828338623,0.08605769617926579,0.11517227039955986,-0.002633324597498525,0.004091622534896836,0.0007026449215005577,0.659183095703125,,107.9,212.4,2026-08-04 16:27:18+00:00,True,False
HON,2026-09-04,HON260904C00210000,call,210.0,0.05,0.0,0.1,12,50,0.05665005859375,209.6100006103516,,,,,,0.32520206054687506,,,,2026-09-04 19:54:04+00:00,True,False
HON,2026-09-04,HON260904C00225000,call,225.0,0.63,0.0,3.7,10,64,1.5478538232421872,209.6100006103516,,,,,,0.32520206054687506,,,,2026-09-04 18:37:53+00:00,True,False
HON,2026-09-04,HON260904P00205000,put,205.0,0.06,0.0,0.05,31,174,0.2500075,209.6100006103516,,,,,,0.32520206054687506,,,,2026-09-04 19:30:30+00:00,True,False
HON,2026-09-04,HON260904P00207500,put,207.5,0.05,0.0,0.3,48,140,0.2363357617187499,209.6100006103516,,,,,,0.32520206054687506,,,,2026-09-04 19:32:49+00:00,True,False
HON,2026-09-04,HON260904P00210000,put,210.0,1.3,0.0,2.8,20,84,0.5937540625000001,209.6100006103516,,,,,,0.32520206054687506,,,,2026-09-04 19:37:29+00:00,True,False
HON,2026-09-04,HON260904P00212500,put,212.5,2.75,1.9,4.3,25,121,0.5908244042968751,209.6100006103516,,,,,,0.32520206054687506,,,,2026-09-04 19:51:38+00:00,False,True
HON,2026-09-11,HON260911P00200000,put,200.0,0.34,0.0,1.3,40,102,0.3796448754882812,209.6100006103516,-0.17433329281125154,0.02333439892255805,-0.19726891232157834,0.0746454489397006,-0.007211144434585251,0.3795228063964844,,81.0,64.5,2026-09-04 19:48:59+00:00,True,False
HON,2026-09-11,HON260911P00207500,put,207.5,1.96,0.5,1.9,204,255,0.2298660998535156,209.6100006103516,-0.3579795832037198,0.05595911287936746,-0.16745462831962576,0.1083864325878308,-0.014707185712530513,0.3795228063964844,,81.0,64.5,2026-09-04 19:42:49+00:00,False,True
HON,2026-09-11,HON260911P00210000,put,210.0,3.53,1.6,4.9,86,144,0.3795228063964844,209.6100006103516,-0.4963473600823606,0.036210906440370075,-0.29905080823842317,0.11579943732071823,-0.02081414277713534,0.3795228063964844,,81.0,64.5,2026-09-04 19:17:11+00:00,False,True
HON,2026-09-11,HON260911P00212500,put,212.5,4.99,2.95,5.7,13,143,0.3284979260253906,209.6100006103516,-0.6014802627947441,0.04047625663424937,-0.24488602965866274,0.11203717428462395,-0.02519935238031409,0.3795228063964844,,81.0,64.5,2026-09-04 19:44:24+00:00,False,False
HON,2026-09-18,HON260918C00145000,call,145.0,80.67,86.3,89.8,20,50,3.5396740023803708,209.6100006103516,0.810833269222403,0.0018624604192314554,-1.4158658995477524,0.11109883062268557,0.03188809423390388,0.34174242248535147,,92.4,104.5,2026-06-23 15:10:50+00:00,False,False
HON,2026-09-18,HON260918C00215000,call,215.0,2.12,1.15,4.4,246,50,0.393560751953125,209.6100006103516,0.3951277785436298,0.023834534875732807,-0.2329457883695623,0.1580802567409451,0.03010636031568032,0.34174242248535147,,92.4,104.5,2026-09-04 19:49:55+00:00,False,True
HON,2026-09-18,HON260918C00220000,call,220.0,1.06,0.65,1.3,132,510,0.2771068383789062,209.6100006103516,0.2035622401478535,0.024872161084383285,-0.1206216257507927,0.11615019273356396,0.015880425247234455,0.34174242248535147,,92.4,104.5,2026-09-04 19:59:48+00:00,False,False
HON,2026-09-18,HON260918C00225000,call,225.0,0.5,0.3,1.6,12,71,0.3783021154785155,209.6100006103516,0.1858294695191009,0.017235911135412483,-0.15358803664117762,0.10988342455135061,0.014355182957299513,0.34174242248535147,,92.4,104.5,2026-09-04 19:50:37+00:00,False,True
HON,2026-09-18,HON260918C00240000,call,240.0,0.1,0.05,0.35,64,1049,0.398443515625,209.6100006103516,0.04731929907872878,0.006033660942314023,-0.058968191940965926,0.040514159610572476,0.0036848955564158003,0.34174242248535147,,92.4,104.5,2026-09-04 15:59:30+00:00,False,True
HON,2026-09-18,HON260918C00350000,call,350.0,0.1,0.05,0.9,10,55,1.224613251953125,209.6100006103516,0.022230387410371238,0.0010532437506341882,-0.09565224891064011,0.02173636986541419,0.0016398310843845313,0.34174242248535147,,92.4,104.5,2026-06-26 18:31:03+00:00,False,True
HON,2026-09-18,HON260918P00195000,put,195.0,0.5,0.2,0.9,16,459,0.3227606787109374,209.6100006103516,-0.11411828585676176,0.014569402293579078,-0.08796872743486862,0.07924676180672865,-0.009464949446205155,0.34174242248535147,,92.4,104.5,2026-09-04 16:53:55+00:00,False,True
HON,2026-09-18,HON260918P00197500,put,197.5,1.1,0.05,1.55,12,56,0.3440007006835937,209.6100006103516,-0.17221130537414875,0.018068130586336387,-0.12355737375145208,0.10474461808849961,-0.014361573648726995,0.34174242248535147,,92.4,104.5,2026-09-03 16:51:09+00:00,False,True
HON,2026-09-18,HON260918P00207500,put,207.5,3.2,2.8,3.5,65,200,0.2653882055664062,209.6100006103516,-0.39838040801911045,0.03542387014569751,-0.1382873449906268,0.15842977114199727,-0.033249360742955425,0.34174242248535147,,92.4,104.5,2026-09-04 19:45:26+00:00,False,False
HON,2026-09-18,HON260918P00210000,put,210.0,4.8,3.9,5.7,19,585,0.3243475769042968,209.6100006103516,-0.4869612249654732,0.029945928504824536,-0.17490043653337653,0.16368452064236658,-0.04118555417747523,0.34174242248535147,,92.4,104.5,2026-09-04 19:43:16+00:00,False,False
HON,2026-09-18,HON260918P00220000,put,220.0,12.0,10.2,12.6,27,954,0.347540704345703,209.6100006103516,-0.7416908774814588,0.022658656321998205,-0.14176365648680642,0.13270857899462613,-0.06427809200203931,0.34174242248535147,,92.4,104.5,2026-09-04 19:43:16+00:00,False,False
HON,2026-09-18,HON260918P00240000,put,240.0,32.07,28.3,32.5,40,59,0.6289099609375001,209.6100006103516,-0.8466228517548102,0.009165586042824135,-0.18951444871818418,0.09714218813638867,-0.0802964410514791,0.34174242248535147,,92.4,104.5,2026-09-04 18:41:38+00:00,False,False
HON,2026-09-25,HON260925C00220000,call,220.0,1.65,1.4,2.15,10,147,0.2833323620605468,209.6100006103516,0.26253369634801216,0.022883725233838147,-0.11780382124190128,0.1638978797903755,0.030400315038758962,0.31140825317382814,,121.0,91.0,2026-09-04 19:40:40+00:00,False,False
HON,2026-10-16,HON261016C00210000,call,210.0,8.3,7.7,9.1,26,330,0.3236151623535155,209.6100006103516,0.5360015362035175,0.017267035906237474,-0.1229165948186896,0.2825056109725847,0.11826840487027193,0.30292445129394524,,96.9,102.9,2026-09-04 19:54:01+00:00,False,False
HON,2026-10-16,HON261016C00220000,call,220.0,3.8,3.5,5.1,218,549,0.3195868823242186,209.6100006103516,0.3673106060174219,0.016575947950036227,-0.11170316735594903,0.26782292191929874,0.08237967947845856,0.30292445129394524,,96.9,102.9,2026-09-04 19:37:22+00:00,False,False
HON,2026-10-16,HON261016C00230000,call,230.0,1.65,1.5,2.5,20,456,0.3116523913574218,209.6100006103516,0.2204079945158121,0.013376107884802613,-0.08415725809443876,0.21075634144443758,0.05009378994428302,0.30292445129394524,,96.9,102.9,2026-09-04 18:22:05+00:00,False,False
HON,2026-10-16,HON261016C00250000,call,250.0,0.39,0.3,0.95,23,2773,0.3575503698730469,209.6100006103516,0.0893498212574994,0.006353198012554674,-0.05131247203196819,0.11484445930981951,0.020397976027572314,0.30292445129394524,,96.9,102.9,2026-09-04 19:58:26+00:00,False,True
HON,2026-10-16,HON261016P00190000,put,190.0,1.8,1.0,2.2,16,555,0.3187934332275389,209.6100006103516,-0.15491460451297856,0.010508579667387972,-0.059566164564903545,0.16936895670126706,-0.039581329544443246,0.30292445129394524,,96.9,102.9,2026-09-04 18:19:36+00:00,False,True
HON,2026-10-16,HON261016P00200000,put,200.0,4.1,3.2,4.3,17,464,0.2935861657714843,209.6100006103516,-0.28135757085764823,0.016163467799077808,-0.07524586846536575,0.23991121704953527,-0.0722808482823618,0.30292445129394524,,96.9,102.9,2026-09-04 18:21:30+00:00,False,False
HON,2026-10-16,HON261016P00210000,put,210.0,9.0,7.0,8.3,23,308,0.282233740234375,209.6100006103516,-0.46472041669771724,0.019801966020573537,-0.08055212060146905,0.28255153209779754,-0.12081794407680452,0.30292445129394524,,96.9,102.9,2026-09-03 16:24:10+00:00,False,False
HST,2026-09-18,HST260918P00021000,put,21.0,0.2,0.0,0.25,50,1217,0.36914693359375,22.049999237060547,-0.23039778787369913,0.19066233105935698,-0.016578182095384687,0.013125519225124442,-0.002033541870727895,0.3930724755859375,,93.9,93.7,2026-09-01 18:32:48+00:00,True,False
HST,2026-10-16,HST261016C00018000,call,18.0,7.15,0.0,0.0,14,80,1.0000000000000004e-05,22.049999237060547,1.0,0.0,-0.0024516076305061735,0.0,0.020593504096251856,1.0000000000000004e-05,,4687553.1,6250037.5,2026-06-29 14:45:14+00:00,True,False
HST,2026-10-16,HST261016C00023280,call,23.28,0.29,0.0,0.95,16,115,0.4790091162109374,22.049999237060547,0.41394240401285765,0.10874644910314903,-0.01773482550829738,0.02914287859266833,0.009375489084530933,1.0000000000000004e-05,,4687553.1,6250037.5,2026-09-03 17:08:54+00:00,True,False
HST,2026-10-16,HST261016C00025280,call,25.28,0.14,0.0,0.65,68,125,0.5664105859375,22.049999237060547,0.27911707900510724,0.079334147282317,-0.0177038418448403,0.025139990145914656,0.00631670600655356,1.0000000000000004e-05,,4687553.1,6250037.5,2026-09-04 15:19:41+00:00,True,False
HST,2026-10-16,HST261016C00026000,call,26.0,1.01,0.0,0.0,68,94,0.12500875,22.049999237060547,9.609687597974975e-05,0.0004078064286857173,-4.531878249986408e-06,2.8521217714437157e-05,2.4137595502893686e-06,1.0000000000000004e-05,,4687553.1,6250037.5,2026-06-29 15:06:13+00:00,True,False
HST,2026-10-16,HST261016P00013280,put,13.28,0.05,0.0,0.95,20,54,1.2968785156249998,22.049999237060547,-0.08292938022256746,0.015747275024412647,-0.017328616885350107,0.011425580950586984,-0.0026155227965643157,1.0000000000000004e-05,,4687553.1,6250037.5,2026-07-28 13:34:28+00:00,True,False
IPGP,2026-09-18,IPGP260918C00075000,call,75.0,5.06,3.0,6.7,10,109,0.5051319018554687,78.0,0.6791432544660695,0.046395827710709936,-0.10525619759879032,0.05469002237959713,0.018460603105372387,0.6158485681152345,,102.6,91.9,2026-09-04 16:41:37+00:00,False,True
IPGP,2026-09-18,IPGP260918P00060000,put,60.0,0.23,0.1,0.35,65,69,0.7851583984375,78.0,-0.03628250559206636,0.006635177301083371,-0.03367773162073117,0.012157217578985071,-0.0011557662996741185,0.6158485681152345,,102.6,91.9,2026-08-28 14:11:27+00:00,False,True
IVR,2026-09-18,IVR260918C00008000,call,8.0,0.02,0.0,0.05,10,137,0.4726615234375,7.199999809265137,0.14204521993353114,0.33724943511242744,-0.005484224351982369,0.003169579303622847,0.00037444636248717793,0.3671938281249999,,87.2,793.6,2026-08-26 19:09:19+00:00,True,False
IVR,2026-10-16,IVR261016P00007000,put,7.0,0.25,0.0,0.5,74,398,0.6132851171875001,7.199999809265137,-0.3947011031023445,0.2570080030774072,-0.006410319546860347,0.009402221293188021,-0.003815739682529332,0.6386754882812502,,83.2,230.6,2026-09-03 18:48:11+00:00,True,False
JKS,2026-09-18,JKS260918C00012500,call,12.5,0.32,0.25,0.4,65,144,0.55273884765625,11.979999542236328,0.37423133043422085,0.29220456889157037,-0.018122447273532537,0.00889110553391858,0.0015982580938084779,0.5273484765625001,,163.7,333.0,2026-09-04 18:28:55+00:00,False,False
JKS,2026-09-18,JKS260918C00015000,call,15.0,0.05,0.0,0.1,16,140,0.710940390625,11.979999542236328,0.06285754320380121,0.07405795064134048,-0.007456410230016641,0.0028983688436003303,0.00027227386560111424,0.5273484765625001,,163.7,333.0,2026-09-04 16:18:13+00:00,True,False
JKS,2026-09-18,JKS260918C00017500,call,17.5,0.05,0.0,0.75,11,252,1.755860595703125,11.979999542236328,0.1776130047230814,0.06316111854639608,-0.03852913615033195,0.006105041483874286,0.0006855634542514949,0.5273484765625001,,163.7,333.0,2026-09-04 15:20:35+00:00,True,False
JKS,2026-09-18,JKS260918C00030000,call,30.0,0.01,0.0,0.05,60,1189,1.9375003125,11.979999542236328,0.01306162711124385,0.0073940710899184706,-0.005475956535616989,0.0007886316038427553,5.2938510800420726e-05,0.5273484765625001,,163.7,333.0,2026-09-03 18:00:38+00:00,True,False
JKS,2026-09-18,JKS260918P00012500,put,12.5,0.81,0.7,0.9,17,696,0.5019581054687501,11.979999542236328,-0.6419051473430886,0.3170788229059947,-0.014548407317292,0.008761601226449948,-0.0032440270365973333,0.5273484765625001,,163.7,333.0,2026-09-04 18:28:50+00:00,False,False
JKS,2026-09-18,JKS260918P00017500,put,17.5,5.1,5.4,5.7,17,66,0.976562734375,11.979999542236328,-0.9696567079274333,0.02997770840878131,-0.0032743563529348454,0.0016115632405748178,-0.006569728260122237,0.5273484765625001,,163.7,333.0,2026-09-01 19:47:45+00:00,False,False
JKS,2026-09-18,JKS260918P00035000,put,35.0,14.7,14.1,18.0,14,76,1.0000000000000004e-05,11.979999542236328,-1.0,0.0,0.004785334388492937,0.0,-0.013398936287780225,0.5273484765625001,,163.7,333.0,2026-04-17 18:28:56+00:00,False,False
JKS,2026-09-18,JKS260918P00037500,put,37.5,20.69,20.2,23.2,22,151,1.0000000000000004e-05,11.979999542236328,-1.0,0.0,0.005127143987671005,0.0,-0.01435600316547881,0.5273484765625001,,163.7,333.0,2026-06-10 16:08:58+00:00,False,False
JKS,2026-10-16,JKS261016C00015000,call,15.0,0.23,0.2,0.3,51,51,0.6543003320312502,11.979999542236328,0.19051623411518143,0.10222709820536585,-0.008882293111670584,0.01104620764405362,0.0023358888461287213,0.6074258007812501,,97.1,363.3,2026-09-04 19:41:50+00:00,False,False
JKS,2026-10-16,JKS261016P00012500,put,12.5,1.24,1.2,1.35,36,73,0.5937540625000001,11.979999542236328,-0.5325533693892534,0.16478564623521263,-0.010380506548057233,0.016158312476959483,-0.00874438175971055,0.6074258007812501,,97.1,363.3,2026-09-04 19:21:11+00:00,False,False
KIM,2026-09-18,KIM260918C00030000,call,30.0,0.1,0.0,0.2,44,54,0.75195560546875,23.600000381469727,0.061453629941209516,0.03492244518115106,-0.01525243460510222,0.005609911843665778,0.0005227703239860988,0.3193427441406249,,100.0,68.5,2026-07-29 18:37:29+00:00,True,False
KIM,2026-10-16,KIM261016P00025000,put,25.0,1.3,1.0,1.9,10,111,0.317389638671875,23.600000381469727,-0.6656732639118235,0.14326819791473316,-0.008614446588124361,0.029142243927835317,-0.020133111363188308,0.30811238769531246,,74.2,103.0,2026-08-24 18:56:32+00:00,False,False
LFTO,2026-09-18,LFTO260918C00017500,call,17.5,1.99,1.5,1.95,200,201,0.6718782812500002,18.739999771118164,0.7259576427582097,0.1350810288751381,-0.030963557031709426,0.01222529355257315,0.004558867489990825,0.6777375976562501,,100.9,427.1,2026-09-03 15:45:44+00:00,False,False
LFTO,2026-09-18,LFTO260918C00020000,call,20.0,0.55,0.45,0.6,16,268,0.6621127539062501,18.739999771118164,0.33644312335022974,0.15017085144697406,-0.03246572038690174,0.013393433645163275,0.0022243847327280504,0.6777375976562501,,100.9,427.1,2026-09-04 16:31:03+00:00,False,False
LFTO,2026-09-18,LFTO260918C00022500,call,22.5,0.3,0.15,0.3,201,219,0.8105487695312499,18.739999771118164,0.144473410767464,0.07642877346420694,-0.024499022057714252,0.008344693209694852,0.000959453629260524,0.6777375976562501,,100.9,427.1,2026-09-02 17:28:08+00:00,False,False
LFTO,2026-09-18,LFTO260918C00025000,call,25.0,0.1,0.05,0.2,50,75,0.95312546875,18.739999771118164,0.07487694841043183,0.040415253342366605,-0.017840156581653943,0.005188833244610156,0.0004963472432846472,0.6777375976562501,,100.9,427.1,2026-09-02 18:23:52+00:00,False,True
LFTO,2026-09-18,LFTO260918C00030000,call,30.0,0.18,0.0,1.25,45,58,2.050786123046875,18.739999771118164,0.16703675304585586,0.033242590743971824,-0.0676108370997367,0.009183105351738085,0.0009844936610431897,0.6777375976562501,,100.9,427.1,2026-08-13 19:02:02+00:00,True,False
LFTO,2026-09-18,LFTO260918P00015000,put,15.0,0.2,0.05,0.2,100,105,0.8359391406249999,18.739999771118164,-0.07306996033467328,0.045228734327936636,-0.015002568096006115,0.005092879829890481,-0.000566185214233315,0.6777375976562501,,100.9,427.1,2026-08-17 19:37:53+00:00,False,True
LFTO,2026-09-18,LFTO260918P00017500,put,17.5,0.55,0.4,0.6,59,264,0.6835969140625001,18.739999771118164,-0.2767205602645063,0.13340226156370077,-0.029216879300942016,0.01228393810418999,-0.0021653597629526984,0.6777375976562501,,100.9,427.1,2026-09-04 17:50:46+00:00,False,False
LFTO,2026-09-18,LFTO260918P00020000,put,20.0,2.0,1.75,2.3,72,272,0.8300798242187499,18.739999771118164,-0.6206514195603818,0.12491411362042472,-0.03954494551603129,0.013967082628550103,-0.005212087486668642,0.6777375976562501,,100.9,427.1,2026-08-24 19:54:49+00:00,False,False
LFTO,2026-09-18,LFTO260918P00025000,put,25.0,6.4,6.3,6.8,10,70,1.18359783203125,18.739999771118164,-0.8684685173330997,0.049093896627409817,-0.029970492020418023,0.007827192205439067,-0.008725099595325298,0.6777375976562501,,100.9,427.1,2026-09-03 14:26:00+00:00,False,False
LFTO,2026-10-16,LFTO261016C00020000,call,20.0,0.95,0.95,1.3,192,166,0.6347692773437501,18.739999771118164,0.4333617491286206,0.097483386155041,-0.019851981280474867,0.02500587717152426,0.008027016940838577,0.7402369726562499,,122.6,97.4,2026-09-01 15:20:53+00:00,False,False
LFTO,2026-10-16,LFTO261016C00022500,call,22.5,0.55,0.55,0.8,27,201,0.72070591796875,18.739999771118164,0.2735288356422666,0.07263792031778232,-0.018759400316952533,0.02115519720705057,0.005112204433228069,0.7402369726562499,,122.6,97.4,2026-09-02 15:31:23+00:00,False,False
LFTO,2026-10-16,LFTO261016P00017500,put,17.5,1.75,1.5,1.85,10,953,0.9072274902343748,18.739999771118164,-0.34641327244938225,0.06398259834223613,-0.024225526388466097,0.023457064539677025,-0.009314516242854197,0.7402369726562499,,122.6,97.4,2026-09-04 15:30:27+00:00,False,False
LFTO,2026-10-16,LFTO261016P00022500,put,22.5,5.75,5.2,5.7,25,621,1.1538128247070314,18.739999771118164,-0.6013308045622341,0.052626879560906,-0.03143248250360317,0.024537966554564528,-0.019089351998620954,0.7402369726562499,,122.6,97.4,2026-09-02 14:12:02+00:00,False,False
LFTO,2026-10-16,LFTO261016P00025000,put,25.0,7.6,7.4,7.9,444,474,1.2568396533203123,18.739999771118164,-0.6734117851218016,0.04513737227301626,-0.031545414342749,0.02292512620505224,-0.02315059623973105,0.7402369726562499,,122.6,97.4,2026-09-01 19:53:39+00:00,False,False
LFTO,2026-10-16,LFTO261016P00030000,put,30.0,12.6,12.2,12.7,48,271,1.509768076171875,18.739999771118164,-0.7426262230951362,0.03361969918362807,-0.033280065004578335,0.020511605243330417,-0.03012512183574102,0.7402369726562499,,122.6,97.4,2026-09-02 13:59:16+00:00,False,False
LFTO,2026-10-16,LFTO261016P00035000,put,35.0,17.4,17.1,17.6,80,140,1.7177748486328124,18.739999771118164,-0.779597732272091,0.0271437556461841,-0.034183956794742294,0.01884220675851665,-0.03652145154935559,0.7402369726562499,,122.6,97.4,2026-09-02 18:16:04+00:00,False,False
LHX,2026-09-04,LHX260904C00260000,call,260.0,0.05,0.0,0.05,44,57,0.163094306640625,256.45001220703125,,,,,,0.2827220166015625,,,,2026-09-04 18:53:44+00:00,True,False
LHX,2026-09-04,LHX260904C00265000,call,265.0,0.05,0.0,1.1,15,62,0.5751995605468749,256.45001220703125,,,,,,0.2827220166015625,,,,2026-09-04 18:49:36+00:00,True,False
LHX,2026-09-04,LHX260904C00270000,call,270.0,0.1,0.0,0.05,19,454,0.4804739453125,256.45001220703125,,,,,,0.2827220166015625,,,,2026-09-04 14:13:22+00:00,True,False
LHX,2026-09-04,LHX260904P00255000,put,255.0,0.08,0.0,0.2,18,114,0.1308680664062499,256.45001220703125,,,,,,0.2827220166015625,,,,2026-09-04 19:49:30+00:00,True,False
LHX,2026-09-04,LHX260904P00260000,put,260.0,3.98,2.3,4.3,22,53,0.3813538427734374,256.45001220703125,,,,,,0.2827220166015625,,,,2026-09-04 19:52:56+00:00,False,False
LHX,2026-09-11,LHX260911C00275000,call,275.0,0.69,0.05,0.35,81,93,0.3120185986328124,256.45001220703125,0.057924432761003536,0.010457165891099176,-0.09371649500196548,0.04115334142907062,0.0027970137851889092,0.23389437988281245,,89.2,89.5,2026-09-04 14:12:57+00:00,False,True
LHX,2026-09-11,LHX260911C00300000,call,300.0,1.48,0.0,1.5,10,138,0.6870148486328126,256.45001220703125,0.055811643321583095,0.004612326450804623,-0.19800995544066008,0.03996656149628228,0.0026377256495004734,0.23389437988281245,,89.2,89.5,2026-08-26 13:48:27+00:00,True,False
LHX,2026-09-18,LHX260918C00265000,call,265.0,1.7,0.6,2.0,17,64,0.2463454272460937,256.45001220703125,0.26898266001368354,0.02667326148319051,-0.15500782971607738,0.16575294253849612,0.02569712873558616,0.24460594268798824,,103.9,100.7,2026-09-04 19:21:09+00:00,False,True
LHX,2026-09-18,LHX260918C00270000,call,270.0,1.05,0.25,1.35,12,86,0.2706371765136719,256.45001220703125,0.18174744964040523,0.019421640295928636,-0.1343625345371283,0.13259097973144915,0.017374612846950216,0.24460594268798824,,103.9,100.7,2026-09-04 15:01:19+00:00,False,True
LHX,2026-09-18,LHX260918C00275000,call,275.0,0.48,0.35,0.6,17,552,0.2595288891601562,256.45001220703125,0.09495469498719578,0.012962104378486109,-0.08191354211384973,0.08485976828482125,0.009122303945300085,0.24460594268798824,,103.9,100.7,2026-09-04 18:44:00+00:00,False,False
LHX,2026-09-18,LHX260918C00280000,call,280.0,0.23,0.15,0.3,21,352,0.26367923828125,256.45001220703125,0.05067671271571144,0.007871641878907078,-0.051048514918856085,0.05235785938362708,0.004879036969681167,0.24460594268798824,,103.9,100.7,2026-09-04 19:40:29+00:00,False,False
LHX,2026-09-18,LHX260918C00290000,call,290.0,0.17,0.0,0.95,14,160,0.4419001123046875,256.45001220703125,0.08767943862977912,0.00717578598560895,-0.1292023885224053,0.07998972595699186,0.008291999026576026,0.24460594268798824,,103.9,100.7,2026-09-03 18:20:21+00:00,True,False
LHX,2026-09-18,LHX260918C00310000,call,310.0,0.18,0.0,1.5,25,228,0.5805706005859376,256.45001220703125,0.05545457863188296,0.003839866319616529,-0.11846064641186647,0.05623565584546062,0.005202125067794463,0.24460594268798824,,103.9,100.7,2026-09-01 17:54:27+00:00,True,False
LHX,2026-09-18,LHX260918C00330000,call,330.0,0.16,0.0,1.5,60,285,0.7248562670898437,256.45001220703125,0.04534558897984303,0.002619684604937293,-0.12550851420005452,0.047900663091876065,0.004212881361097184,0.24460594268798824,,103.9,100.7,2026-08-31 18:28:57+00:00,True,False
LHX,2026-09-18,LHX260918P00260000,put,260.0,5.96,6.0,7.5,11,211,0.26563234375,256.45001220703125,-0.5798021129967871,0.029302319424757202,-0.1649417439572552,0.19634668434584035,-0.05972341642295551,0.24460594268798824,,103.9,100.7,2026-09-04 19:34:18+00:00,False,False
LHX,2026-09-25,LHX260925C00280000,call,280.0,1.0,0.0,1.6,22,72,0.3343572424316406,256.45001220703125,0.15398491405025827,0.01153556136576462,-0.12137431074897355,0.14594235402220584,0.021803274697219002,0.2555616436767578,,97.8,123.7,2026-09-03 18:08:40+00:00,True,False
LHX,2026-09-25,LHX260925C00320000,call,320.0,2.0,0.0,1.5,54,111,0.5405319384765627,256.45001220703125,0.05256093608982187,0.003227600242099534,-0.08670849113410864,0.06601353323286925,0.007351431922758206,0.2555616436767578,,97.8,123.7,2026-08-14 15:21:37+00:00,True,False
LHX,2026-10-16,LHX261016C00270000,call,270.0,4.2,3.4,4.5,33,133,0.2727123510742187,256.45001220703125,0.3270302022409046,0.01520957158548336,-0.11273373138512187,0.31389446869762283,0.09093435815780893,0.2700573483276366,,89.9,103.4,2026-09-04 19:44:19+00:00,False,False
LHX,2026-10-16,LHX261016C00280000,call,280.0,2.12,1.85,2.5,11,223,0.2792430474853515,256.45001220703125,0.2062816970611398,0.011739612679439553,-0.08934798577529195,0.24808357502631587,0.057766945298359476,0.2700573483276366,,89.9,103.4,2026-09-04 17:26:52+00:00,False,False
LHX,2026-10-16,LHX261016C00320000,call,320.0,0.22,0.1,0.5,40,228,0.3579165771484375,256.45001220703125,0.04314045272308322,0.0029424359211056845,-0.03540248465441339,0.07969860161336846,0.012126364167334648,0.2700573483276366,,89.9,103.4,2026-09-04 19:10:14+00:00,False,True
LHX,2026-10-16,LHX261016P00250000,put,250.0,5.25,4.8,5.5,103,216,0.2403640417480468,256.45001220703125,-0.3358760567083605,0.017440895939263523,-0.07831440451010227,0.31724892787142883,-0.10471134754925293,0.2700573483276366,,89.9,103.4,2026-09-04 17:45:57+00:00,False,False
LI,2026-09-04,LI260904C00012000,call,12.0,0.32,0.0,0.41,605,710,0.64062859375,12.369999885559082,,,,,,0.636725078125,,,,2026-09-04 19:40:15+00:00,True,False
LI,2026-09-04,LI260904C00012500,call,12.5,0.01,0.0,0.01,390,704,0.195320546875,12.369999885559082,,,,,,0.636725078125,,,,2026-09-04 19:52:23+00:00,True,False
LI,2026-09-04,LI260904C00013000,call,13.0,0.01,0.0,0.01,104,245,0.5312546875,12.369999885559082,,,,,,0.636725078125,,,,2026-09-04 19:18:48+00:00,True,False
LI,2026-09-04,LI260904C00015500,call,15.5,0.11,0.0,2.13,20,84,7.992187509765625,12.369999885559082,,,,,,0.636725078125,,,,2026-08-25 16:01:41+00:00,True,False
LI,2026-09-04,LI260904P00011000,put,11.0,0.07,0.0,2.13,25,818,6.851563935546874,12.369999885559082,,,,,,0.636725078125,,,,2026-09-02 19:35:03+00:00,True,False
LI,2026-09-04,LI260904P00011500,put,11.5,0.01,0.0,0.01,21,326,0.7500025,12.369999885559082,,,,,,0.636725078125,,,,2026-09-03 15:51:44+00:00,True,False
LI,2026-09-04,LI260904P00012000,put,12.0,0.05,0.0,0.18,93,512,0.8984385156249999,12.369999885559082,,,,,,0.636725078125,,,,2026-09-04 19:50:30+00:00,True,False
LI,2026-09-11,LI260911C00011500,call,11.5,0.91,0.72,1.06,55,165,0.726565234375,12.369999885559082,0.7836644249577878,0.23560151499682425,-0.027255289152341967,0.005023394189483649,0.0016591690468767506,0.5468795312500001,,112.1,262.9,2026-09-04 19:05:22+00:00,False,False
LI,2026-09-11,LI260911C00012000,call,12.0,0.48,0.43,0.52,24,348,0.4160214648437499,12.369999885559082,0.7165246129439449,0.4751587621597245,-0.018382159078810478,0.005800949007999073,0.0016018296724179418,0.5468795312500001,,112.1,262.9,2026-09-04 19:46:45+00:00,False,False
LI,2026-09-11,LI260911C00012500,call,12.5,0.21,0.18,0.24,233,1145,0.4101621484375,12.369999885559082,0.4448155639560572,0.5623419923527886,-0.020552969148836177,0.0067686282359157345,0.0010118058161914117,0.5468795312500001,,112.1,262.9,2026-09-04 19:59:55+00:00,False,False
LI,2026-09-11,LI260911C00013000,call,13.0,0.06,0.04,0.08,149,168,0.39063109375,12.369999885559082,0.19119660619991002,0.4070886124958323,-0.01333540784982162,0.004666597353624842,0.0004403907063769925,0.5468795312500001,,112.1,262.9,2026-09-04 19:32:09+00:00,False,False
LI,2026-09-11,LI260911C00015000,call,15.0,0.02,0.0,0.05,13,261,0.7500025,12.369999885559082,0.03633662335822134,0.06201787168981147,-0.00737150080678321,0.0013649732361603677,8.276773396283006e-05,0.5468795312500001,,112.1,262.9,2026-08-26 16:23:46+00:00,True,False
LI,2026-09-11,LI260911C00015500,call,15.5,0.11,0.0,0.75,69,129,1.7441419042968749,12.369999885559082,0.20921826008180266,0.09624744060317311,-0.06168306616152425,0.004926240074903543,0.0004356751734754854,0.5468795312500001,,112.1,262.9,2026-08-21 19:08:32+00:00,True,False
LI,2026-09-11,LI260911C00016000,call,16.0,0.06,0.0,0.75,60,60,1.8828130859375,12.369999885559082,0.1968824869688296,0.08598107362129506,-0.06418078510736686,0.00475066753771108,0.00040690908090456094,0.5468795312500001,,112.1,262.9,2026-08-19 15:38:25+00:00,True,False
LI,2026-09-11,LI260911P00011000,put,11.0,0.06,0.0,0.06,10,122,0.5468795312500001,12.369999885559082,-0.05475487819871094,0.11832344926987927,-0.007321873365442659,0.001898921697853402,-0.00013419136840550668,0.5468795312500001,,112.1,262.9,2026-09-02 19:35:03+00:00,True,False
LI,2026-09-11,LI260911P00011500,put,11.5,0.02,0.0,0.13,55,1055,0.6132851171875001,12.369999885559082,-0.18077340395310482,0.2504363733601466,-0.019423136255385425,0.00450717476845608,-0.0004494413030317185,0.5468795312500001,,112.1,262.9,2026-09-04 19:27:49+00:00,True,False
LI,2026-09-11,LI260911P00012000,put,12.0,0.12,0.0,0.23,76,790,0.5390671093750001,12.369999885559082,-0.3238515693266497,0.3891820711912785,-0.02312919454196425,0.006156589912386018,-0.0008072789180222094,0.5468795312500001,,112.1,262.9,2026-09-04 19:33:50+00:00,True,False
LI,2026-09-11,LI260911P00012500,put,12.5,0.35,0.25,0.57,158,56,0.6835969140625001,12.369999885559082,-0.5211220977517039,0.34019538081648665,-0.03236734286519699,0.006824535115580947,-0.0013380314379472492,0.5468795312500001,,112.1,262.9,2026-09-04 19:25:09+00:00,False,True
LI,2026-09-11,LI260911P00013000,put,13.0,0.79,0.61,1.22,36,71,0.7246121289062499,12.369999885559082,-0.6683276480042495,0.29233836020505877,-0.030922310745525074,0.006216357356087332,-0.0017532443346295898,0.5468795312500001,,112.1,262.9,2026-09-04 18:32:04+00:00,False,False
LI,2026-09-11,LI260911P00013500,put,13.5,1.19,1.06,1.29,30,143,0.72070591796875,12.369999885559082,-0.7928457386485274,0.2315645816052404,-0.02369649591105404,0.004897503879431788,-0.00212150601633837,0.5468795312500001,,112.1,262.9,2026-09-04 19:05:22+00:00,False,False
LI,2026-09-18,LI260918C00012500,call,12.5,0.31,0.28,0.53,105,71,0.5898478515625001,12.369999885559082,0.49356232946745665,0.2791426731569352,-0.021122438413843658,0.00966364121663327,0.0021420474597426513,0.5097705273437501,,120.3,95.0,2026-09-04 18:43:13+00:00,False,False
LI,2026-09-18,LI260918C00013500,call,13.5,0.08,0.06,0.13,10,102,0.48438015625,12.369999885559082,0.19659999036417258,0.23611906700064736,-0.011928698038399585,0.006712618474874143,0.0008857626504570953,0.5097705273437501,,120.3,95.0,2026-09-01 14:35:29+00:00,False,True
LI,2026-09-18,LI260918C00019000,call,19.0,0.01,0.0,0.01,50,5145,0.8437515624999999,12.369999885559082,0.006159183377607818,0.008513298492557574,-0.0012803159728726637,0.0004215868085923558,2.7739439251572743e-05,0.5097705273437501,,120.3,95.0,2026-08-21 14:20:19+00:00,True,False
LI,2026-09-18,LI260918C00021000,call,21.0,0.05,0.0,0.32,11,1209,1.7265638671875,12.369999885559082,0.08220089299986566,0.036277486350561806,-0.022788732342011113,0.0036761599368371712,0.0003372013881776974,0.5097705273437501,,120.3,95.0,2026-07-17 16:43:05+00:00,True,False
LI,2026-09-18,LI260918C00024000,call,24.0,0.02,0.0,0.27,100,1700,1.96484392578125,12.369999885559082,0.06363330172708166,0.026200622112533694,-0.0212945059351922,0.0030214417395537834,0.00025800212789630294,0.5097705273437501,,120.3,95.0,2026-07-31 15:33:03+00:00,True,False
LI,2026-09-18,LI260918P00011000,put,11.0,0.04,0.0,0.1,10,4122,0.5546919531250001,12.369999885559082,-0.12456588821992354,0.152814078937738,-0.009632600740554309,0.004974962325120014,-0.0006244336148890548,0.5097705273437501,,120.3,95.0,2026-09-04 16:42:04+00:00,True,False
LI,2026-09-18,LI260918P00012000,put,12.0,0.28,0.2,0.26,633,7285,0.4257869921875,12.369999885559082,-0.33401294192976183,0.3527708380583945,-0.012807200442558755,0.008815757369287186,-0.00167618690207128,0.5097705273437501,,120.3,95.0,2026-09-04 14:58:24+00:00,False,False
LI,2026-09-18,LI260918P00014000,put,14.0,1.75,0.42,3.35,26,1239,0.7773459765625,12.369999885559082,-0.765576206515032,0.16295710052007353,-0.01909064718536158,0.007434678727017976,-0.00433936383580991,0.5097705273437501,,120.3,95.0,2026-09-04 18:56:18+00:00,False,True
LI,2026-09-18,LI260918P00015000,put,15.0,2.96,2.5,3.05,2821,1864,0.8320329296874999,12.369999885559082,-0.8620955856202612,0.10929302262186023,-0.01402431109545433,0.0053371267189905565,-0.005138580733879343,0.5097705273437501,,120.3,95.0,2026-09-03 19:13:14+00:00,False,False
LI,2026-09-25,LI260925C00012000,call,12.0,0.5,0.27,0.91,99,107,0.59570716796875,12.369999885559082,0.6194754105214095,0.2155077073919732,-0.01695494569864266,0.011302160079783442,0.003882994203726611,0.5537154003906251,,115.3,208.8,2026-09-02 19:43:18+00:00,False,True
LI,2026-09-25,LI260925C00013000,call,13.0,0.25,0.03,0.28,101,122,0.4335994140625,12.369999885559082,0.34532842994729906,0.2864822582022995,-0.01183658224088162,0.010935842315930026,0.0022958972070312696,0.5537154003906251,,115.3,208.8,2026-09-04 18:58:28+00:00,False,True
LI,2026-09-25,LI260925C00014000,call,14.0,0.08,0.07,0.21,142,78,0.5097705273437501,12.369999885559082,0.17678954803410896,0.1715267768193828,-0.00962411145227618,0.007697903653731315,0.001179624049520027,0.5537154003906251,,115.3,208.8,2026-09-04 18:47:50+00:00,False,True
LI,2026-09-25,LI260925C00014500,call,14.5,0.12,0.04,0.08,40,52,0.507817421875,12.369999885559082,0.11127089716815047,0.1258273619511334,-0.006979513882109856,0.0056253365358556115,0.0007475193366869954,0.5537154003906251,,115.3,208.8,2026-09-04 14:56:39+00:00,False,False
LI,2026-09-25,LI260925C00015500,call,15.5,0.12,0.0,0.95,20,60,1.15625421875,12.369999885559082,0.2532595332819919,0.09326255231812068,-0.02650216930233852,0.009493502048871467,0.0015400931226277645,0.5537154003906251,,115.3,208.8,2026-08-27 18:23:00+00:00,True,False
LI,2026-10-02,LI261002C00012500,call,12.5,0.45,0.43,0.55,18,55,0.438482177734375,12.369999885559082,0.5024825972792234,0.26555068840440993,-0.011476721467792626,0.013667967445479046,0.00433803891267676,0.78076671875,,83.8,150.1,2026-09-04 14:49:53+00:00,False,False
LI,2026-10-02,LI261002C00014000,call,14.0,0.12,0.01,0.36,13,81,0.6523472265625001,12.369999885559082,0.28314465146825807,0.15142672617025382,-0.013938102023783264,0.011595404716341904,0.0024110702574325275,0.78076671875,,83.8,150.1,2026-09-04 19:20:17+00:00,False,True
LI,2026-10-02,LI261002C00016000,call,16.0,0.06,0.0,1.15,40,55,1.171879140625,12.369999885559082,0.26806749019506876,0.08205627334019316,-0.023998007717040956,0.011287536592020017,0.0021125564031327605,0.78076671875,,83.8,150.1,2026-08-27 18:20:43+00:00,True,False
LI,2026-10-16,LI261016C00014000,call,14.0,0.21,0.16,0.24,170,273,0.44727115234375,12.369999885559082,0.24131709987413763,0.1661338987085153,-0.007341426992444064,0.013083530839721873,0.0031491275824562116,0.450200810546875,,121.0,99.3,2026-09-04 19:34:21+00:00,False,False
LI,2026-10-16,LI261016P00011000,put,11.0,0.21,0.16,0.35,10,104,0.5449264257812501,12.369999885559082,-0.2240609830059903,0.13085136977877648,-0.007720495373228954,0.012554862468826731,-0.0035626021780058846,0.450200810546875,,121.0,99.3,2026-09-04 16:46:20+00:00,False,True
LIND,2026-09-18,LIND260918C00030000,call,30.0,0.15,0.0,1.1,100,58,0.8710950390625,25.8700008392334,0.22016372780363286,0.0671173439732859,-0.0474010272467757,0.01500819138200275,0.0019872657093403536,1.02148708984375,,114.7,85.3,2026-09-03 14:02:58+00:00,True,False
LIND,2026-10-16,LIND261016C00022500,call,22.5,7.2,7.6,11.6,30,62,2.4272500256347658,25.8700008392334,0.7217944331483133,0.015754239207271974,-0.08634087516154945,0.02944837001099793,0.010477782716047414,0.7534204345703125,,215.3,99.4,2026-07-21 19:55:17+00:00,False,False
LIND,2026-10-16,LIND261016C00030000,call,30.0,0.53,0.0,2.5,301,305,0.7490259472656251,25.8700008392334,0.3324171543661805,0.05525595643231749,-0.029426130733618685,0.031873171138497844,0.008441176118669657,0.7534204345703125,,215.3,99.4,2026-08-31 19:53:35+00:00,True,False
LIND,2026-10-16,LIND261016C00035000,call,35.0,0.8,0.0,0.95,50,715,0.7597680273437502,25.8700008392334,0.15347995993441194,0.035507115710454284,-0.019269441474704073,0.020775224261499498,0.004019796839679337,0.7534204345703125,,215.3,99.4,2026-08-26 19:52:35+00:00,True,False
LIND,2026-10-16,LIND261016P00017500,put,17.5,1.9,0.0,3.3,20,110,1.6220722021484375,25.8700008392334,-0.15963315832016733,0.017067349709163952,-0.04038804215288904,0.021319920482170032,-0.006564949577163232,0.7534204345703125,,215.3,99.4,2026-04-21 14:27:04+00:00,True,False
LMB,2026-09-18,LMB260918C00045000,call,45.0,4.6,4.0,6.8,656,410,0.561527822265625,49.86000061035156,0.8425470679488243,0.04390893969860361,-0.052161450545431004,0.02351061336416128,0.014033426302141012,0.6752962158203126,,83.7,79.8,2026-09-02 17:26:23+00:00,False,False
LMB,2026-09-18,LMB260918C00055000,call,55.0,0.6,0.0,1.15,24,64,0.5385788330078126,49.86000061035156,0.195100402014803,0.05244059383367435,-0.05306051993143228,0.02693125624340079,0.003523410217958739,0.6752962158203126,,83.7,79.8,2026-09-03 18:03:58+00:00,True,False
LMB,2026-09-18,LMB260918C00060000,call,60.0,0.1,0.0,0.15,526,532,0.5019581054687501,49.86000061035156,0.034802571616515544,0.015691240041102977,-0.01369277277033153,0.007510424209818889,0.0006405806806550426,0.6752962158203126,,83.7,79.8,2026-09-04 13:41:19+00:00,True,False
LMB,2026-10-16,LMB261016C00090000,call,90.0,0.2,0.0,0.25,15,63,0.8242205078124999,49.86000061035156,0.025470758800892435,0.00425856040235086,-0.010009329498405094,0.010040774477986932,0.001320245395831032,0.5455367712402344,,115.4,444.2,2026-08-10 14:56:14+00:00,True,False
LMB,2026-10-16,LMB261016P00045000,put,45.0,5.0,1.1,3.1,35,90,0.6296423754882813,49.86000061035156,-0.2696419555343951,0.031027705153832907,-0.03977963179445975,0.05588620113904057,-0.01773429734855196,0.5455367712402344,,115.4,444.2,2026-08-24 19:56:51+00:00,False,True
LMB,2026-10-16,LMB261016P00050000,put,50.0,3.75,3.0,3.9,10,430,0.5610395458984375,49.86000061035156,-0.4559448483573485,0.041785655465643404,-0.04117032656720635,0.06706279942164015,-0.030418082177416574,0.5455367712402344,,115.4,444.2,2026-09-03 19:52:05+00:00,False,False
LMB,2026-10-16,LMB261016P00090000,put,90.0,14.3,17.5,21.7,175,175,1.0000000000000004e-05,49.86000061035156,-1.0,0.0,0.012258038152530869,0.0,-0.10296752048125929,0.5455367712402344,,115.4,444.2,2026-04-17 18:34:04+00:00,False,False
LYTS,2026-10-16,LYTS261016C00022500,call,22.5,0.3,0.0,1.5,34,52,0.5625043750000001,20.229999542236328,0.3329463360575833,0.09415084522926832,-0.017518621252590762,0.02494010626822166,0.006867229633366306,0.9292031665039062,,124.6,60.5,2026-08-21 16:34:36+00:00,True,False
MGM,2026-09-04,MGM260904C00042000,call,42.0,0.05,0.0,0.3,33,111,0.7050810742187501,41.220001220703125,,,,,,0.52539537109375,,,,2026-09-04 15:05:26+00:00,True,False
MGM,2026-09-04,MGM260904C00045000,call,45.0,0.08,0.0,2.15,13,192,2.81250296875,41.220001220703125,,,,,,0.52539537109375,,,,2026-09-04 18:03:26+00:00,True,False
MGM,2026-09-04,MGM260904C00045500,call,45.5,0.1,0.0,2.15,50,71,2.9765650585937498,41.220001220703125,,,,,,0.52539537109375,,,,2026-09-03 18:02:56+00:00,True,False
MGM,2026-09-04,MGM260904P00040000,put,40.0,0.05,0.0,0.55,143,217,0.85937640625,41.220001220703125,,,,,,0.52539537109375,,,,2026-09-03 19:49:08+00:00,True,False
MGM,2026-09-18,MGM260918C00028000,call,28.0,11.38,18.8,21.0,10,58,4.556644929199218,41.220001220703125,0.811029491729073,0.0073524405345416185,-0.35721400009536136,0.021833727241469817,0.005313775063389152,0.42798423583984374,,104.3,122.9,2026-05-08 16:13:02+00:00,False,False
MGM,2026-09-18,MGM260918C00032000,call,32.0,11.53,7.5,11.3,22,976,0.8339860351562498,41.220001220703125,0.9498635339947707,0.015352114704026098,-0.028924486728135503,0.008344074191823075,0.011400149315898257,0.42798423583984374,,104.3,122.9,2026-08-19 17:37:57+00:00,False,False
MGM,2026-09-18,MGM260918C00042000,call,42.0,0.82,0.75,1.2,30,3721,0.4633842724609375,41.220001220703125,0.44430895483314736,0.10560485038328754,-0.055125916840682236,0.031891601366193206,0.006571902187033465,0.42798423583984374,,104.3,122.9,2026-09-04 17:47:34+00:00,False,False
MGM,2026-09-18,MGM260918C00043000,call,43.0,0.55,0.2,0.8,43,380,0.4487359814453124,41.220001220703125,0.33896608771005754,0.10102846297637025,-0.049157231484983896,0.029545123657922744,0.005060647542344104,0.42798423583984374,,104.3,122.9,2026-09-04 19:41:46+00:00,False,True
MGM,2026-09-18,MGM260918C00044000,call,44.0,0.45,0.0,0.75,22,357,0.5258836474609375,41.220001220703125,0.28652092982719113,0.08017235674004718,-0.053124777118054224,0.02747675799066102,0.004253598805249051,0.42798423583984374,,104.3,122.9,2026-09-04 19:20:26+00:00,True,False
MGM,2026-09-18,MGM260918C00045000,call,45.0,0.23,0.0,0.3,23,2361,0.4257869921875,41.220001220703125,0.16170664290643472,0.07127764540227763,-0.03095115893098683,0.019778661877639825,0.0024482755030247804,0.42798423583984374,,104.3,122.9,2026-09-04 18:03:26+00:00,True,False
MGM,2026-09-18,MGM260918P00030000,put,30.0,0.05,0.0,0.1,80,4816,0.789064609375,41.220001220703125,-0.015949369529423607,0.006266730948430615,-0.008986242354436177,0.003222588005729156,-0.00026682286675107494,0.42798423583984374,,104.3,122.9,2026-09-02 16:54:16+00:00,True,False
MGM,2026-09-18,MGM260918P00036000,put,36.0,0.1,0.0,0.3,10,97,0.5918009570312501,41.220001220703125,-0.1069780719359581,0.038577584090011885,-0.030807637931144216,0.01487859291936381,-0.0017902690823750377,0.42798423583984374,,104.3,122.9,2026-08-26 19:36:16+00:00,True,False
MGM,2026-09-18,MGM260918P00037000,put,37.0,0.13,0.1,0.2,12,497,0.445318046875,41.220001220703125,-0.09611840171219699,0.04742189356394297,-0.021322531879369715,0.01376259592116698,-0.0015842340932040095,0.42798423583984374,,104.3,122.9,2026-09-04 19:18:08+00:00,False,False
MGM,2026-09-18,MGM260918P00039000,put,39.0,0.41,0.4,0.6,1593,2342,0.446294599609375,41.220001220703125,-0.24226483562489687,0.08672686092049434,-0.03876413434356183,0.025224724456740594,-0.0040370068548053984,0.42798423583984374,,104.3,122.9,2026-09-04 19:58:48+00:00,False,False
MGM,2026-09-18,MGM260918P00040000,put,40.0,0.7,0.5,1.0,176,2028,0.46680220703125,41.220001220703125,-0.34630328983635084,0.09790755974243887,-0.04757489435097518,0.029785184790208773,-0.005828195786300262,0.42798423583984374,,104.3,122.9,2026-09-04 19:54:59+00:00,False,False
MGM,2026-09-18,MGM260918P00041000,put,41.0,1.1,0.95,1.3,1194,5686,0.4233456103515625,41.220001220703125,-0.44862662016074295,0.11576265414667651,-0.04558988218825783,0.03193851417604787,-0.007558627648688244,0.42798423583984374,,104.3,122.9,2026-09-04 19:31:16+00:00,False,False
MGM,2026-09-18,MGM260918P00042000,put,42.0,1.6,1.5,1.8,93,2484,0.4086973193359374,41.220001220703125,-0.5675815773005201,0.11917656294612945,-0.04289410130042417,0.031742696534948725,-0.009628066182089223,0.42798423583984374,,104.3,122.9,2026-09-04 19:49:12+00:00,False,False
MGM,2026-09-18,MGM260918P00043000,put,43.0,2.32,2.1,3.1,10,7027,0.614261669921875,41.220001220703125,-0.6084682240061811,0.07745866321579202,-0.06418138486377128,0.03100805927439436,-0.010762745090700052,0.42798423583984374,,104.3,122.9,2026-09-03 19:33:33+00:00,False,False
MGM,2026-09-18,MGM260918P00045000,put,45.0,3.68,3.6,5.8,200,977,0.6723665576171877,41.220001220703125,-0.7210263723691639,0.06190675605722365,-0.060441917743588695,0.02712659749922099,-0.013152800122133908,0.42798423583984374,,104.3,122.9,2026-09-02 18:25:51+00:00,False,False
MGM,2026-10-16,MGM261016C00040000,call,40.0,2.87,2.6,3.1,10,568,0.43945873046875,41.220001220703125,0.6234946691724566,0.06178800326109667,-0.030855976820618313,0.053087794609719546,0.025891257067462807,0.4086973193359375,,90.9,107.3,2026-09-04 18:45:17+00:00,False,False
MGM,2026-10-16,MGM261016C00043000,call,43.0,1.44,1.25,1.5,12,2392,0.3957579956054688,41.220001220703125,0.4188123269240728,0.07059509495523536,-0.02788593681732272,0.0546231386429866,0.018066430635230734,0.4086973193359375,,90.9,107.3,2026-09-04 19:47:18+00:00,False,False
MGM,2026-10-16,MGM261016C00044000,call,44.0,1.2,0.9,1.2,875,1032,0.3999083447265625,41.220001220703125,0.3553654229145763,0.0666032167617542,-0.026627122945370958,0.05207485843488457,0.015416128355468453,0.4086973193359375,,90.9,107.3,2026-09-04 14:47:06+00:00,False,False
MGM,2026-10-16,MGM261016C00045000,call,45.0,0.8,0.6,0.9,119,568,0.3928283374023437,41.220001220703125,0.29163010060239614,0.062482891200784665,-0.023959804143085454,0.04798840908281704,0.012750285256052324,0.4086973193359375,,90.9,107.3,2026-09-04 19:22:15+00:00,False,False
MGM,2026-10-16,MGM261016P00037000,put,37.0,0.48,0.4,0.65,505,73,0.3979552392578125,41.220001220703125,-0.1813589974747455,0.04737962925654024,-0.016360200267075627,0.036863648075834046,-0.009275136655908092,0.4086973193359375,,90.9,107.3,2026-09-04 18:10:42+00:00,False,False
MGM,2026-10-16,MGM261016P00038000,put,38.0,0.7,0.6,0.8,15,802,0.3715883154296875,41.220001220703125,-0.22543903832996515,0.0577864290099581,-0.01719962039066242,0.04198173019458401,-0.011522392736726849,0.4086973193359375,,90.9,107.3,2026-09-04 14:43:33+00:00,False,False
MGM,2026-10-16,MGM261016P00039000,put,39.0,1.1,0.85,1.1,2508,2470,0.3679262426757813,41.220001220703125,-0.29044588140514294,0.06658519118842358,-0.019202087198374528,0.0478972790856899,-0.014929126817565608,0.4086973193359375,,90.9,107.3,2026-09-04 19:59:18+00:00,False,False
MGM,2026-10-16,MGM261016P00040000,put,40.0,1.4,1.1,1.5,76,1114,0.3693910717773437,41.220001220703125,-0.36379318492561796,0.07269239080444971,-0.02084308362248704,0.05249860622788396,-0.018843261784456732,0.4086973193359375,,90.9,107.3,2026-09-04 19:02:09+00:00,False,False
MGM,2026-10-16,MGM261016P00041000,put,41.0,1.81,1.75,2.05,657,106,0.383795224609375,41.220001220703125,-0.44022723490820914,0.07350431420163253,-0.022453161032931167,0.0551549916540765,-0.023075671425423123,0.4086973193359375,,90.9,107.3,2026-09-04 19:59:18+00:00,False,False
MGM,2026-10-16,MGM261016P00042000,put,42.0,2.35,2.05,2.65,14,798,0.3930724755859375,41.220001220703125,-0.5122747817267455,0.07255136415980246,-0.022857542244089705,0.05575587596061703,-0.027157647072668465,0.4086973193359375,,90.9,107.3,2026-09-04 17:00:57+00:00,False,False
MGM,2026-10-16,MGM261016P00045000,put,45.0,4.18,4.0,5.0,200,615,0.4580132324218751,41.220001220703125,-0.6736480472682419,0.05629524838000954,-0.023027517561848506,0.05041063772064584,-0.037456243789283646,0.4086973193359375,,90.9,107.3,2026-09-02 18:25:51+00:00,False,False
MGM,2026-10-16,MGM261016P00046000,put,46.0,3.69,5.0,5.5,14,60,0.40039662109375,41.220001220703125,-0.7572667893346183,0.05586998705141403,-0.015849796410379268,0.04373623567549014,-0.041980119991075905,0.4086973193359375,,90.9,107.3,2026-08-28 14:17:40+00:00,False,False
MGM,2026-10-16,MGM261016P00047000,put,47.0,5.9,5.7,6.5,11,119,0.4438532177734374,41.220001220703125,-0.7757932391290532,0.04822795995177297,-0.01687636834384734,0.041851467495319004,-0.04399759107505998,0.4086973193359375,,90.9,107.3,2026-09-04 19:13:12+00:00,False,False
MLCO,2026-10-16,MLCO261016P00007000,put,7.0,1.81,1.5,2.25,36,61,0.7226590234375,5.210000038146973,-0.8551338322164537,0.17834790703993555,-0.0026015387689336433,0.004025625086975359,-0.007238617281748528,0.57812921875,,374.3,91.2,2026-08-28 15:16:27+00:00,False,False
MLI,2026-09-18,MLI260918C00057500,call,57.5,5.14,4.4,7.1,18,64,0.6132851171875001,63.7400016784668,0.8247953780393419,0.03369543847433008,-0.07676088500216129,0.03220274182024539,0.017435855096171536,0.4646049633789062,,96.5,194.6,2026-09-03 18:14:43+00:00,False,False
MLI,2026-09-18,MLI260918C00060000,call,60.0,3.5,2.75,4.5,10,141,0.4252987158203125,63.7400016784668,0.7854202811905904,0.054972845564973116,-0.06157705200495671,0.03643355937712212,0.01746428545534741,0.4646049633789062,,96.5,194.6,2026-09-03 15:28:04+00:00,False,False
MLI,2026-09-18,MLI260918C00120000,call,120.0,19.6,0.0,0.0,10,63,0.500005,63.7400016784668,8.168600015537048e-11,8.5614715285874e-11,-1.1982670237865925e-10,6.670863841451579e-11,1.9682391557462157e-12,0.4646049633789062,,96.5,194.6,2026-06-10 13:59:07+00:00,True,False
MLI,2026-09-18,MLI260918C00165000,call,165.0,1.4,0.0,0.0,10,153,0.500005,63.7400016784668,2.5966178272434174e-22,4.054407891342588e-22,-5.663725939916038e-22,3.159083448510368e-22,6.2857435040641455e-24,0.4646049633789062,,96.5,194.6,2026-06-23 17:14:50+00:00,True,False
NRG,2026-09-04,NRG260904C00111000,call,111.0,6.15,6.3,8.6,93,181,1.271488017578125,119.0199966430664,,,,,,0.5937540625,,,,2026-09-04 16:41:37+00:00,False,False
NRG,2026-09-04,NRG260904C00112000,call,112.0,7.04,6.1,7.9,55,59,1.3496126269531248,119.0199966430664,,,,,,0.5937540625,,,,2026-09-04 19:45:56+00:00,False,False
NRG,2026-09-04,NRG260904C00114000,call,114.0,4.63,4.3,5.3,48,88,0.7226590234375,119.0199966430664,,,,,,0.5937540625,,,,2026-09-04 19:45:56+00:00,False,False
NRG,2026-09-04,NRG260904C00115000,call,115.0,4.16,3.3,4.5,624,225,0.7480493945312501,119.0199966430664,,,,,,0.5937540625,,,,2026-09-04 19:45:58+00:00,False,False
NRG,2026-09-04,NRG260904C00117000,call,117.0,1.55,1.0,2.9,15,51,0.6914093359375001,119.0199966430664,,,,,,0.5937540625,,,,2026-09-04 19:07:49+00:00,False,True
NRG,2026-09-04,NRG260904C00119000,call,119.0,0.08,0.0,2.15,113,1535,0.86132951171875,119.0199966430664,,,,,,0.5937540625,,,,2026-09-04 19:58:30+00:00,True,False
NRG,2026-09-04,NRG260904P00105000,put,105.0,0.4,0.0,0.7,18,307,1.69140779296875,119.0199966430664,,,,,,0.5937540625,,,,2026-09-04 16:59:03+00:00,True,False
NRG,2026-09-04,NRG260904P00108000,put,108.0,0.05,0.0,2.2,11,63,1.9804688476562504,119.0199966430664,,,,,,0.5937540625,,,,2026-09-04 16:50:46+00:00,True,False
NRG,2026-09-04,NRG260904P00110000,put,110.0,0.05,0.0,0.25,18,128,0.93164130859375,119.0199966430664,,,,,,0.5937540625,,,,2026-09-04 19:49:21+00:00,True,False
NRG,2026-09-04,NRG260904P00115000,put,115.0,0.18,0.0,2.4,14,997,1.1279340478515625,119.0199966430664,,,,,,0.5937540625,,,,2026-09-04 16:02:49+00:00,True,False
NRG,2026-09-11,NRG260911C00115000,call,115.0,4.73,4.0,5.5,61,99,0.4460504614257812,119.0199966430664,0.7266274954487176,0.04525221605057883,-0.18581942656387698,0.05483639395548103,0.01554920892174547,0.4538628833007812,,99.0,107.3,2026-09-04 18:09:35+00:00,False,False
NRG,2026-09-11,NRG260911C00116000,call,116.0,4.32,4.1,4.8,53,71,0.4404352832031249,119.0199966430664,0.679962961858135,0.04926372166401105,-0.1958856228903745,0.058946003250483894,0.014620875693332234,0.4538628833007812,,99.0,107.3,2026-09-04 19:55:33+00:00,False,False
NRG,2026-09-11,NRG260911C00119000,call,119.0,2.65,1.25,3.2,100,92,0.4538628833007812,119.0199966430664,0.5196822582144314,0.05326401495721288,-0.22096723486383746,0.06567553366824433,0.011277258079503414,0.4538628833007812,,99.0,107.3,2026-09-04 19:46:28+00:00,False,True
NRG,2026-09-11,NRG260911P00105000,put,105.0,0.12,0.0,0.1,44,66,0.460942890625,119.0199966430664,-0.022197532927511254,0.006960585831814827,-0.028327662072691006,0.008716416157978746,-0.0005189736957243862,0.4538628833007812,,99.0,107.3,2026-09-04 16:58:26+00:00,True,False
NRG,2026-09-11,NRG260911P00110000,put,110.0,0.35,0.15,0.45,17,57,0.452153916015625,119.0199966430664,-0.0959031448186316,0.022837573657296974,-0.08899157698108012,0.028053128466443204,-0.002255111152404838,0.4538628833007812,,99.0,107.3,2026-09-04 17:58:35+00:00,False,True
NRG,2026-09-11,NRG260911P00115000,put,115.0,1.09,0.9,1.5,119,107,0.4494683959960937,119.0199966430664,-0.2747419776119,0.04501912230592586,-0.17183020296238136,0.05497196062208838,-0.006519305508371016,0.4538628833007812,,99.0,107.3,2026-09-04 19:46:24+00:00,False,False
NRG,2026-09-18,NRG260918C00115000,call,115.0,6.05,5.9,6.9,94,592,0.4877980908203125,119.0199966430664,0.665491667694109,0.03202195272837381,-0.15776436200443578,0.08487170890663492,0.027737637919281924,0.4639946179199219,,101.5,101.9,2026-09-04 19:17:36+00:00,False,False
NRG,2026-09-18,NRG260918C00120000,call,120.0,3.69,3.4,4.0,908,1672,0.46289599609375,119.0199966430664,0.4904381353701074,0.036962756767349156,-0.16114570995515923,0.09296571574897763,0.02087341193253158,0.4639946179199219,,101.5,101.9,2026-09-04 19:39:42+00:00,False,False
NRG,2026-09-18,NRG260918C00125000,call,125.0,2.0,1.8,2.1,16,517,0.4530083996582031,119.0199966430664,0.31328142275747783,0.03356267218065748,-0.13848412700923457,0.08261098955152989,0.013520833916665875,0.4639946179199219,,101.5,101.9,2026-09-04 19:47:26+00:00,False,False
NRG,2026-09-18,NRG260918C00130000,call,130.0,0.98,0.0,1.1,142,1755,0.4648491015625,119.0199966430664,0.18334335222109532,0.0244971479301502,-0.10556733464846381,0.06187319736684719,0.007971534947917178,0.4639946179199219,,101.5,101.9,2026-09-04 19:35:51+00:00,True,False
NRG,2026-09-18,NRG260918C00135000,call,135.0,0.5,0.4,1.6,50,2042,0.5659223095703125,119.0199966430664,0.14367340186203043,0.017171280198483744,-0.10893256395000445,0.05280007366840225,0.006203782700963964,0.4639946179199219,,101.5,101.9,2026-09-04 18:12:46+00:00,False,True
NRG,2026-09-18,NRG260918C00140000,call,140.0,0.2,0.05,0.35,30,3738,0.51562984375,119.0199966430664,0.0620005184396675,0.010168452431097527,-0.05343069768367255,0.028488392583763063,0.002711299347739069,0.4639946179199219,,101.5,101.9,2026-09-04 16:34:38+00:00,False,True
NRG,2026-09-18,NRG260918C00150000,call,150.0,0.1,0.0,0.2,50,6165,0.5468795312500001,119.0199966430664,0.018375662240736442,0.0035343262461642916,-0.020800292825571682,0.010502032143531626,0.0008073557533306184,0.4639946179199219,,101.5,101.9,2026-09-04 18:12:46+00:00,True,False
NRG,2026-09-18,NRG260918C00160000,call,160.0,0.05,0.0,0.95,34,6446,0.8720715917968749,119.0199966430664,0.05094292132774436,0.005149720711778335,-0.07677321141518012,0.024401181439832376,0.0021692205629145036,0.4639946179199219,,101.5,101.9,2026-09-02 19:05:06+00:00,True,False
NRG,2026-09-18,NRG260918C00195000,call,195.0,0.85,0.0,1.2,144,204,1.3564485302734377,119.0199966430664,0.042862231813540506,0.0028824292687535803,-0.10354572889322396,0.02124403542589933,0.0017636345956472108,0.4639946179199219,,101.5,101.9,2026-07-23 17:57:57+00:00,True,False
NRG,2026-09-18,NRG260918P00100000,put,100.0,0.18,0.05,0.2,121,712,0.5029346582031251,119.0199966430664,-0.0331435166421894,0.006302302486936606,-0.030372201205712084,0.01722208971049518,-0.001573694644920687,0.4639946179199219,,101.5,101.9,2026-09-04 19:05:09+00:00,False,True
NRG,2026-09-18,NRG260918P00105000,put,105.0,0.5,0.3,0.55,76,504,0.4907277490234375,119.0199966430664,-0.08501948936248627,0.0136060047486404,-0.06213150929408024,0.03627824532919682,-0.0040591906657432624,0.4639946179199219,,101.5,101.9,2026-09-04 16:45:25+00:00,False,False
NRG,2026-09-18,NRG260918P00110000,put,110.0,1.12,1.0,1.3,266,523,0.4777884252929688,119.0199966430664,-0.18153804567303533,0.023686845667596237,-0.10181179225624566,0.06149189734285688,-0.008728149679717022,0.4639946179199219,,101.5,101.9,2026-09-04 19:56:28+00:00,False,False
NRG,2026-09-18,NRG260918P00115000,put,115.0,2.52,2.25,2.75,46,311,0.4731497998046875,119.0199966430664,-0.3307585005761027,0.03286622192955474,-0.1370401148817098,0.08449353547841668,-0.016068672295243676,0.4639946179199219,,101.5,101.9,2026-09-04 19:56:28+00:00,False,False
NRG,2026-09-18,NRG260918P00120000,put,120.0,4.6,4.6,5.0,24,556,0.4650932397460938,119.0199966430664,-0.5093454788793883,0.03678860634765441,-0.14547109424584712,0.09296691110503737,-0.025063754861917458,0.4639946179199219,,101.5,101.9,2026-09-04 18:24:20+00:00,False,False
NRG,2026-10-16,NRG261016C00110000,call,110.0,8.0,11.4,13.4,238,292,0.5177050183105469,119.0199966430664,0.7154380775557221,0.016230844480210213,-0.09420054048847953,0.13696821139798365,0.08219323620566803,0.4919484399414063,,96.8,98.9,2026-09-03 18:07:46+00:00,False,False
NRG,2026-10-16,NRG261016C00115000,call,115.0,9.6,9.1,10.3,30,316,0.5081836291503907,119.0199966430664,0.6250934746840503,0.01848033908226348,-0.10135591244315947,0.15308297694773154,0.07344703665810148,0.4919484399414063,,96.8,98.9,2026-09-04 19:32:54+00:00,False,False
NRG,2026-10-16,NRG261016C00125000,call,125.0,5.18,5.0,5.5,59,76,0.4880422290039063,119.0199966430664,0.42913225357898455,0.01992641719628306,-0.09832077293416902,0.1585195804093904,0.05225199900939114,0.4919484399414063,,96.8,98.9,2026-09-04 19:53:06+00:00,False,False
NRG,2026-10-16,NRG261016C00130000,call,130.0,3.55,3.5,4.2,238,252,0.5052539709472657,119.0199966430664,0.3462004879963041,0.018085019227148606,-0.09464176709970099,0.148944682695668,0.042441919802821054,0.4919484399414063,,96.8,98.9,2026-09-04 19:03:11+00:00,False,False
NRG,2026-10-16,NRG261016P00100000,put,100.0,1.18,1.1,1.3,53,219,0.4753470434570312,119.0199966430664,-0.11581844937425845,0.010165080272737666,-0.042522837946211964,0.07876221169644569,-0.01720200591224211,0.4919484399414063,,96.8,98.9,2026-09-04 19:45:21+00:00,False,False
NRG,2026-10-16,NRG261016P00110000,put,110.0,3.39,3.3,3.8,32,215,0.4764456652832031,119.0199966430664,-0.2729070391706463,0.01728096880788139,-0.07119184136075105,0.13420780074906966,-0.04141578171055176,0.4919484399414063,,96.8,98.9,2026-09-04 19:53:06+00:00,False,False
NRG,2026-10-16,NRG261016P00120000,put,120.0,7.8,7.6,8.5,84,90,0.4895070581054688,119.0199966430664,-0.47277767319703046,0.020139111692392436,-0.08483454214145861,0.16069248320375126,-0.07399089313905506,0.4919484399414063,,96.8,98.9,2026-09-04 18:49:17+00:00,False,False
NTB,2026-10-16,NTB261016C00060000,call,60.0,1.7,2.4,3.2,21,56,0.2832102929687499,61.52999877929688,0.6443186774595233,0.06302374057425993,-0.031184518382402,0.07775770749107848,0.04173212322090986,0.2832102929687499,,112.2,170.2,2026-08-20 16:37:22+00:00,False,False
NTES,2026-09-18,NTES260918C00130000,call,130.0,0.35,0.25,0.45,56,372,0.3427800097656249,119.29000091552734,0.11150359506453678,0.023709799102634748,-0.05607002590845854,0.04435949731116228,0.004940583328499753,0.422857333984375,,79.9,83.5,2026-09-04 17:46:29+00:00,False,False
NTES,2026-09-18,NTES260918C00170000,call,170.0,0.55,0.0,2.15,12,149,1.1899454565429686,119.29000091552734,0.08146515068598298,0.005421450800848859,-0.15084476643963007,0.035211605792765256,0.003366442724133219,0.422857333984375,,79.9,83.5,2026-07-28 18:32:02+00:00,True,False
NTES,2026-09-18,NTES260918P00120000,put,120.0,4.45,2.6,5.3,17,491,0.5105029418945313,119.29000091552734,-0.4960831316772505,0.033447930827796984,-0.1611297555280921,0.09319889443716209,-0.02461978243623318,0.422857333984375,,79.9,83.5,2026-09-03 19:31:28+00:00,False,True
OGE,2026-09-18,OGE260918P00040000,put,40.0,0.11,0.0,0.95,10,120,0.7382838671874999,46.91999816894531,-0.11719667228127784,0.028997777123732645,-0.046855480465197774,0.018077535796891163,-0.002268185070938953,0.3273993041992187,,96.0,61.4,2026-07-31 14:19:03+00:00,True,False
OMCL,2026-09-18,OMCL260918C00040000,call,40.0,0.1,0.0,0.3,53,489,0.5371140039062501,34.369998931884766,0.08514867331477599,0.04309623726907848,-0.02050144634708179,0.010488177719424391,0.0010705784862254297,0.7158257202148437,,80.4,273.3,2026-09-03 19:52:26+00:00,True,False
OPLN,2026-10-16,OPLN261016C00035000,call,35.0,1.23,0.95,2.1,15,137,0.3859924682617187,35.459999084472656,0.5828270934377753,0.08406538001204639,-0.02410600374467578,0.04694938168694155,0.021269354248235495,0.5698285205078124,,185.2,136.2,2026-08-24 13:30:36+00:00,False,True
OPLN,2026-10-16,OPLN261016C00050000,call,50.0,0.1,0.0,0.1,116,114,0.5429733203125001,35.459999084472656,0.0407304858579647,0.013389431205251707,-0.006983480088909179,0.010519000717640082,0.0015458652865710364,0.5698285205078124,,185.2,136.2,2026-08-05 19:51:48+00:00,True,False
ORN,2026-09-18,ORN260918C00010000,call,10.0,0.15,0.0,0.95,95,162,1.0058643457031249,9.279999732971191,0.39316384268600774,0.21035260589465946,-0.02554461811671884,0.00698905421591618,0.0012245262670508173,0.8310588916015624,,79.0,292.8,2026-09-03 16:12:13+00:00,True,False
ORN,2026-09-18,ORN260918P00010000,put,10.0,0.95,0.0,1.9,160,98,0.6562534375000001,9.279999732971191,-0.6922389917299119,0.29485319859996006,-0.013974214488041455,0.006391584477565399,-0.002817192278223282,0.8310588916015624,,79.0,292.8,2026-09-03 15:00:02+00:00,True,False
OSW,2026-09-18,OSW260918P00022500,put,22.5,0.95,0.5,0.75,10,89,0.3847717773437499,22.399999618530277,-0.49839726382288974,0.23634028508519606,-0.02242450428444644,0.01750137448045774,-0.0045517376515927035,0.3984435156249999,,96.6,250.7,2026-09-03 13:42:43+00:00,False,False
PEG,2026-10-16,PEG261016P00070000,put,70.0,0.8,0.55,1.0,16,50,0.2453688745117187,73.69999694824219,-0.23282564305767894,0.04983821855773718,-0.019856536856836967,0.07643166964454083,-0.020744617979894277,0.22736368347167965,,107.9,85.0,2026-09-02 19:19:00+00:00,False,False
PHIN,2026-09-18,PHIN260918P00065000,put,65.0,1.35,0.0,2.75,800,83,0.5478560839843751,69.04000091552734,-0.26320137694041046,0.04406333028453138,-0.08369477872560584,0.04413473820894516,-0.007449467996586352,0.4483697741699219,,122.2,128.2,2026-09-01 19:57:05+00:00,True,False
PNFP,2026-09-18,PNFP260918C00105000,call,105.0,0.8,0.25,1.9,11,183,0.4255428540039063,101.01000213623048,0.3445184491684614,0.04374344874911933,-0.11522784301402367,0.07284843960755814,0.012636631435951291,0.40296007202148443,,154.6,132.5,2026-08-27 14:53:14+00:00,False,True
PNFP,2026-09-18,PNFP260918P00100000,put,100.0,2.4,0.0,3.3,50,115,0.4655815161132813,101.01000213623048,-0.4298190013615345,0.04264243951194414,-0.12282355104901702,0.07769654446786027,-0.017834806763845978,0.40296007202148443,,154.6,132.5,2026-08-31 19:00:27+00:00,True,False
PNFP,2026-10-16,PNFP261016P00095000,put,95.0,2.2,0.0,3.4,48,57,0.4421442504882812,101.01000213623048,-0.30071359625326266,0.02297498002283022,-0.0581844279895751,0.11926261040862432,-0.03856357979154008,0.3769593554687499,,117.3,124.4,2026-09-01 18:41:13+00:00,True,False
PRIM,2026-09-18,PRIM260918P00065000,put,65.0,0.42,0.35,0.8,20,131,0.6035195898437502,74.43000030517578,-0.1109539741235317,0.02150659040757322,-0.05824731794043391,0.027579992795745446,-0.0033581691666038378,0.5181932946777343,,116.8,98.7,2026-09-04 14:34:55+00:00,False,True
PYPL,2026-09-04,PYPL260904C00055000,call,55.0,0.09,0.05,0.12,5122,2863,0.1211025390625,54.959999084472656,,,,,,0.168953623046875,,,,2026-09-04 19:59:31+00:00,False,True
PYPL,2026-09-04,PYPL260904C00056000,call,56.0,0.01,0.0,0.03,5095,6311,0.2617261328125,54.959999084472656,,,,,,0.168953623046875,,,,2026-09-04 19:38:00+00:00,True,False
PYPL,2026-09-04,PYPL260904C00057000,call,57.0,0.01,0.01,0.02,3516,8572,0.4023497265625,54.959999084472656,,,,,,0.168953623046875,,,,2026-09-04 19:57:39+00:00,False,False
PYPL,2026-09-04,PYPL260904C00058000,call,58.0,0.01,0.0,0.01,384,4133,0.500005,54.959999084472656,,,,,,0.168953623046875,,,,2026-09-04 19:50:59+00:00,True,False
PYPL,2026-09-04,PYPL260904C00059000,call,59.0,0.01,0.0,0.03,262,356,0.6640658593750002,54.959999084472656,,,,,,0.168953623046875,,,,2026-09-04 18:00:16+00:00,True,False
PYPL,2026-09-04,PYPL260904C00060000,call,60.0,0.01,0.0,0.01,288,7086,0.6875031250000001,54.959999084472656,,,,,,0.168953623046875,,,,2026-09-04 19:53:05+00:00,True,False
PYPL,2026-09-04,PYPL260904C00061000,call,61.0,0.01,0.0,0.03,26,572,0.92187578125,54.959999084472656,,,,,,0.168953623046875,,,,2026-09-04 19:46:44+00:00,True,False
PYPL,2026-09-04,PYPL260904C00062000,call,62.0,0.01,0.0,0.01,11,1414,0.9062509375,54.959999084472656,,,,,,0.168953623046875,,,,2026-09-04 17:46:40+00:00,True,False
PYPL,2026-09-04,PYPL260904C00065000,call,65.0,0.01,0.0,0.01,17,3604,1.21875390625,54.959999084472656,,,,,,0.168953623046875,,,,2026-09-04 15:24:01+00:00,True,False
PYPL,2026-09-04,PYPL260904C00071000,call,71.0,0.01,0.0,2.13,12,828,4.546879316406249,54.959999084472656,,,,,,0.168953623046875,,,,2026-09-02 19:32:21+00:00,True,False
PYPL,2026-09-04,PYPL260904C00073000,call,73.0,0.01,0.0,0.14,335,612,2.6718783203125005,54.959999084472656,,,,,,0.168953623046875,,,,2026-09-03 15:16:22+00:00,True,False
PYPL,2026-09-04,PYPL260904C00075000,call,75.0,0.06,0.0,0.01,40,127,2.1250046875,54.959999084472656,,,,,,0.168953623046875,,,,2026-08-25 18:31:04+00:00,True,False
PYPL,2026-09-04,PYPL260904P00049000,put,49.0,0.03,0.0,0.01,25,453,0.87500125,54.959999084472656,,,,,,0.168953623046875,,,,2026-09-04 19:32:04+00:00,True,False
PYPL,2026-09-04,PYPL260904P00051000,put,51.0,0.01,0.0,0.01,21,1698,0.5937540625000001,54.959999084472656,,,,,,0.168953623046875,,,,2026-09-04 18:51:37+00:00,True,False
PYPL,2026-09-04,PYPL260904P00052000,put,52.0,0.01,0.0,0.01,19,2190,0.51562984375,54.959999084472656,,,,,,0.168953623046875,,,,2026-09-04 17:20:06+00:00,True,False
PYPL,2026-09-04,PYPL260904P00053000,put,53.0,0.01,0.0,0.01,434,1806,0.35938140625,54.959999084472656,,,,,,0.168953623046875,,,,2026-09-04 19:13:22+00:00,True,False
PYPL,2026-09-04,PYPL260904P00054000,put,54.0,0.01,0.0,0.01,1832,1610,0.195320546875,54.959999084472656,,,,,,0.168953623046875,,,,2026-09-04 19:47:51+00:00,True,False
PYPL,2026-09-04,PYPL260904P00055000,put,55.0,0.15,0.04,0.27,822,350,0.21680470703125,54.959999084472656,,,,,,0.168953623046875,,,,2026-09-04 19:59:49+00:00,False,True
PYPL,2026-09-04,PYPL260904P00056000,put,56.0,1.17,0.0,2.32,321,359,1.51172119140625,54.959999084472656,,,,,,0.168953623046875,,,,2026-09-04 19:25:40+00:00,True,False
PYPL,2026-09-04,PYPL260904P00057000,put,57.0,2.24,1.37,2.39,135,279,0.92187578125,54.959999084472656,,,,,,0.168953623046875,,,,2026-09-04 19:48:32+00:00,False,False
PYPL,2026-09-04,PYPL260904P00058000,put,58.0,3.2,2.4,3.4,118,596,1.1679729101562502,54.959999084472656,,,,,,0.168953623046875,,,,2026-09-04 19:52:58+00:00,False,False
PYPL,2026-09-04,PYPL260904P00059000,put,59.0,4.25,3.05,5.35,64,521,1.078129609375,54.959999084472656,,,,,,0.168953623046875,,,,2026-09-04 19:38:44+00:00,False,False
PYPL,2026-09-04,PYPL260904P00060000,put,60.0,5.27,4.35,5.45,16,612,1.6640641796875002,54.959999084472656,,,,,,0.168953623046875,,,,2026-09-04 19:47:18+00:00,False,False
PYPL,2026-09-04,PYPL260904P00061000,put,61.0,6.25,4.9,7.2,27,1017,0.87500125,54.959999084472656,,,,,,0.168953623046875,,,,2026-09-04 19:46:49+00:00,False,False
PYPL,2026-09-04,PYPL260904P00062000,put,62.0,6.95,5.75,8.3,22,276,3.1054709863281245,54.959999084472656,,,,,,0.168953623046875,,,,2026-09-04 18:27:21+00:00,False,False
PYPL,2026-09-04,PYPL260904P00063000,put,63.0,8.6,6.5,9.3,12,234,3.3222673193359373,54.959999084472656,,,,,,0.168953623046875,,,,2026-09-04 19:54:22+00:00,False,False
PYPL,2026-09-04,PYPL260904P00069000,put,69.0,16.36,13.9,14.7,97,93,2.86719033203125,54.959999084472656,,,,,,0.168953623046875,,,,2026-09-01 19:03:58+00:00,False,False
PYPL,2026-09-11,PYPL260911C00053000,call,53.0,2.07,1.86,2.35,66,183,0.3466862207031249,54.959999084472656,0.7882440351641307,0.10975660137269339,-0.06019974052711804,0.022042753316393094,0.007860448326449306,0.36475244628906245,,84.6,102.0,2026-09-04 19:45:47+00:00,False,False
PYPL,2026-09-11,PYPL260911C00054000,call,54.0,1.5,1.29,2.0,54,991,0.4570366796875,54.959999084472656,0.6274892402728502,0.10877867432231451,-0.09847772425168691,0.028800062282578014,0.0062419655481351045,0.36475244628906245,,84.6,102.0,2026-09-04 19:49:39+00:00,False,False
PYPL,2026-09-11,PYPL260911C00055000,call,55.0,1.03,0.87,1.1,1384,2681,0.344733115234375,54.959999084472656,0.511454525244395,0.15198428807104641,-0.07844332303001814,0.030351510304955184,0.005188945247071018,0.36475244628906245,,84.6,102.0,2026-09-04 19:59:24+00:00,False,False
PYPL,2026-09-11,PYPL260911C00056000,call,56.0,0.64,0.58,0.7,5397,4113,0.3496158789062499,54.959999084472656,0.3657355096180773,0.1413504562901363,-0.07415538239558564,0.028627733999085442,0.0037304315219739777,0.36475244628906245,,84.6,102.0,2026-09-04 19:59:26+00:00,False,False
PYPL,2026-09-11,PYPL260911C00057000,call,57.0,0.43,0.36,0.47,1620,623,0.372076591796875,54.959999084472656,0.2536851090064902,0.11308240810018273,-0.06663085441167767,0.024373955048632455,0.0025934149452947284,0.36475244628906245,,84.6,102.0,2026-09-04 19:59:29+00:00,False,False
PYPL,2026-09-11,PYPL260911C00058000,call,58.0,0.31,0.18,0.38,4767,990,0.42188078125,54.959999084472656,0.1905511299123877,0.08466189330301199,-0.06373991431295033,0.020690754473447755,0.0019455634190297417,0.36475244628906245,,84.6,102.0,2026-09-04 19:59:39+00:00,False,True
PYPL,2026-09-11,PYPL260911C00059000,call,59.0,0.25,0.21,0.4,3456,391,0.5097705273437501,54.959999084472656,0.1695658204964513,0.06511426931489848,-0.07124582769998376,0.019228681393960233,0.0017220082367366174,0.36475244628906245,,84.6,102.0,2026-09-04 19:53:22+00:00,False,False
PYPL,2026-09-11,PYPL260911C00060000,call,60.0,0.18,0.15,0.19,12798,11611,0.4648491015625,54.959999084472656,0.09411048454177223,0.047441772727429256,-0.043106271688164936,0.012775311954591083,0.0009628575207076035,0.36475244628906245,,84.6,102.0,2026-09-04 19:59:48+00:00,False,False
PYPL,2026-09-11,PYPL260911C00061000,call,61.0,0.12,0.0,0.25,44,394,0.567387138671875,54.959999084472656,0.10106510848371913,0.04095444770190293,-0.05528793528002108,0.013461057205781092,0.0010268020771639298,0.36475244628906245,,84.6,102.0,2026-09-04 19:54:41+00:00,True,False
PYPL,2026-09-11,PYPL260911C00062000,call,62.0,0.08,0.01,0.3,262,1774,0.5585981640625001,54.959999084472656,0.06590516275818536,0.030144520906714073,-0.039400338960736664,0.009754533377063722,0.0006718301878895916,0.36475244628906245,,84.6,102.0,2026-09-04 19:33:50+00:00,False,True
PYPL,2026-09-11,PYPL260911C00063000,call,63.0,0.06,0.03,0.15,109,447,0.5468795312500001,54.959999084472656,0.039869501431935093,0.020648129691998137,-0.025843814889892885,0.006541404379189566,0.00040773923977114836,0.36475244628906245,,84.6,102.0,2026-09-04 19:21:37+00:00,False,True
PYPL,2026-09-11,PYPL260911C00064000,call,64.0,0.05,0.02,0.14,60,542,0.5820354296875,54.959999084472656,0.03310299783036017,0.01666141631148246,-0.023596635347548554,0.005617718162022372,0.0003381794436083376,0.36475244628906245,,84.6,102.0,2026-09-04 19:41:36+00:00,False,True
PYPL,2026-09-11,PYPL260911C00065000,call,65.0,0.08,0.05,0.1,131,1157,0.62305064453125,54.959999084472656,0.029359446109419266,0.014093728338162673,-0.02285215910127259,0.005086837390335613,0.00029944959503896236,0.36475244628906245,,84.6,102.0,2026-09-04 19:57:23+00:00,False,False
PYPL,2026-09-11,PYPL260911C00068000,call,68.0,0.04,0.01,0.08,12,154,0.6953155468750001,54.959999084472656,0.015662093489246968,0.0074263955396241576,-0.014970357013427428,0.002991290735342311,0.00015959028373179566,0.36475244628906245,,84.6,102.0,2026-09-04 17:44:34+00:00,False,True
PYPL,2026-09-11,PYPL260911C00070000,call,70.0,0.01,0.01,0.15,2819,7098,0.8476577734374999,54.959999084472656,0.023090280848312883,0.008473850301678373,-0.02536023379957822,0.004161021365688857,0.0002331062587526878,0.36475244628906245,,84.6,102.0,2026-09-04 19:45:12+00:00,False,True
PYPL,2026-09-11,PYPL260911C00072000,call,72.0,0.17,0.0,1.98,10,70,1.625978432617187,54.959999084472656,0.13951554669174687,0.017942882126759818,-0.19722830134944,0.016900735071770003,0.0013173146684668114,0.36475244628906245,,84.6,102.0,2026-08-26 14:01:22+00:00,True,False
PYPL,2026-09-11,PYPL260911P00050000,put,50.0,0.02,0.0,0.11,100,2194,0.43945873046875,54.959999084472656,-0.054762978341728386,0.033145010215953175,-0.026063332096747653,0.008437909501645134,-0.0005924650385850275,0.36475244628906245,,84.6,102.0,2026-09-04 19:49:23+00:00,True,False
PYPL,2026-09-11,PYPL260911P00051000,put,51.0,0.06,0.04,0.07,108,201,0.3300848242187499,54.959999084472656,-0.046504428343818405,0.03873932508657043,-0.01710836100528768,0.007407577729358855,-0.0004995845194186958,0.36475244628906245,,84.6,102.0,2026-09-04 19:30:08+00:00,False,False
PYPL,2026-09-11,PYPL260911P00052000,put,52.0,0.13,0.1,0.14,114,397,0.3125068749999999,54.959999084472656,-0.09291324966802417,0.06990475721924029,-0.027534669653268833,0.01265508064267318,-0.0009994595305715089,0.36475244628906245,,84.6,102.0,2026-09-04 19:53:46+00:00,False,False
PYPL,2026-09-11,PYPL260911P00053000,put,53.0,0.3,0.13,0.3,435,532,0.3086006640625,54.959999084472656,-0.1857902140960077,0.11394611742073636,-0.04346967102086556,0.020370186121785774,-0.002004990213386329,0.36475244628906245,,84.6,102.0,2026-09-04 19:59:37+00:00,False,True
PYPL,2026-09-11,PYPL260911P00054000,put,54.0,0.54,0.39,0.55,1039,1533,0.2968820312499999,54.959999084472656,-0.3182898633946707,0.1579065639791656,-0.05512721695972057,0.027157057099759397,-0.0034463190018792183,0.36475244628906245,,84.6,102.0,2026-09-04 19:58:40+00:00,False,False
PYPL,2026-09-11,PYPL260911P00055000,put,55.0,1.11,0.63,1.27,609,242,0.3847717773437499,54.959999084472656,-0.4876410333424124,0.13615985640039016,-0.07958105489865605,0.03034945546808075,-0.005362662360565722,0.36475244628906245,,84.6,102.0,2026-09-04 19:54:12+00:00,False,True
PYPL,2026-09-11,PYPL260911P00056000,put,56.0,1.82,1.3,3.3,163,281,0.5283250292968751,54.959999084472656,-0.5818105225422979,0.09711749457814862,-0.10749230650785775,0.029723316433773583,-0.00654649114573633,0.36475244628906245,,84.6,102.0,2026-09-04 19:54:38+00:00,False,True
PYPL,2026-09-11,PYPL260911P00057000,put,57.0,2.69,2.09,2.73,10,473,0.452153916015625,54.959999084472656,-0.7038212882871685,0.10044381171035657,-0.07931388331138715,0.026309227173016453,-0.007918764300298814,0.36475244628906245,,84.6,102.0,2026-09-04 19:15:07+00:00,False,False
PYPL,2026-09-11,PYPL260911P00058000,put,58.0,3.4,2.46,3.95,16,457,0.6259803027343751,54.959999084472656,-0.7145191339731145,0.07131474415805915,-0.10973076233113589,0.025860600514266977,-0.008259198124545565,0.36475244628906245,,84.6,102.0,2026-09-04 19:52:58+00:00,False,False
PYPL,2026-09-11,PYPL260911P00059000,put,59.0,4.43,3.3,5.6,82,914,0.5136767382812499,54.959999084472656,-0.8284542611570156,0.06510120883878809,-0.06424812562484891,0.019372138320916433,-0.009562792387427159,0.36475244628906245,,84.6,102.0,2026-09-04 19:45:57+00:00,False,False
PYPL,2026-09-11,PYPL260911P00060000,put,60.0,5.35,4.5,5.5,17,486,0.6123085644531252,54.959999084472656,-0.8367050212244058,0.05290710351292602,-0.07504273325517574,0.01876648470647838,-0.00984896654730704,0.36475244628906245,,84.6,102.0,2026-09-04 19:47:18+00:00,False,False
PYPL,2026-09-11,PYPL260911P00062000,put,62.0,7.23,5.9,8.45,18,112,0.5410202148437502,54.959999084472656,-0.9404352913095059,0.028764402768760928,-0.026787368821161502,0.00901503595080679,-0.011270850519670117,0.36475244628906245,,84.6,102.0,2026-09-04 16:11:18+00:00,False,False
PYPL,2026-09-18,PYPL260918C00040000,call,40.0,14.5,14.35,16.8,10,154,1.2626989990234374,54.959999084472656,0.9216420110359882,0.010767837501510823,-0.07584531489351451,0.015752770069099694,0.013456811720855106,0.3632876171874999,,95.0,102.8,2026-09-03 13:49:35+00:00,False,False
PYPL,2026-09-18,PYPL260918C00045000,call,45.0,9.61,9.65,11.9,40,5364,0.981445498046875,54.959999084472656,0.8741641316197999,0.0195770899092703,-0.08313461950109466,0.022260910698347083,0.014298228729902402,0.3632876171874999,,95.0,102.8,2026-09-04 17:52:17+00:00,False,False
PYPL,2026-09-18,PYPL260918C00047500,call,47.5,7.35,5.75,9.1,18,2804,1.0659226391601564,54.959999084472656,0.7917033172598017,0.024999047069357374,-0.12225013034578171,0.030872922691530066,0.013218892628756721,0.3632876171874999,,95.0,102.8,2026-09-04 19:13:11+00:00,False,False
PYPL,2026-09-18,PYPL260918C00050000,call,50.0,4.95,4.65,6.15,106,7097,0.719729365234375,54.959999084472656,0.774901697603172,0.03872296105252527,-0.0879932980549168,0.03228987670031479,0.013981509943629102,0.3632876171874999,,95.0,102.8,2026-09-04 18:22:26+00:00,False,False
PYPL,2026-09-18,PYPL260918C00052000,call,52.0,3.2,2.23,4.25,23,234,0.5776409423828125,54.959999084472656,0.7132434054715223,0.05476296642195154,-0.08039774168450282,0.03664996277156329,0.013408486379999765,0.3632876171874999,,95.0,102.8,2026-09-04 19:09:31+00:00,False,False
PYPL,2026-09-18,PYPL260918C00052500,call,52.5,2.8,2.71,3.3,50,1831,0.4169980175781249,54.959999084472656,0.7340250635318211,0.07311051956148966,-0.05767565074285144,0.035321770581908704,0.014200738979931444,0.3632876171874999,,95.0,102.8,2026-09-04 19:44:15+00:00,False,False
PYPL,2026-09-18,PYPL260918C00053000,call,53.0,2.6,2.35,2.9,45,292,0.40039662109375,54.959999084472656,0.7008171261286977,0.0805756832657503,-0.05832806862362042,0.037378597815186716,0.013655949481907322,0.3632876171874999,,95.0,102.8,2026-09-04 19:55:01+00:00,False,False
PYPL,2026-09-18,PYPL260918C00054000,call,54.0,1.86,1.77,2.12,33,959,0.3618227880859375,54.959999084472656,0.6221641564350086,0.0975942509127966,-0.05725983829564638,0.04091181583168035,0.012299274529040076,0.3632876171874999,,95.0,102.8,2026-09-04 19:55:56+00:00,False,False
PYPL,2026-09-18,PYPL260918C00055000,call,55.0,1.47,1.41,1.5,751,11221,0.34180345703125,54.959999084472656,0.5204373282324867,0.10829263836827871,-0.056063527747496025,0.042884859389474776,0.01039594575677349,0.3632876171874999,,95.0,102.8,2026-09-04 19:59:41+00:00,False,False
PYPL,2026-09-18,PYPL260918C00056000,call,56.0,0.9,0.1,1.45,162,1628,0.4292049267578125,54.959999084472656,0.4371624889833376,0.08528029930032431,-0.06810084464253648,0.04240743638203533,0.008667558735721448,0.3632876171874999,,95.0,102.8,2026-09-04 19:50:29+00:00,False,True
PYPL,2026-09-18,PYPL260918C00057000,call,57.0,0.87,0.62,0.87,79,387,0.3754945263671875,54.959999084472656,0.332600493600994,0.08988301230625616,-0.05482642265303001,0.03910297805833224,0.006684441172884152,0.3632876171874999,,95.0,102.8,2026-09-04 19:59:56+00:00,False,False
PYPL,2026-09-18,PYPL260918C00057500,call,57.5,0.3,0.31,0.75,100,6949,0.3808655664062499,54.959999084472656,0.29367391061496756,0.08398912387340506,-0.05252341713822217,0.037061531879508065,0.0059109546753008165,0.3632876171874999,,95.0,102.8,2026-09-04 19:49:32+00:00,False,True
PYPL,2026-09-18,PYPL260918C00058000,call,58.0,0.53,0.45,0.6,214,1415,0.3735414208984374,54.959999084472656,0.2504350427483323,0.07910778777070278,-0.047479871586869546,0.03423628326924273,0.005056941456491435,0.3632876171874999,,95.0,102.8,2026-09-04 19:59:55+00:00,False,False
PYPL,2026-09-18,PYPL260918C00059000,call,59.0,0.38,0.3,0.46,52,610,0.3916076464843749,54.959999084472656,0.1944816503951387,0.06530285462022459,-0.0428427893537489,0.029628654814156673,0.003931732387798533,0.3632876171874999,,95.0,102.8,2026-09-04 19:49:34+00:00,False,False
PYPL,2026-09-18,PYPL260918C00060000,call,60.0,0.29,0.23,0.31,11326,13529,0.3916076464843749,54.959999084472656,0.13992855524365133,0.0527853741177173,-0.034509181359329344,0.02394933021022331,0.0028382994210952688,0.3632876171874999,,95.0,102.8,2026-09-04 19:59:46+00:00,False,False
PYPL,2026-09-18,PYPL260918C00061000,call,61.0,0.19,0.0,0.7,64,673,0.5800823242187501,54.959999084472656,0.19930443232628953,0.044743980613727696,-0.06370983018076497,0.030071345139332482,0.0039489666980599145,0.3632876171874999,,95.0,102.8,2026-09-04 19:04:05+00:00,True,False
PYPL,2026-09-18,PYPL260918C00062500,call,62.5,0.1,0.1,0.3,171,17425,0.5048877636718749,54.959999084472656,0.10910091201209993,0.034397064728834414,-0.037065016273170735,0.020120780990080724,0.0021946843907437834,0.3632876171874999,,95.0,102.8,2026-09-04 19:11:29+00:00,False,True
PYPL,2026-09-18,PYPL260918C00063000,call,63.0,0.12,0.07,0.2,24,324,0.4755911816406249,54.959999084472656,0.08096115581317392,0.02930438416860545,-0.028011202419657214,0.01614711719423692,0.0016371013100723053,0.3632876171874999,,95.0,102.8,2026-09-04 18:06:15+00:00,False,True
PYPL,2026-09-18,PYPL260918C00064000,call,64.0,0.18,0.0,0.49,85,122,0.5410202148437502,54.959999084472656,0.08595700044285554,0.02694622231035341,-0.03325283470696935,0.016890401988814332,0.0017274480516578324,0.3632876171874999,,95.0,102.8,2026-09-03 19:49:30+00:00,True,False
PYPL,2026-09-18,PYPL260918C00065000,call,65.0,0.08,0.05,0.09,10425,23599,0.47070841796875,54.959999084472656,0.03979090389095914,0.016935919104513742,-0.015815646070712928,0.009236115187922271,0.0008086373151558251,0.3632876171874999,,95.0,102.8,2026-09-04 19:49:35+00:00,False,False
PYPL,2026-09-18,PYPL260918C00066000,call,66.0,0.08,0.0,0.64,95,136,0.6621127539062501,54.959999084472656,0.09143094128522611,0.023054141035453595,-0.04246889684499793,0.01768518079901739,0.0018170735443208109,0.3632876171874999,,95.0,102.8,2026-09-03 19:58:32+00:00,True,False
PYPL,2026-09-18,PYPL260918C00067000,call,67.0,0.07,0.0,0.35,43,526,0.6113320117187502,54.959999084472656,0.05721426963178408,0.017439924150818676,-0.027378972725664325,0.012352371206687158,0.0011471242390518508,0.3632876171874999,,95.0,102.8,2026-09-03 19:59:10+00:00,True,False
PYPL,2026-09-18,PYPL260918C00067500,call,67.5,0.04,0.04,0.05,22,14963,0.5019581054687501,54.959999084472656,0.02159081556148155,0.009561370415786445,-0.010125223561327862,0.005560530404824376,0.00043909289764775846,0.3632876171874999,,95.0,102.8,2026-09-04 19:44:51+00:00,False,False
PYPL,2026-09-18,PYPL260918C00070000,call,70.0,0.03,0.02,0.04,444,16274,0.5351608984375,54.959999084472656,0.012637030629038398,0.005670708629030935,-0.006811900917019324,0.0035160117039803214,0.0002570027434653688,0.3632876171874999,,95.0,102.8,2026-09-04 19:56:25+00:00,False,False
PYPL,2026-09-18,PYPL260918C00071000,call,71.0,0.05,0.0,0.75,63,84,0.8789074609374999,54.959999084472656,0.08219496442564744,0.016038955022905966,-0.051839874973828304,0.01633231793355476,0.0016056890646731759,0.3632876171874999,,95.0,102.8,2026-08-28 19:21:06+00:00,True,False
PYPL,2026-09-18,PYPL260918C00075000,call,75.0,0.01,0.0,0.04,153,3609,0.632816171875,54.959999084472656,0.007528962070032595,0.0030506889200907724,-0.005109485627013407,0.002236681258725975,0.00015247903712225656,0.3632876171874999,,95.0,102.8,2026-09-04 18:31:06+00:00,True,False
PYPL,2026-09-18,PYPL260918C00077500,call,77.5,0.01,0.0,0.03,16,2000,0.6640658593750002,54.959999084472656,0.005192623126553819,0.002092186861433234,-0.0038551664503970184,0.0016096825216996733,0.0001051139901775427,0.3632876171874999,,95.0,102.8,2026-09-04 16:30:11+00:00,True,False
PYPL,2026-09-18,PYPL260918C00080000,call,80.0,0.01,0.0,0.02,21,5520,0.6875031250000001,54.959999084472656,0.0033983027620159275,0.0013831249061067466,-0.0027296599957356785,0.0011017033834734818,6.880279844897832e-05,0.3632876171874999,,95.0,102.8,2026-09-04 18:00:31+00:00,True,False
PYPL,2026-09-18,PYPL260918C00085000,call,85.0,0.01,0.0,0.01,10,3282,0.73437765625,54.959999084472656,0.0016068927607098358,0.0006573047925488758,-0.0014784355161799132,0.0005592614166796731,3.252856118102722e-05,0.3632876171874999,,95.0,102.8,2026-08-17 19:30:29+00:00,True,False
PYPL,2026-09-18,PYPL260918C00100000,call,100.0,0.02,0.0,0.04,15,5530,1.109379453125,54.959999084472656,0.004176154792748324,0.0010311393565511579,-0.00528051793298405,0.0013253362788664166,8.244184979986256e-05,0.3632876171874999,,95.0,102.8,2026-08-20 19:12:50+00:00,True,False
PYPL,2026-09-18,PYPL260918C00105000,call,105.0,0.1,0.0,0.25,15,1364,1.48047134765625,54.959999084472656,0.018713133832735956,0.0028714479975613864,-0.026169160285790503,0.004925264600063995,0.0003565176000097437,0.3632876171874999,,95.0,102.8,2026-07-16 17:44:22+00:00,True,False
PYPL,2026-09-18,PYPL260918C00110000,call,110.0,0.01,0.0,0.04,38,1801,1.2656286718749998,54.959999084472656,0.0038188737559491565,0.000834276710328377,-0.0055562949426692185,0.0012233339535799494,7.476057018397184e-05,0.3632876171874999,,95.0,102.8,2026-08-20 19:12:51+00:00,True,False
PYPL,2026-09-18,PYPL260918C00115000,call,115.0,0.01,0.0,0.01,27,1494,1.1875040625,54.959999084472656,0.0011437556116916233,0.000297948728698089,-0.001746614025814341,0.0004099257931025114,2.263382595248737e-05,0.3632876171874999,,95.0,102.8,2026-08-20 19:12:52+00:00,True,False
PYPL,2026-09-18,PYPL260918P00030000,put,30.0,0.01,0.0,0.03,20,762,1.15625421875,54.959999084472656,-0.002593568363541965,0.0006446416423504004,-0.003545183360714242,0.0008635754581701405,-5.86142571820134e-05,0.3632876171874999,,95.0,102.8,2026-09-04 18:52:59+00:00,True,False
PYPL,2026-09-18,PYPL260918P00032500,put,32.5,0.03,0.0,0.05,22,4537,1.078129609375,54.959999084472656,-0.004623470804095198,0.0011620127876719498,-0.005551596090193551,0.0014514780940043787,-0.00010434605251115874,0.3632876171874999,,95.0,102.8,2026-09-04 19:32:16+00:00,True,False
PYPL,2026-09-18,PYPL260918P00035000,put,35.0,0.02,0.0,0.05,10,14494,0.937500625,54.959999084472656,-0.005233829076670471,0.0014924312975247672,-0.005385770488210992,0.001621042938829182,-0.00011713031605116966,0.3632876171874999,,95.0,102.8,2026-09-04 16:15:32+00:00,True,False
PYPL,2026-09-18,PYPL260918P00042500,put,42.5,0.07,0.0,0.09,30,3047,0.6171913281250001,54.959999084472656,-0.01378670958342021,0.005301214208030012,-0.008247371574021698,0.003790738040551289,-0.00030346605095735174,0.3632876171874999,,95.0,102.8,2026-09-03 15:31:52+00:00,True,False
PYPL,2026-09-18,PYPL260918P00050000,put,50.0,0.13,0.1,0.15,172,14216,0.3457096679687499,54.959999084472656,-0.07226424732497927,0.03697538724062951,-0.017724583457512984,0.014809925058142881,-0.0015705090638900906,0.3632876171874999,,95.0,102.8,2026-09-04 19:54:51+00:00,False,False
PYPL,2026-09-18,PYPL260918P00051000,put,51.0,0.22,0.0,0.32,317,590,0.36524072265625,54.959999084472656,-0.13393278884548043,0.054927130468847306,-0.029273175385599353,0.02324313524390166,-0.002928504053117792,0.3632876171874999,,95.0,102.8,2026-09-04 18:50:16+00:00,True,False
PYPL,2026-09-18,PYPL260918P00052000,put,52.0,0.42,0.21,0.44,544,692,0.3398503515625,54.959999084472656,-0.18569626657720661,0.07314041208952027,-0.03350394021976227,0.028798756202390488,-0.0040616415841169705,0.3632876171874999,,95.0,102.8,2026-09-04 19:38:38+00:00,False,True
PYPL,2026-09-18,PYPL260918P00052500,put,52.5,0.5,0.33,0.58,79,3962,0.3452213916015625,54.959999084472656,-0.22981170310117682,0.0816788160198714,-0.03847818394547466,0.03266899222351419,-0.005041434528892869,0.3632876171874999,,95.0,102.8,2026-09-04 19:49:39+00:00,False,False
PYPL,2026-09-18,PYPL260918P00053000,put,53.0,0.64,0.56,0.75,196,836,0.3515689843749999,54.959999084472656,-0.27770152530222636,0.08859871105135553,-0.04312969585556875,0.03608831151757258,-0.006112161884823524,0.3632876171874999,,95.0,102.8,2026-09-04 19:57:26+00:00,False,False
PYPL,2026-09-18,PYPL260918P00054000,put,54.0,1.03,0.68,1.08,133,1493,0.3432682861328124,54.959999084472656,-0.37287172163296756,0.10244261372181626,-0.04700531772612223,0.04074205559600376,-0.008239666346537458,0.3632876171874999,,95.0,102.8,2026-09-04 19:40:55+00:00,False,False
PYPL,2026-09-18,PYPL260918P00055000,put,55.0,1.51,1.39,1.73,112,10831,0.3847717773437499,54.959999084472656,-0.478677429105835,0.09618816641224891,-0.05509932117824775,0.042879870033066876,-0.010711538749827715,0.3632876171874999,,95.0,102.8,2026-09-04 18:21:46+00:00,False,False
PYPL,2026-09-18,PYPL260918P00056000,put,56.0,2.12,1.44,2.5,20,656,0.43164630859375,54.959999084472656,-0.5622971532608693,0.08481627134239719,-0.060830839590902644,0.04241659595965694,-0.012763319836457515,0.3632876171874999,,95.0,102.8,2026-09-04 18:05:28+00:00,False,False
PYPL,2026-09-18,PYPL260918P00057000,put,57.0,2.65,1.46,4.0,25,96,0.6333044482421876,54.959999084472656,-0.5856484660195854,0.057169936927393084,-0.08994267414779704,0.04194776790398648,-0.013817592460423354,0.3632876171874999,,95.0,102.8,2026-09-04 18:07:31+00:00,False,True
PYPL,2026-09-18,PYPL260918P00057500,put,57.5,3.25,1.9,3.9,23,3333,0.5327195166015625,54.959999084472656,-0.6415062244106271,0.0651500231278509,-0.07116025708838117,0.04021071420093941,-0.014961602465813007,0.3632876171874999,,95.0,102.8,2026-09-04 19:05:52+00:00,False,True
PYPL,2026-09-18,PYPL260918P00058000,put,58.0,3.4,2.97,3.9,10,58,0.4443414941406249,54.959999084472656,-0.709904878212457,0.0715809811089845,-0.052619364854140184,0.03685047774128145,-0.01640774180197592,0.3632876171874999,,95.0,102.8,2026-09-04 14:17:12+00:00,False,False
PYPL,2026-09-18,PYPL260918P00059000,put,59.0,4.25,3.1,5.7,33,352,0.7158231542968749,54.959999084472656,-0.663555341166947,0.0473625951175769,-0.09466725058456725,0.03927985152060848,-0.016105970521160293,0.3632876171874999,,95.0,102.8,2026-09-03 16:53:43+00:00,False,False
PYPL,2026-09-18,PYPL260918P00060000,put,60.0,5.5,4.45,5.75,21,4015,0.5273484765625001,54.959999084472656,-0.7821037344597119,0.05187602368292081,-0.05303904724904892,0.03169516233285841,-0.01863462340900326,0.3632876171874999,,95.0,102.8,2026-09-04 19:43:53+00:00,False,False
PYPL,2026-09-18,PYPL260918P00061000,put,61.0,6.42,4.35,7.75,41,736,0.86132951171875,54.959999084472656,-0.6993025484105582,0.037542013763694565,-0.1089473974644785,0.03746411666024196,-0.017636780198865148,0.3632876171874999,,95.0,102.8,2026-09-04 19:29:18+00:00,False,False
PYPL,2026-09-18,PYPL260918P00095000,put,95.0,55.05,48.3,52.15,200,126,4.424320875854491,54.959999084472656,-0.5777480213140913,0.008217612596991435,-0.6544754108733133,0.042123154322735,-0.031132359823890652,0.3632876171874999,,95.0,102.8,2026-02-05 20:38:19+00:00,False,False
PYPL,2026-09-25,PYPL260925C00049000,call,49.0,5.78,4.85,8.1,15,65,0.8879405737304686,54.959999084472656,0.7450319924160055,0.027430343615070792,-0.09398795603822328,0.04232870803528563,0.018895642379327563,0.39771110107421875,,89.7,89.7,2026-09-03 14:46:58+00:00,False,False
PYPL,2026-09-25,PYPL260925C00051000,call,51.0,3.95,3.45,6.3,20,60,0.7749045947265626,54.959999084472656,0.6952315452464454,0.034277495038063134,-0.08953825687592337,0.0461612091849116,0.018355347923658123,0.39771110107421875,,89.7,89.7,2026-09-03 14:00:35+00:00,False,False
PYPL,2026-09-25,PYPL260925C00052000,call,52.0,3.65,2.65,5.55,20,465,0.74414318359375,54.959999084472656,0.6611218871829346,0.037303571803503424,-0.0896908365782608,0.048242164940128854,0.017710731608672578,0.39771110107421875,,89.7,89.7,2026-09-04 14:38:30+00:00,False,True
PYPL,2026-09-25,PYPL260925C00054000,call,54.0,2.35,2.09,2.57,15,121,0.3852600537109374,54.959999084472656,0.6056598670538365,0.07577865426837774,-0.05074202472585889,0.05073652671178996,0.01764893378770126,0.39771110107421875,,89.7,89.7,2026-09-04 19:56:14+00:00,False,False
PYPL,2026-09-25,PYPL260925C00055000,call,55.0,1.8,1.62,2.3,25,212,0.4311580322265625,54.959999084472656,0.5288942304021383,0.0700039539704227,-0.057511191216013696,0.052454036685508375,0.015387210710620405,0.39771110107421875,,89.7,89.7,2026-09-04 19:50:17+00:00,False,False
PYPL,2026-09-25,PYPL260925C00056000,call,56.0,1.41,0.29,2.52,17,221,0.5546919531250001,54.959999084472656,0.4789661582181251,0.05448087542541812,-0.07262234800012322,0.052518922455558587,0.013695624871575324,0.39771110107421875,,89.7,89.7,2026-09-04 18:14:41+00:00,False,True
PYPL,2026-09-25,PYPL260925C00057000,call,57.0,0.92,0.32,1.19,22,111,0.3740296972656249,54.959999084472656,0.37096018766570815,0.07663820208246802,-0.04699219782086329,0.049816275829851465,0.011039565172223724,0.39771110107421875,,89.7,89.7,2026-09-04 19:11:11+00:00,False,True
PYPL,2026-09-25,PYPL260925C00059000,call,59.0,0.54,0.4,0.59,60,154,0.3569400244140625,54.959999084472656,0.2260036305615684,0.06389744080104948,-0.03530629969513922,0.03963679926133315,0.006806857759229246,0.39771110107421875,,89.7,89.7,2026-09-04 19:54:07+00:00,False,False
PYPL,2026-09-25,PYPL260925C00060000,call,60.0,0.39,0.34,0.41,132,497,0.3544986425781249,54.959999084472656,0.16966286951770843,0.054079802813721406,-0.029342788011541165,0.033317280091606574,0.0051304039797757306,0.39771110107421875,,89.7,89.7,2026-09-04 19:53:27+00:00,False,False
PYPL,2026-09-25,PYPL260925C00062000,call,62.0,0.22,0.09,0.69,11,331,0.5205126074218749,54.959999084472656,0.1894544538012395,0.03947708208406911,-0.04559048894096841,0.03571051896693002,0.005602300153416747,0.39771110107421875,,89.7,89.7,2026-09-04 16:26:18+00:00,False,True
PYPL,2026-09-25,PYPL260925C00063000,call,63.0,0.15,0.0,0.55,23,105,0.5210008837890624,54.959999084472656,0.15696704849865817,0.034983488544074126,-0.04040115626044416,0.03167535120971167,0.004655996547978217,0.39771110107421875,,89.7,89.7,2026-09-04 15:17:41+00:00,True,False
PYPL,2026-09-25,PYPL260925C00066000,call,66.0,0.12,0.01,0.28,14,192,0.5283250292968751,54.959999084472656,0.08717010497788724,0.022767441739603978,-0.026915698140096606,0.02090428335759444,0.0026033710150931547,0.39771110107421875,,89.7,89.7,2026-09-03 18:23:17+00:00,False,True
PYPL,2026-09-25,PYPL260925C00075000,call,75.0,0.04,0.0,2.15,60,61,1.1025435498046878,54.959999084472656,0.15093483416547865,0.01610807281720915,-0.0820196411543809,0.030864496808153615,0.004187974110428356,0.39771110107421875,,89.7,89.7,2026-08-24 19:36:25+00:00,True,False
PYPL,2026-09-25,PYPL260925P00048000,put,48.0,0.12,0.05,0.45,38,64,0.5073291455078125,54.959999084472656,-0.11561613948311233,0.02913269866110042,-0.030101413096674457,0.025685640118428877,-0.003884803525004395,0.39771110107421875,,89.7,89.7,2026-09-04 19:07:20+00:00,False,True
PYPL,2026-09-25,PYPL260925P00049000,put,49.0,0.13,0.0,0.61,14,64,0.5034229345703125,54.959999084472656,-0.1503851826354623,0.035192588505703316,-0.035698124119214886,0.030789601806778283,-0.005069795657494693,0.39771110107421875,,89.7,89.7,2026-09-03 19:34:47+00:00,True,False
PYPL,2026-09-25,PYPL260925P00050000,put,50.0,0.22,0.01,0.4,13,617,0.3808655664062499,54.959999084472656,-0.13296347447586632,0.04279361396877754,-0.024636792966090434,0.028325040467151702,-0.004405795352436993,0.39771110107421875,,89.7,89.7,2026-09-04 15:08:28+00:00,False,True
PYPL,2026-09-25,PYPL260925P00052000,put,52.0,0.65,0.42,0.75,44,411,0.3569400244140625,54.959999084472656,-0.23482966962234642,0.06528076335808365,-0.032554463144374116,0.04049490058463274,-0.007813762826867124,0.39771110107421875,,89.7,89.7,2026-09-04 19:07:20+00:00,False,False
PYPL,2026-09-25,PYPL260925P00053000,put,53.0,1.0,0.42,1.66,14,133,0.4770560107421875,54.959999084472656,-0.3446873910423206,0.058565069135154024,-0.05234347065288175,0.048554322253542115,-0.011788736043550822,0.39771110107421875,,89.7,89.7,2026-09-04 15:30:55+00:00,False,True
PYPL,2026-09-25,PYPL260925P00055000,put,55.0,1.69,1.43,1.98,11,364,0.364264169921875,54.959999084472656,-0.47277973341123425,0.08288409160452531,-0.04169311787407051,0.0524695694880021,-0.01601674668595611,0.39771110107421875,,89.7,89.7,2026-09-04 19:59:41+00:00,False,False
PYPL,2026-09-25,PYPL260925P00063000,put,63.0,8.9,7.2,10.3,10,213,0.5678754150390625,54.959999084472656,-0.819405122844806,0.03512368366112359,-0.039527824088483245,0.03466354601895158,-0.030828894650748097,0.39771110107421875,,89.7,89.7,2026-08-28 14:27:14+00:00,False,False
PYPL,2026-09-25,PYPL260925P00064000,put,64.0,10.0,7.3,11.25,14,59,0.96679720703125,54.959999084472656,-0.7013544881162653,0.02722442543764459,-0.09850561560840565,0.04574187617487077,-0.028507595747039653,0.39771110107421875,,89.7,89.7,2026-08-28 16:39:22+00:00,False,False
PYPL,2026-10-02,PYPL261002C00048000,call,48.0,9.14,6.35,9.1,179,181,0.5312546875,54.959999084472656,0.8461054120940841,0.02932680178902392,-0.03954487746025641,0.036101569202111446,0.029660035130162445,0.36804831176757813,,95.3,305.7,2026-09-03 19:59:48+00:00,False,False
PYPL,2026-10-02,PYPL261002C00051000,call,51.0,4.95,3.1,6.15,20,216,0.647464462890625,54.959999084472656,0.7012689812531281,0.03520994357987596,-0.06550433431129733,0.05282504384000436,0.024800885772843614,0.36804831176757813,,95.3,305.7,2026-09-04 13:57:12+00:00,False,False
PYPL,2026-10-02,PYPL261002C00054000,call,54.0,2.52,2.39,2.87,59,147,0.3852600537109374,54.959999084472656,0.600422515409052,0.06585953148066205,-0.044565217288983855,0.05879375769611637,0.02305635433957325,0.36804831176757813,,95.3,305.7,2026-09-04 19:14:27+00:00,False,False
PYPL,2026-10-02,PYPL261002C00055000,call,55.0,2.05,1.28,2.2,24,141,0.3591372680664062,54.959999084472656,0.5322715758901819,0.07273546952451543,-0.04251575724889476,0.06052925405830839,0.02070513118782754,0.36804831176757813,,95.3,305.7,2026-09-04 16:06:47+00:00,False,False
PYPL,2026-10-02,PYPL261002C00056000,call,56.0,1.55,0.64,3.25,11,105,0.6013223461914063,54.959999084472656,0.49750574926843283,0.04358278050142337,-0.06850462951227518,0.060726867289073574,0.018461702117542046,0.36804831176757813,,95.3,305.7,2026-09-04 19:20:14+00:00,False,True
PYPL,2026-10-02,PYPL261002C00057000,call,57.0,1.25,0.55,1.5,39,87,0.3786683227539062,54.959999084472656,0.3980151923145327,0.06693648156760006,-0.042500636595933165,0.058732766370849294,0.015601183613760424,0.36804831176757813,,95.3,305.7,2026-09-04 17:32:05+00:00,False,True
PYPL,2026-10-02,PYPL261002C00059000,call,59.0,0.76,0.65,1.14,60,186,0.4204159521484375,54.959999084472656,0.3022305997067552,0.054511321123137585,-0.04198384543003068,0.053103664900709585,0.011853255990137979,0.36804831176757813,,95.3,305.7,2026-09-04 17:59:44+00:00,False,False
PYPL,2026-10-02,PYPL261002C00060000,call,60.0,0.61,0.5,0.71,127,840,0.3789124609375,54.959999084472656,0.22752984756528072,0.05232625886830189,-0.03270018943863965,0.04594276972246747,0.009038181478131884,0.36804831176757813,,95.3,305.7,2026-09-04 19:38:34+00:00,False,False
PYPL,2026-10-02,PYPL261002C00063000,call,63.0,0.48,0.16,0.43,654,1078,0.41992767578125,54.959999084472656,0.13946347934662562,0.03472899611545578,-0.026331171118339852,0.03379288951572732,0.005548862739983729,0.36804831176757813,,95.3,305.7,2026-09-03 19:28:38+00:00,False,True
PYPL,2026-10-02,PYPL261002C00064000,call,64.0,0.4,0.0,0.81,410,383,0.5546919531250001,54.959999084472656,0.18689561286075063,0.031813439143899905,-0.04179944141994384,0.040890374353605284,0.007261255809548207,0.36804831176757813,,95.3,305.7,2026-09-03 18:24:18+00:00,True,False
PYPL,2026-10-02,PYPL261002C00065000,call,65.0,0.16,0.05,0.36,42,414,0.460942890625,54.959999084472656,0.11116944954043267,0.027002598455280632,-0.024527352085846634,0.028841064100011166,0.004412337131140547,0.36804831176757813,,95.3,305.7,2026-09-04 19:05:33+00:00,False,True
PYPL,2026-10-02,PYPL261002C00066000,call,66.0,0.13,0.04,0.26,104,807,0.452153916015625,54.959999084472656,0.08558975024383314,0.02272574688608895,-0.019833910648638906,0.023810201039630094,0.0034111432204973384,0.36804831176757813,,95.3,305.7,2026-09-04 15:41:41+00:00,False,True
PYPL,2026-10-02,PYPL261002C00069000,call,69.0,0.28,0.0,2.05,280,236,0.773439765625,54.959999084472656,0.17438342913633065,0.021845515063682288,-0.0552490004648549,0.03915140811038854,0.00658184347531103,0.36804831176757813,,95.3,305.7,2026-08-28 14:03:40+00:00,True,False
PYPL,2026-10-02,PYPL261002C00070000,call,70.0,0.07,0.05,0.14,10,124,0.491216025390625,54.959999084472656,0.04631339265528419,0.012972986900747087,-0.013282601692450909,0.014766280255959113,0.001848234506362139,0.36804831176757813,,95.3,305.7,2026-09-03 15:00:11+00:00,False,True
PYPL,2026-10-02,PYPL261002C00080000,call,80.0,0.01,0.0,0.11,18,259,0.6054726953125001,54.959999084472656,0.01650523819335716,0.004460163743287973,-0.006882846941782182,0.00625754478158421,0.000656217824535599,0.36804831176757813,,95.3,305.7,2026-08-31 17:26:52+00:00,True,False
PYPL,2026-10-02,PYPL261002P00050000,put,50.0,0.46,0.28,0.48,17,212,0.3540103662109374,54.959999084472656,-0.1462212519745334,0.04253449081163731,-0.02089791019600977,0.03489119291070278,-0.00649014270088886,0.36804831176757813,,95.3,305.7,2026-09-04 17:22:01+00:00,False,False
PYPL,2026-10-02,PYPL261002P00051000,put,51.0,0.66,0.16,0.74,38,106,0.364264169921875,54.959999084472656,-0.20336423645501955,0.05099674672938163,-0.026377158712258406,0.043044486091035596,-0.009083551168000706,0.36804831176757813,,95.3,305.7,2026-09-04 15:59:03+00:00,False,True
PYPL,2026-10-02,PYPL261002P00055000,put,55.0,1.93,1.74,2.35,18,122,0.37695935546875,54.959999084472656,-0.46733445475403024,0.0692910488351945,-0.03692160680874089,0.060524367815725615,-0.021391268690745903,0.36804831176757813,,95.3,305.7,2026-09-04 19:54:19+00:00,False,False
PYPL,2026-10-02,PYPL261002P00057000,put,57.0,3.45,1.91,3.75,32,183,0.414068359375,54.959999084472656,-0.5897894174139604,0.06168350069790382,-0.03883146035914444,0.05918336566629682,-0.027603413226133404,0.36804831176757813,,95.3,305.7,2026-09-04 19:27:32+00:00,False,False
PYPL,2026-10-02,PYPL261002P00060000,put,60.0,5.6,3.75,6.85,10,268,0.5908244042968751,54.959999084472656,-0.6667327222732874,0.04042517298886447,-0.052462800403512366,0.05534379210937947,-0.03319294778587292,0.36804831176757813,,95.3,305.7,2026-09-04 13:53:08+00:00,False,False
PYPL,2026-10-02,PYPL261002P00062000,put,62.0,6.76,5.85,9.15,80,80,0.7377955908203124,54.959999084472656,-0.6804222056955521,0.031824037304317654,-0.06533791303988769,0.05440639257236466,-0.03551565249992538,0.36804831176757813,,95.3,305.7,2026-09-03 18:00:20+00:00,False,False
PYPL,2026-10-02,PYPL261002P00063000,put,63.0,9.17,7.85,9.05,86,148,0.5639692041015626,54.959999084472656,-0.7797636628851861,0.03451133538065692,-0.03834251871815689,0.04509991822508212,-0.03963154504277267,0.36804831176757813,,95.3,305.7,2026-08-28 17:39:20+00:00,False,False
PYPL,2026-10-09,PYPL261009C00060000,call,60.0,0.74,0.68,0.83,20,244,0.3632876171875,54.959999084472656,0.24791681176559133,0.051168541964124466,-0.029691371787750047,0.053842132264963524,0.012237803165922146,0.36463037719726554,,94.8,99.6,2026-09-04 19:13:14+00:00,False,False
PYPL,2026-10-09,PYPL261009C00063000,call,63.0,0.63,0.28,0.56,643,312,0.4096738720703125,54.959999084472656,0.16478213432503092,0.03557257620491537,-0.02586547832080001,0.042210665426061764,0.008132280768008142,0.36463037719726554,,94.8,99.6,2026-09-03 18:56:09+00:00,False,False
PYPL,2026-10-09,PYPL261009C00064000,call,64.0,0.45,0.0,0.93,409,383,0.523442265625,54.959999084472656,0.2035981479465913,0.031763835627202634,-0.03741502764457595,0.04815821048197039,0.009824765480749667,0.36463037719726554,,94.8,99.6,2026-09-03 18:17:18+00:00,True,False
PYPL,2026-10-09,PYPL261009P00060000,put,60.0,4.71,4.85,6.9,255,572,0.5383346948242189,54.959999084472656,-0.6606402493885426,0.039963843743468376,-0.042038652802676865,0.06231437393505766,-0.04118932513617729,0.36463037719726554,,94.8,99.6,2026-09-03 18:38:08+00:00,False,False
PYPL,2026-10-09,PYPL261009P00062000,put,62.0,6.84,5.8,9.2,80,79,0.6704134521484376,54.959999084472656,-0.6749711970173383,0.03154555436989645,-0.05236327381618004,0.06125612178105611,-0.04412636397136905,0.36463037719726554,,94.8,99.6,2026-09-03 18:00:20+00:00,False,False
PYPL,2026-10-16,PYPL261016C00037500,call,37.5,20.76,15.6,19.5,30,141,0.5742230078125,54.959999084472656,0.9816646293288387,0.004200666692266137,-0.010690293109665319,0.0083839498624023,0.04165589304781023,0.35486484985351563,,97.4,101.7,2026-07-31 18:15:00+00:00,False,False
PYPL,2026-10-16,PYPL261016C00042500,call,42.5,11.9,11.45,14.6,200,1202,0.6196327099609377,54.959999084472656,0.9123951375139783,0.013777769195999608,-0.026947721923695656,0.02967311232511927,0.04249655412915396,0.35486484985351563,,97.4,101.7,2026-09-03 14:26:42+00:00,False,False
PYPL,2026-10-16,PYPL261016C00047500,call,47.5,7.83,6.7,9.9,31,1757,0.7683128637695313,54.959999084472656,0.7617996553215963,0.021613919782189527,-0.05715508882393973,0.05771935900692233,0.036637485985591856,0.35486484985351563,,97.4,101.7,2026-09-04 19:13:11+00:00,False,False
PYPL,2026-10-16,PYPL261016C00050000,call,50.0,5.81,5.75,6.2,342,1337,0.4335994140625,54.959999084472656,0.775087946552158,0.037092383252411126,-0.03381764173986454,0.05590147724636834,0.041679712822327214,0.35486484985351563,,97.4,101.7,2026-09-04 19:54:19+00:00,False,False
PYPL,2026-10-16,PYPL261016C00052500,call,52.5,4.05,4.0,4.15,650,3945,0.3735414208984374,54.959999084472656,0.6808768674691431,0.0512917441578296,-0.03414994912643725,0.06659415204926213,0.038102830861993196,0.35486484985351563,,97.4,101.7,2026-09-04 19:58:55+00:00,False,False
PYPL,2026-10-16,PYPL261016C00055000,call,55.0,2.64,2.5,2.74,420,5226,0.3667055517578125,54.959999084472656,0.5408596400683481,0.05804727137021309,-0.03597925974631248,0.07398593290136038,0.030915258399926294,0.35486484985351563,,97.4,101.7,2026-09-04 19:58:55+00:00,False,False
PYPL,2026-10-16,PYPL261016C00057500,call,57.5,1.55,1.57,1.67,333,3758,0.3581607153320312,54.959999084472656,0.39598212812057526,0.057703254455744736,-0.033369797101723005,0.0718336801102024,0.02302627312244931,0.35486484985351563,,97.4,101.7,2026-09-04 19:32:37+00:00,False,False
PYPL,2026-10-16,PYPL261016C00060000,call,60.0,0.99,0.95,1.0,1186,11731,0.3608462353515624,54.959999084472656,0.27140000968546896,0.049276185650474195,-0.028448354517032728,0.06180293799087438,0.015952602866344187,0.35486484985351563,,97.4,101.7,2026-09-04 19:59:27+00:00,False,False
PYPL,2026-10-16,PYPL261016C00062500,call,62.5,0.56,0.53,0.59,577,1502,0.3667055517578125,54.959999084472656,0.17746781675387624,0.03804062653462749,-0.02241791843691759,0.04848584913434711,0.010510214277539651,0.35486484985351563,,97.4,101.7,2026-09-04 19:58:37+00:00,False,False
PYPL,2026-10-16,PYPL261016C00065000,call,65.0,0.31,0.22,0.43,127,9284,0.397466962890625,54.959999084472656,0.12832837627918836,0.02829309549075022,-0.019399662317304674,0.039086912017598265,0.007599601381280729,0.35486484985351563,,97.4,101.7,2026-09-04 19:52:36+00:00,False,False
PYPL,2026-10-16,PYPL261016C00070000,call,70.0,0.12,0.11,0.14,247,8069,0.403326279296875,54.959999084472656,0.048705098093370425,0.013431648124467625,-0.009387756714172905,0.018829365489031736,0.0029133771569308836,0.35486484985351563,,97.4,101.7,2026-09-04 18:18:27+00:00,False,False
PYPL,2026-10-16,PYPL261016C00075000,call,75.0,0.05,0.02,0.07,10,1885,0.43945873046875,54.959999084472656,0.024286554914303104,0.0069623268595302365,-0.005736755375437013,0.010634629510534281,0.0014539373166219045,0.35486484985351563,,97.4,101.7,2026-09-04 17:30:27+00:00,False,True
PYPL,2026-10-16,PYPL261016C00085000,call,85.0,0.01,0.0,0.11,50,133,0.5625043750000001,54.959999084472656,0.01539946660717762,0.0036936452114029483,-0.004944435220723525,0.007221558632436044,0.0009116726034346878,0.35486484985351563,,97.4,101.7,2026-09-01 16:58:32+00:00,True,False
PYPL,2026-10-16,PYPL261016P00037500,put,37.5,0.01,0.01,0.03,22,1183,0.4882863671875,54.959999084472656,-0.007645272180012097,0.0023136792374057386,-0.0022216964719734018,0.003926698965070317,-0.0005112853623544408,0.35486484985351563,,97.4,101.7,2026-09-03 19:36:14+00:00,False,True
PYPL,2026-10-16,PYPL261016P00042500,put,42.5,0.06,0.01,0.08,23,2447,0.40039662109375,54.959999084472656,-0.02257750364400768,0.007186499904533895,-0.004588256404101144,0.01000132839374746,-0.0015036271586050453,0.35486484985351563,,97.4,101.7,2026-09-04 19:55:07+00:00,False,True
PYPL,2026-10-16,PYPL261016P00045000,put,45.0,0.13,0.06,0.15,16,894,0.367193828125,54.959999084472656,-0.043293411331305154,0.013421184758586665,-0.007144440918857371,0.017129160843682937,-0.0028839177092060005,0.35486484985351563,,97.4,101.7,2026-09-04 19:27:55+00:00,False,True
PYPL,2026-10-16,PYPL261016P00047500,put,47.5,0.32,0.25,0.5,16,1381,0.395513857421875,54.959999084472656,-0.11560427550641261,0.026421785735687566,-0.016171585090053363,0.036322332543163485,-0.007818543790618662,0.35486484985351563,,97.4,101.7,2026-09-04 18:49:26+00:00,False,False
PYPL,2026-10-16,PYPL261016P00050000,put,50.0,0.72,0.67,0.75,764,3169,0.3457096679687499,54.959999084472656,-0.18029840605206926,0.04075481975247862,-0.018705777614371574,0.04897115659920161,-0.012169490918835221,0.35486484985351563,,97.4,101.7,2026-09-04 19:52:36+00:00,False,False
PYPL,2026-10-16,PYPL261016P00052500,put,52.5,1.43,1.33,1.77,89,4335,0.3852600537109374,54.959999084472656,-0.32284206119189096,0.049972320387787005,-0.028037602337183127,0.06691652135245446,-0.02228676647161868,0.35486484985351563,,97.4,101.7,2026-09-04 19:40:25+00:00,False,False
PYPL,2026-10-16,PYPL261016P00055000,put,55.0,2.54,2.42,2.6,136,2148,0.3430241479492187,54.959999084472656,-0.4596274233385279,0.062062455992966545,-0.026426531724625425,0.07399519375542842,-0.03183851641607823,0.35486484985351563,,97.4,101.7,2026-09-04 19:11:29+00:00,False,False
PYPL,2026-10-16,PYPL261016P00057500,put,57.5,4.15,2.56,4.25,58,2307,0.3637758935546875,54.959999084472656,-0.6017191180131254,0.05690094829633066,-0.02607863887300466,0.07194544116948284,-0.04265960495290906,0.35486484985351563,,97.4,101.7,2026-09-04 16:53:47+00:00,False,False
PYPL,2026-10-16,PYPL261016P00060000,put,60.0,6.05,5.1,6.95,18,1043,0.4997608618164063,54.959999084472656,-0.654997286792997,0.039543874763336415,-0.03502324665835518,0.0686896531603587,-0.04908873068272551,0.35486484985351563,,97.4,101.7,2026-09-04 16:56:01+00:00,False,False
PYPL,2026-10-16,PYPL261016P00062500,put,62.5,7.7,6.15,9.8,68,83,0.64648791015625,54.959999084472656,-0.6737701398595235,0.029907797122181688,-0.045350784654502437,0.06720393346649606,-0.05351871391252651,0.35486484985351563,,97.4,101.7,2026-09-04 15:34:55+00:00,False,False
PYPL,2026-10-16,PYPL261016P00065000,put,65.0,10.25,8.35,12.2,20,108,0.7172879833984375,54.959999084472656,-0.7068676193657174,0.02572581883331909,-0.0478225631593836,0.06413758773304978,-0.05834167911197401,0.35486484985351563,,97.4,101.7,2026-09-04 14:57:35+00:00,False,False
QFIN,2026-09-18,QFIN260918C00010000,call,10.0,0.05,0.05,0.1,131,1202,0.5312546875,9.0600004196167,0.18988286831997914,0.2877670433097082,-0.009355102800397499,0.004813216939468378,0.0006238472306431982,0.994144326171875,,86.1,53.4,2026-09-04 19:08:21+00:00,False,False
QFIN,2026-09-18,QFIN260918C00012500,call,12.5,0.05,0.0,0.05,10,4218,0.87500125,9.0600004196167,0.0374302844675755,0.052580810258098354,-0.004570121884573544,0.0014485302010942263,0.00012168391060393016,0.994144326171875,,86.1,53.4,2026-09-03 14:32:58+00:00,True,False
QFIN,2026-09-18,QFIN260918P00007500,put,7.5,0.15,0.0,0.2,21,73,0.8554701953125,9.0600004196167,-0.1106470979014238,0.1243987527524788,-0.01008739722341074,0.0033505223255834876,-0.0004180076571079129,0.994144326171875,,86.1,53.4,2026-09-01 18:51:51+00:00,True,False
QFIN,2026-09-18,QFIN260918P00010000,put,10.0,1.2,1.2,2.1,58,1144,1.4570339648437498,9.0600004196167,-0.5779064374560188,0.1513584199242834,-0.03519432015519647,0.0069433309772747275,-0.002622594195860134,0.994144326171875,,86.1,53.4,2026-09-04 19:48:21+00:00,False,False
QFIN,2026-10-16,QFIN261016C00007500,call,7.5,1.65,0.8,1.75,146,167,0.632816171875,9.0600004196167,0.8448107962592339,0.12262173923584171,-0.006326511648910988,0.007329222437775436,0.006762192991918237,0.6840851904296875,,103.6,68.2,2026-09-04 17:07:10+00:00,False,True
QFIN,2026-10-16,QFIN261016C00010000,call,10.0,0.17,0.15,0.25,32,264,0.46680220703125,9.0600004196167,0.3057598217880263,0.24442954750486826,-0.006333058950001127,0.010777039286407292,0.0028902379384353476,0.6840851904296875,,103.6,68.2,2026-09-04 14:33:01+00:00,False,False
QFIN,2026-10-16,QFIN261016P00007500,put,7.5,0.19,0.1,0.4,59,202,0.70898728515625,9.0600004196167,-0.17621343095209197,0.11882232491813895,-0.006465403418973481,0.00795699992375608,-0.0021047290199458653,0.6840851904296875,,103.6,68.2,2026-09-04 18:50:43+00:00,False,True
RRX,2026-09-18,RRX260918C00190000,call,190.0,0.35,0.1,2.5,23,181,0.6384313500976562,162.86000061035156,0.12407313135593362,0.010056627879107693,-0.15153687535648167,0.06531766043330511,0.007294829641596327,0.5090381127929688,,90.5,99.0,2026-08-31 19:28:20+00:00,False,True
RRX,2026-09-18,RRX260918P00175000,put,175.0,18.95,12.0,15.4,30,353,0.5780071496582031,162.86000061035156,-0.7127943239646521,0.018482721891039854,-0.20640922638354983,0.10868338958299438,-0.0502519284066467,0.5090381127929688,,90.5,99.0,2026-08-31 16:50:00+00:00,False,False
RXO,2026-09-18,RXO260918C00040000,call,40.0,0.05,0.0,0.3,20,111,1.8125009375,20.65999984741211,0.04664228153118983,0.013302472954339896,-0.025667012482719975,0.003947357161731595,0.0003217493887573686,0.7202176416015625,,90.7,78.4,2026-08-12 14:51:03+00:00,True,False
RXO,2026-09-18,RXO260918P00017500,put,17.5,0.2,0.0,0.45,10,208,0.7773459765625,20.65999984741211,-0.11918235820821232,0.0632938064475412,-0.021998600977948573,0.008055108022481017,-0.0010199753822633412,0.7202176416015625,,90.7,78.4,2026-09-01 13:35:08+00:00,True,False
RXO,2026-09-18,RXO260918P00020000,put,20.0,0.95,0.35,1.2,12,52,0.6533237792968751,20.65999984741211,-0.36967659961764865,0.14278953572620812,-0.0344907558534394,0.015272869691356755,-0.0032071730850285994,0.7202176416015625,,90.7,78.4,2026-09-03 16:23:27+00:00,False,True
SARO,2026-09-18,SARO260918C00025000,call,25.0,0.65,0.45,0.7,45,1381,0.39258419921875,24.809999465942383,0.4857057200196126,0.2090037178893806,-0.02871694276895029,0.01937204676691188,0.004355845080898053,0.395513857421875,,157.5,421.2,2026-09-04 19:57:22+00:00,False,False
SARO,2026-09-18,SARO260918C00035000,call,35.0,0.5,0.0,0.5,153,154,1.1953165234375,24.809999465942383,0.08936895286835361,0.027813890494396053,-0.033782455663403065,0.007849343673765179,0.000766373943617307,0.395513857421875,,157.5,421.2,2026-08-06 15:39:38+00:00,True,False
SARO,2026-09-18,SARO260918P00025000,put,25.0,0.8,0.65,0.9,21,306,0.398443515625,24.809999465942383,-0.5136300047795301,0.2059422216245565,-0.02570653923602362,0.019373176622956977,-0.005212856163884284,0.395513857421875,,157.5,421.2,2026-09-04 19:45:10+00:00,False,False
SARO,2026-10-16,SARO261016C00022500,call,22.5,2.7,2.4,3.2,290,834,0.5620160986328125,24.809999465942383,0.7383072652897533,0.06880663323247965,-0.02038722721234432,0.027389808739130984,0.017317574085039172,0.4101621484375,,120.4,113.6,2026-09-03 19:43:06+00:00,False,False
SARO,2026-10-16,SARO261016P00022500,put,22.5,0.47,0.2,0.7,40,295,0.4936574072265626,24.809999465942383,-0.241431047024941,0.07506851284347134,-0.014516632808905949,0.026247830084482535,-0.00763464185348019,0.4101621484375,,120.4,113.6,2026-09-01 13:52:11+00:00,False,True
SEDG,2026-09-04,SEDG260904C00030000,call,30.0,4.43,3.9,4.45,12,53,2.2421918945312496,34.20000076293945,,,,,,0.30274134765625,,,,2026-09-02 19:26:38+00:00,False,False
SEDG,2026-09-04,SEDG260904C00031000,call,31.0,3.3,2.9,3.45,55,127,1.8359383203125,34.20000076293945,,,,,,0.30274134765625,,,,2026-09-04 17:42:17+00:00,False,False
SEDG,2026-09-04,SEDG260904C00031500,call,31.5,2.56,2.4,2.92,35,91,1.5585959570312498,34.20000076293945,,,,,,0.30274134765625,,,,2026-09-04 19:25:24+00:00,False,False
SEDG,2026-09-04,SEDG260904C00032000,call,32.0,2.15,1.9,2.42,20,363,1.35547197265625,34.20000076293945,,,,,,0.30274134765625,,,,2026-09-04 19:39:10+00:00,False,False
SEDG,2026-09-04,SEDG260904C00032500,call,32.5,1.65,1.53,1.92,110,341,0.6093789062500001,34.20000076293945,,,,,,0.30274134765625,,,,2026-09-04 19:57:40+00:00,False,False
SEDG,2026-09-04,SEDG260904C00033000,call,33.0,1.16,0.99,1.42,76,856,0.929688203125,34.20000076293945,,,,,,0.30274134765625,,,,2026-09-04 19:46:51+00:00,False,False
SEDG,2026-09-04,SEDG260904C00033500,call,33.5,0.63,0.43,0.92,124,341,0.6972686523437501,34.20000076293945,,,,,,0.30274134765625,,,,2026-09-04 19:48:43+00:00,False,True
SEDG,2026-09-04,SEDG260904C00034000,call,34.0,0.14,0.12,0.37,272,383,0.3632876171875,34.20000076293945,,,,,,0.30274134765625,,,,2026-09-04 19:58:59+00:00,False,True
SEDG,2026-09-04,SEDG260904C00034500,call,34.5,0.04,0.01,0.06,149,471,0.23438265625,34.20000076293945,,,,,,0.30274134765625,,,,2026-09-04 19:58:59+00:00,False,True
SEDG,2026-09-04,SEDG260904C00035000,call,35.0,0.01,0.0,0.23,91,771,0.5429733203125001,34.20000076293945,,,,,,0.30274134765625,,,,2026-09-04 19:36:59+00:00,True,False
SEDG,2026-09-04,SEDG260904C00036000,call,36.0,0.02,0.0,0.25,13,199,0.92187578125,34.20000076293945,,,,,,0.30274134765625,,,,2026-09-04 18:49:01+00:00,True,False
SEDG,2026-09-04,SEDG260904C00037500,call,37.5,0.01,0.0,0.01,14,84,0.7500025,34.20000076293945,,,,,,0.30274134765625,,,,2026-09-04 19:39:52+00:00,True,False
SEDG,2026-09-04,SEDG260904C00038000,call,38.0,0.01,0.0,0.02,11,328,0.937500625,34.20000076293945,,,,,,0.30274134765625,,,,2026-09-04 15:09:46+00:00,True,False
SEDG,2026-09-04,SEDG260904C00040000,call,40.0,0.01,0.0,0.15,14,249,1.828125859375,34.20000076293945,,,,,,0.30274134765625,,,,2026-09-03 18:33:37+00:00,True,False
SEDG,2026-09-04,SEDG260904C00045000,call,45.0,0.06,0.0,0.24,40,84,3.1093772265625,34.20000076293945,,,,,,0.30274134765625,,,,2026-08-28 15:41:14+00:00,True,False
SEDG,2026-09-04,SEDG260904C00046000,call,46.0,0.07,0.0,0.05,85,127,2.56250359375,34.20000076293945,,,,,,0.30274134765625,,,,2026-08-20 13:39:11+00:00,True,False
SEDG,2026-09-04,SEDG260904C00049000,call,49.0,0.34,0.0,0.24,15,160,3.843750390625,34.20000076293945,,,,,,0.30274134765625,,,,2026-08-07 16:56:44+00:00,True,False
SEDG,2026-09-04,SEDG260904P00025000,put,25.0,0.01,0.0,0.24,24,77,3.664063339843751,34.20000076293945,,,,,,0.30274134765625,,,,2026-08-28 15:49:11+00:00,True,False
SEDG,2026-09-04,SEDG260904P00030000,put,30.0,0.01,0.0,0.01,29,779,1.0625046875000002,34.20000076293945,,,,,,0.30274134765625,,,,2026-09-04 18:46:46+00:00,True,False
SEDG,2026-09-04,SEDG260904P00031000,put,31.0,0.01,0.0,0.01,13,206,0.8125018749999999,34.20000076293945,,,,,,0.30274134765625,,,,2026-09-04 14:56:50+00:00,True,False
SEDG,2026-09-04,SEDG260904P00031500,put,31.5,0.01,0.0,0.01,13,277,0.6875031250000001,34.20000076293945,,,,,,0.30274134765625,,,,2026-09-04 16:35:55+00:00,True,False
SEDG,2026-09-04,SEDG260904P00032000,put,32.0,0.01,0.0,0.7,13,105,1.625001875,34.20000076293945,,,,,,0.30274134765625,,,,2026-09-04 15:50:03+00:00,True,False
SEDG,2026-09-04,SEDG260904P00032500,put,32.5,0.03,0.0,0.64,11,479,1.341800166015625,34.20000076293945,,,,,,0.30274134765625,,,,2026-09-04 19:51:57+00:00,True,False
SEDG,2026-09-04,SEDG260904P00033500,put,33.5,0.01,0.0,0.05,10,142,0.37500625,34.20000076293945,,,,,,0.30274134765625,,,,2026-09-04 19:48:43+00:00,True,False
SEDG,2026-09-04,SEDG260904P00034000,put,34.0,0.16,0.01,0.09,12,134,0.242195078125,34.20000076293945,,,,,,0.30274134765625,,,,2026-09-04 19:26:53+00:00,False,True
SEDG,2026-09-04,SEDG260904P00035000,put,35.0,0.92,0.58,1.1,21,496,0.85742330078125,34.20000076293945,,,,,,0.30274134765625,,,,2026-09-04 19:49:17+00:00,False,False
SEDG,2026-09-11,SEDG260911C00033000,call,33.0,2.12,2.03,2.41,37,146,0.77929908203125,34.20000076293945,0.6531395273444038,0.10002315401867835,-0.10009436569522677,0.017484858285051114,0.003872771863449198,0.7749045947265626,,99.9,108.6,2026-09-04 19:04:29+00:00,False,False
SEDG,2026-09-11,SEDG260911C00033500,call,33.5,1.94,1.75,2.11,21,173,0.778322529296875,34.20000076293945,0.6005045127895597,0.10477077170444835,-0.10425243174627791,0.018291829790952972,0.003583972161164602,0.7749045947265626,,99.9,108.6,2026-09-04 19:46:45+00:00,False,False
SEDG,2026-09-11,SEDG260911C00034000,call,34.0,1.66,1.5,1.85,166,219,0.7812521875,34.20000076293945,0.5466371346196146,0.10708014930447345,-0.10706107829481307,0.01876539115474772,0.003280480723340162,0.7749045947265626,,99.9,108.6,2026-09-04 19:49:53+00:00,False,False
SEDG,2026-09-11,SEDG260911C00034500,call,34.5,1.45,1.35,1.61,173,63,0.8017597949218749,34.20000076293945,0.4942127417244797,0.1050488708446967,-0.110320430722433,0.018892658305859743,0.0029748645230545582,0.7749045947265626,,99.9,108.6,2026-09-04 19:52:25+00:00,False,False
SEDG,2026-09-11,SEDG260911C00035000,call,35.0,1.2,1.2,1.3,111,2107,0.7929708203125,34.20000076293945,0.44159785016145847,0.10508409061263523,-0.10778161702756539,0.018691819724223544,0.0026735876400824153,0.7749045947265626,,99.9,108.6,2026-09-04 19:57:34+00:00,False,False
SEDG,2026-09-11,SEDG260911C00035500,call,35.5,1.06,1.04,1.22,41,78,0.8271501660156249,34.20000076293945,0.3974147847110998,0.0984493470574555,-0.10964200470682262,0.01826646917893549,0.0024076764507938307,0.7749045947265626,,99.9,108.6,2026-09-04 19:02:49+00:00,False,False
SEDG,2026-09-11,SEDG260911C00036000,call,36.0,0.92,0.88,1.03,171,289,0.823243955078125,34.20000076293945,0.35030418159909316,0.09502761177551113,-0.10471237364973272,0.017548329169638336,0.0021317640033668996,0.7749045947265626,,99.9,108.6,2026-09-04 19:48:30+00:00,False,False
SEDG,2026-09-11,SEDG260911C00037000,call,37.0,0.67,0.63,0.79,14,212,0.84179845703125,34.20000076293945,0.27142351685325306,0.08315073704322173,-0.09559453211331752,0.015701156252054663,0.0016602538927826802,0.7749045947265626,,99.9,108.6,2026-09-04 19:54:02+00:00,False,False
SEDG,2026-09-11,SEDG260911C00037500,call,37.5,0.57,0.53,0.66,10,214,0.84179845703125,34.20000076293945,0.2346381966915207,0.07701187844753282,-0.08846703670770327,0.014541970158850483,0.0014397709716364034,0.7749045947265626,,99.9,108.6,2026-09-04 19:53:39+00:00,False,False
SEDG,2026-09-11,SEDG260911C00038000,call,38.0,0.44,0.44,0.52,432,158,0.8300798242187499,34.20000076293945,0.19745972194567563,0.07066479229617446,-0.07888294199789726,0.013157711264771483,0.001216612259230355,0.7749045947265626,,99.9,108.6,2026-09-04 19:50:12+00:00,False,False
SEDG,2026-09-11,SEDG260911C00039000,call,39.0,0.42,0.21,0.44,345,89,0.8281267187499999,34.20000076293945,0.14018133032720959,0.05679840477500572,-0.06303091845072319,0.010550920299375014,0.0008682957578704848,0.7749045947265626,,99.9,108.6,2026-09-04 16:28:48+00:00,False,True
SEDG,2026-09-11,SEDG260911P00026000,put,26.0,0.04,0.01,0.08,22,66,0.9687503125,34.20000076293945,-0.01710588733651286,0.009237659366271559,-0.013806217992589982,0.0020073874584702503,-0.00011786708739038521,0.7749045947265626,,99.9,108.6,2026-09-04 16:25:56+00:00,False,True
SEDG,2026-09-11,SEDG260911P00028000,put,28.0,0.08,0.03,0.15,33,274,0.8437515624999999,34.20000076293945,-0.03766477947857394,0.020533036702439732,-0.023236272668692978,0.0038862002965769334,-0.0002590939880773434,0.7749045947265626,,99.9,108.6,2026-09-04 19:35:09+00:00,False,True
SEDG,2026-09-11,SEDG260911P00029000,put,29.0,0.16,0.1,0.15,35,295,0.7812521875,34.20000076293945,-0.05621313310161569,0.03058629225042499,-0.02963552576777912,0.005360132029893197,-0.00038641266153799717,0.7749045947265626,,99.9,108.6,2026-09-04 19:20:38+00:00,False,False
SEDG,2026-09-11,SEDG260911P00029500,put,29.5,0.16,0.15,0.2,33,88,0.7812521875,34.20000076293945,-0.07644750401174338,0.03881777228424048,-0.037585075035227684,0.00680266777176847,-0.0005268857259799248,0.7749045947265626,,99.9,108.6,2026-09-04 19:54:36+00:00,False,False
SEDG,2026-09-11,SEDG260911P00030000,put,30.0,0.23,0.14,0.27,50,1619,0.7480493945312501,34.20000076293945,-0.09243917824000791,0.04675343322678821,-0.041463375597498714,0.007845148894643552,-0.0006368629699579521,0.7749045947265626,,99.9,108.6,2026-09-04 19:49:04+00:00,False,False
SEDG,2026-09-11,SEDG260911P00031000,put,31.0,0.39,0.29,0.51,32,190,0.770510107421875,34.20000076293945,-0.16280335779523147,0.06743345392386,-0.06333688210178401,0.011654969781453101,-0.0011310852405637458,0.7749045947265626,,99.9,108.6,2026-09-04 19:54:22+00:00,False,False
SEDG,2026-09-11,SEDG260911P00032000,put,32.0,0.69,0.52,0.8,220,235,0.7744163183593751,34.20000076293945,-0.24744758252591126,0.08616786756008199,-0.08156137156838375,0.014968464379478987,-0.0017323105667584305,0.7749045947265626,,99.9,108.6,2026-09-04 19:13:23+00:00,False,False
SEDG,2026-09-11,SEDG260911P00032500,put,32.5,0.83,0.71,0.91,16,220,0.7675804492187501,34.20000076293945,-0.2939726104502932,0.09475686933174714,-0.08797669600642737,0.01631518546811386,-0.0020647994980223096,0.7749045947265626,,99.9,108.6,2026-09-04 19:51:57+00:00,False,False
SEDG,2026-09-11,SEDG260911P00033000,put,33.0,0.98,0.85,1.17,86,265,0.7744163183593751,34.20000076293945,-0.34619446183765556,0.10058213528623317,-0.09490375120227876,0.017472407660479014,-0.002443924449832768,0.7749045947265626,,99.9,108.6,2026-09-04 19:37:50+00:00,False,False
SEDG,2026-09-11,SEDG260911P00033500,put,33.5,1.17,1.07,1.4,29,112,0.7812521875,34.20000076293945,-0.39970791394735883,0.10439249024796735,-0.10006311858553153,0.018294389070668347,-0.0028369487846132756,0.7749045947265626,,99.9,108.6,2026-09-04 17:36:12+00:00,False,False
SEDG,2026-09-11,SEDG260911P00034000,put,34.0,1.36,1.29,1.61,89,94,0.7685570019531252,34.20000076293945,-0.4532983553543053,0.10884684367349969,-0.10070796330615515,0.01876503291632648,-0.0032288257686186993,0.7749045947265626,,99.9,108.6,2026-09-04 19:47:50+00:00,False,False
SEDG,2026-09-11,SEDG260911P00034500,put,34.5,1.79,1.55,1.89,34,251,0.772463212890625,34.20000076293945,-0.5076557436053062,0.10902436847375986,-0.1016360316960706,0.0188911672444193,-0.003636873074283832,0.7749045947265626,,99.9,108.6,2026-09-04 19:50:52+00:00,False,False
SEDG,2026-09-18,SEDG260918C00030000,call,30.0,4.6,4.4,5.0,10,277,0.73633076171875,34.20000076293945,0.8398902249716782,0.04935613996476418,-0.04616694559438662,0.01630427659114057,0.00921404364800533,0.7380397290039062,,99.0,103.9,2026-09-04 19:30:05+00:00,False,False
SEDG,2026-09-18,SEDG260918C00031000,call,31.0,3.85,3.7,4.25,21,262,0.7509790527343749,34.20000076293945,0.7747302984409807,0.05966474834364362,-0.057000675177054955,0.020101711660622103,0.008642246683418588,0.7380397290039062,,99.0,103.9,2026-09-03 17:11:02+00:00,False,False
SEDG,2026-09-18,SEDG260918C00031500,call,31.5,3.68,3.35,3.85,26,69,0.7392604199218749,34.20000076293945,0.7433313578071223,0.06507151629982874,-0.05997045787443424,0.02158120967297489,0.008375940795761413,0.7380397290039062,,99.0,103.9,2026-09-04 17:46:46+00:00,False,False
SEDG,2026-09-18,SEDG260918C00032500,call,32.5,3.0,2.76,3.2,13,462,0.7490259472656251,34.20000076293945,0.6678497168072821,0.07237218145492132,-0.06778123100842574,0.024319572061414572,0.007627541819635259,0.7380397290039062,,99.0,103.9,2026-09-04 16:08:46+00:00,False,False
SEDG,2026-09-18,SEDG260918C00033500,call,33.5,2.35,2.22,2.61,12,553,0.7480493945312501,34.20000076293945,0.5899828631653053,0.07758848527729371,-0.07200239006234717,0.026038439425726142,0.006826303705041391,0.7380397290039062,,99.0,103.9,2026-09-04 19:35:08+00:00,False,False
SEDG,2026-09-18,SEDG260918C00034000,call,34.0,2.14,1.96,2.36,17,115,0.747072841796875,34.20000076293945,0.5502726508142799,0.07909277159269822,-0.0730153994400909,0.02650862161619335,0.006404405602978186,0.7380397290039062,,99.0,103.9,2026-09-04 19:49:53+00:00,False,False
SEDG,2026-09-18,SEDG260918C00034500,call,34.5,1.93,1.74,2.12,15,331,0.7480493945312501,34.20000076293945,0.5106617609783466,0.07959411510946476,-0.07349626672951724,0.026711522173878444,0.005974166950869988,0.7380397290039062,,99.0,103.9,2026-09-04 17:28:32+00:00,False,False
SEDG,2026-09-18,SEDG260918C00035000,call,35.0,1.63,1.69,1.89,169,2084,0.7753928710937501,34.20000076293945,0.47460277732075706,0.07665903026101846,-0.0758318922146078,0.0266668997120684,0.005556058891803694,0.7380397290039062,,99.0,103.9,2026-09-04 19:59:43+00:00,False,False
SEDG,2026-09-18,SEDG260918C00036000,call,36.0,1.4,1.22,1.53,11,95,0.7607445800781252,34.20000076293945,0.39862535369310104,0.07575225019990557,-0.07192829242491759,0.02585364657353252,0.0047190037290667005,0.7380397290039062,,99.0,103.9,2026-09-04 16:33:21+00:00,False,False
SEDG,2026-09-18,SEDG260918C00037000,call,37.0,1.02,0.9,1.22,57,291,0.7583031982421876,34.20000076293945,0.3289901885470685,0.07121403889668812,-0.06701385528067491,0.02422679184129325,0.003926257421885693,0.7380397290039062,,99.0,103.9,2026-09-04 17:53:54+00:00,False,False
SEDG,2026-09-18,SEDG260918C00038000,call,38.0,0.82,0.68,0.98,22,57,0.7666038964843751,34.20000076293945,0.26963456371777017,0.06435071977183547,-0.06174889930447667,0.02213155014448657,0.003235592292507314,0.7380397290039062,,99.0,103.9,2026-09-04 19:37:58+00:00,False,False
SEDG,2026-09-18,SEDG260918C00040000,call,40.0,0.48,0.42,0.55,189,5454,0.7744163183593751,34.20000076293945,0.17248289627909696,0.04924028194481566,-0.04806165357352749,0.01710733773961748,0.0020906149134273877,0.7380397290039062,,99.0,103.9,2026-09-04 19:59:08+00:00,False,False
SEDG,2026-09-18,SEDG260918P00020000,put,20.0,0.04,0.01,0.08,20,9614,1.2656286718749998,34.20000076293945,-0.010835456727855242,0.0033717591264976633,-0.008598207863912664,0.0019144774235281333,-0.00015519316979037453,0.7380397290039062,,99.0,103.9,2026-09-02 15:43:11+00:00,False,True
SEDG,2026-09-18,SEDG260918P00025000,put,25.0,0.04,0.05,0.13,77,1480,0.8945323046874999,34.20000076293945,-0.029569831638781685,0.011221043688600307,-0.014237961947262852,0.004503152815206592,-0.00041586320913157093,0.7380397290039062,,99.0,103.9,2026-09-04 17:01:46+00:00,False,True
SEDG,2026-09-18,SEDG260918P00027000,put,27.0,0.13,0.05,0.23,18,134,0.7773459765625,34.20000076293945,-0.05035262061686363,0.019919742325882894,-0.019034157959829042,0.006946810851569276,-0.0007051123665595916,0.7380397290039062,,99.0,103.9,2026-09-04 16:09:47+00:00,False,True
SEDG,2026-09-18,SEDG260918P00029000,put,29.0,0.3,0.21,0.44,10,255,0.7402369726562499,34.20000076293945,-0.11059477172764476,0.03807193940436275,-0.03286855010949047,0.01264337957322613,-0.0015590298877144818,0.7380397290039062,,99.0,103.9,2026-09-04 18:21:19+00:00,False,True
SEDG,2026-09-18,SEDG260918P00030000,put,30.0,0.51,0.41,0.63,213,2223,0.7480493945312501,34.20000076293945,-0.1633673430084217,0.04922487817756955,-0.04330524879958337,0.016519706552906434,-0.002320868208522384,0.7380397290039062,,99.0,103.9,2026-09-04 18:29:32+00:00,False,False
SEDG,2026-09-18,SEDG260918P00032000,put,32.0,1.08,0.88,1.2,15,81,0.727541787109375,34.20000076293945,-0.29070025491493234,0.07032356471619988,-0.05814782013482446,0.02295335757588134,-0.004181371531663709,0.7380397290039062,,99.0,103.9,2026-09-04 19:42:09+00:00,False,False
SEDG,2026-09-18,SEDG260918P00032500,put,32.5,1.22,1.06,1.43,209,1210,0.7348659326171875,34.20000076293945,-0.33013307392364655,0.07358771265290599,-0.06196711315803764,0.0242605599859602,-0.004774673556473227,0.7380397290039062,,99.0,103.9,2026-09-04 19:53:36+00:00,False,False
SEDG,2026-09-18,SEDG260918P00045000,put,45.0,11.1,10.6,11.25,11,468,0.8085956640624999,34.20000076293945,-0.9496726999887837,0.01914223210337496,-0.014121716879152129,0.006944026806802317,-0.016608292409515238,0.7380397290039062,,99.0,103.9,2026-09-02 19:47:55+00:00,False,False
SEDG,2026-09-18,SEDG260918P00052500,put,52.5,19.87,18.05,18.65,105,51,0.992187578125,34.20000076293945,-0.9820729813643009,0.006638177636487516,-0.003370893593213055,0.0029548133878982198,-0.01987878933050406,0.7380397290039062,,99.0,103.9,2026-08-12 14:47:32+00:00,False,False
SEDG,2026-09-25,SEDG260925P00020000,put,20.0,0.02,0.0,0.11,90,272,1.078129609375,34.20000076293945,-0.013379835568885112,0.003880351125906742,-0.007157871521841256,0.0028152739460846244,-0.00028924160602502495,0.7380397290039062,,98.8,103.2,2026-09-02 14:48:32+00:00,True,False
SEDG,2026-09-25,SEDG260925P00022000,put,22.0,0.07,0.01,0.12,36,123,0.9335944140625,34.20000076293945,-0.018087472900087165,0.005804145374893471,-0.008013412921943427,0.0036464913515476434,-0.00038710529515855504,0.7380397290039062,,98.8,103.2,2026-09-02 14:48:32+00:00,False,True
SEDG,2026-10-02,SEDG261002P00020000,put,20.0,0.06,0.01,0.14,56,58,0.9882813671875,34.20000076293945,-0.017392484779740758,0.004592275489015889,-0.007096192656716336,0.004072170365477844,-0.0005058220845371816,0.7299831689453125,,99.9,104.8,2026-09-04 16:11:51+00:00,False,True
SEDG,2026-10-02,SEDG261002P00024000,put,24.0,0.22,0.05,0.28,10,111,0.804689453125,34.20000076293945,-0.04292074014129921,0.01196991965541481,-0.012197751421989929,0.008642451337856502,-0.0012374864440481425,0.7299831689453125,,99.9,104.8,2026-09-02 16:47:58+00:00,False,True
SEDG,2026-10-16,SEDG261016C00027500,call,27.5,6.0,7.4,8.0,20,50,0.7939473730468749,34.20000076293945,0.8328813012429379,0.02717338244818943,-0.030279467656631486,0.029036487199845196,0.02381310096744149,0.7446314599609376,,99.4,102.9,2026-08-26 14:58:45+00:00,False,False
SEDG,2026-10-16,SEDG261016C00030000,call,30.0,5.75,5.6,6.15,127,125,0.7690452783203126,34.20000076293945,0.7436884000923287,0.03608784038386132,-0.03686632722957322,0.03735265363562926,0.022418329616267673,0.7446314599609376,,99.4,102.9,2026-09-03 19:39:26+00:00,False,False
SEDG,2026-10-16,SEDG261016C00035000,call,35.0,3.12,2.98,3.45,25,918,0.7622094091796876,34.20000076293945,0.5247584918910924,0.045029177736878916,-0.04392753074193489,0.046193086286864735,0.01690320816327803,0.7446314599609376,,99.4,102.9,2026-09-04 19:49:05+00:00,False,False
SEDG,2026-10-16,SEDG261016C00037500,call,37.5,2.29,2.16,2.48,209,265,0.764650791015625,34.20000076293945,0.4194660213272545,0.04405257131466349,-0.04291293362005848,0.045335985683196675,0.013806669267197348,0.7446314599609376,,99.4,102.9,2026-09-04 19:52:47+00:00,False,False
SEDG,2026-10-16,SEDG261016C00040000,call,40.0,1.64,1.52,1.75,74,758,0.76367423828125,34.20000076293945,0.3252798036972528,0.04063871781924455,-0.03927177151098359,0.04176926132816601,0.010901792408685568,0.7446314599609376,,99.4,102.9,2026-09-04 19:54:13+00:00,False,False
SEDG,2026-10-16,SEDG261016C00045000,call,45.0,0.82,0.73,0.88,71,584,0.772463212890625,34.20000076293945,0.1855637375817646,0.029842479694736464,-0.02928971475904661,0.03102568441130517,0.006371605351117819,0.7446314599609376,,99.4,102.9,2026-09-04 19:56:43+00:00,False,False
SEDG,2026-10-16,SEDG261016C00050000,call,50.0,0.41,0.29,0.54,62,861,0.7929708203125,34.20000076293945,0.10454764717614162,0.01970424651978095,-0.02028524930590419,0.02102934259232879,0.003639543708879645,0.7446314599609376,,99.4,102.9,2026-09-02 18:39:51+00:00,False,False
SEDG,2026-10-16,SEDG261016C00067500,call,67.5,0.51,0.01,0.16,20,53,0.92187578125,34.20000076293945,0.02278122735304148,0.005054105002692546,-0.006977534279934812,0.006270834277311937,0.0008019854665902141,0.7446314599609376,,99.4,102.9,2026-08-06 16:04:56+00:00,False,True
SEDG,2026-10-16,SEDG261016C00110000,call,110.0,0.1,0.0,0.12,10,2506,1.37109689453125,34.20000076293945,0.011697706544357095,0.0019206081047331526,-0.005832168798262803,0.003544178296971336,0.0003960993389830085,0.7446314599609376,,99.4,102.9,2026-08-12 18:59:42+00:00,True,False
SEDG,2026-10-16,SEDG261016P00025000,put,25.0,0.43,0.35,0.55,17,691,0.773439765625,34.20000076293945,-0.0889188860875163,0.017936035308339166,-0.01671819968658256,0.018670743161404952,-0.003974074780722664,0.7446314599609376,,99.4,102.9,2026-09-04 19:36:39+00:00,False,False
SEDG,2026-10-16,SEDG261016P00027500,put,27.5,0.94,0.73,1.01,107,880,0.7504907763671875,34.20000076293945,-0.15712144179412513,0.027614847862360025,-0.02407401423345464,0.027893092780831158,-0.007113369002660751,0.7446314599609376,,99.4,102.9,2026-09-03 18:56:40+00:00,False,False
SEDG,2026-10-16,SEDG261016P00032500,put,32.5,2.43,2.38,2.74,12,878,0.7338893798828124,34.20000076293945,-0.3622732632165603,0.044036238732220526,-0.035970591502747847,0.04349601582301862,-0.017059672174199365,0.7446314599609376,,99.4,102.9,2026-09-04 17:04:00+00:00,False,False
SEDG,2026-10-16,SEDG261016P00035000,put,35.0,3.9,3.6,4.1,18,1136,0.7270535107421875,34.20000076293945,-0.47891009471946966,0.0472315221853006,-0.03725347527164719,0.04621755594767543,-0.023097170814972458,0.7446314599609376,,99.4,102.9,2026-09-04 14:49:31+00:00,False,False
SEDG,2026-10-16,SEDG261016P00045000,put,45.0,12.5,11.1,11.8,10,142,0.72070591796875,34.20000076293945,-0.835660784111183,0.029612014179255932,-0.019195399746125278,0.028723323815297613,-0.045769336706724936,0.7446314599609376,,99.4,102.9,2026-09-02 14:19:12+00:00,False,False
SEDG,2026-10-16,SEDG261016P00060000,put,60.0,27.8,25.5,26.15,22,629,0.6718782812500002,34.20000076293945,-0.9900220521971395,0.003412717103105517,0.005660274605591293,0.0030860257744205165,-0.06828064361907543,0.7446314599609376,,99.4,102.9,2026-08-06 16:25:18+00:00,False,False
SFD,2026-09-18,SFD260918C00022500,call,22.5,0.2,0.1,0.3,16,715,0.2910227148437499,21.96999931335449,0.3608887967482596,0.299021333654579,-0.017790551420024194,0.016111067597182366,0.002926677664435917,0.2817454638671874,,159.4,103.3,2026-09-04 19:11:57+00:00,False,True
SFD,2026-09-18,SFD260918P00022500,put,22.5,0.8,0.55,0.8,13,1038,0.2724682128906249,21.96999931335449,-0.6495442135285592,0.3160908183339458,-0.01345766762600459,0.015944943400595928,-0.005763432977212503,0.2817454638671874,,159.4,103.3,2026-09-04 19:39:08+00:00,False,False
SFD,2026-10-16,SFD261016C00022500,call,22.5,0.55,0.4,0.55,15,265,0.258796474609375,21.96999931335449,0.43561285022139234,0.2041444032346493,-0.010270377028484172,0.029343529233108415,0.010331147858011083,0.270515107421875,,317.3,105.4,2026-09-04 16:09:03+00:00,False,False
SFD,2026-10-16,SFD261016P00022500,put,22.5,1.14,0.8,1.15,14,135,0.282233740234375,21.96999931335449,-0.5560730464510737,0.18779089465707705,-0.008071733293327764,0.02943743562855353,-0.015279815939599904,0.270515107421875,,317.3,105.4,2026-09-03 18:17:23+00:00,False,False
SIG,2026-09-04,SIG260904C00095000,call,95.0,0.45,0.0,1.0,153,166,1.765626171875,85.30000305175781,,,,,,0.40186145019531244,,,,2026-08-26 14:03:42+00:00,True,False
SIG,2026-09-04,SIG260904C00100000,call,100.0,1.6,0.0,2.15,21,413,2.9101589746093754,85.30000305175781,,,,,,0.40186145019531244,,,,2026-08-12 14:34:04+00:00,True,False
SIG,2026-09-11,SIG260911C00100000,call,100.0,0.56,0.4,1.0,20,312,0.9003916210937499,85.30000305175781,0.11408520519977794,0.018145927528078955,-0.14788440476727677,0.02279889958994333,0.0017587850647603734,0.9349371740722656,,103.1,99.6,2026-09-04 14:42:40+00:00,False,True
SIG,2026-09-11,SIG260911P00065000,put,65.0,0.05,0.0,1.15,800,92,1.338870493164062,85.30000305175781,-0.058941337824711004,0.007427541992955261,-0.13196041018414945,0.013876724150977238,-0.0010467908173962357,0.9349371740722656,,103.1,99.6,2026-09-04 18:23:44+00:00,True,False
SSYS,2026-09-18,SSYS260918C00007500,call,7.5,0.64,0.55,0.7,260,300,0.500005,8.0,0.7665738426064155,0.39081104801481525,-0.009320146857500117,0.004796852064222804,0.002111911037283098,0.5244188183593751,,104.7,490.1,2026-09-04 19:37:23+00:00,False,False
SSYS,2026-09-18,SSYS260918C00010000,call,10.0,0.05,0.0,0.05,142,1491,0.6718782812500002,8.0,0.05310787815622918,0.10278633700038789,-0.004123054596954633,0.001695278823727789,0.00015434264821548438,0.5244188183593751,,104.7,490.1,2026-09-04 15:41:57+00:00,True,False
SSYS,2026-09-18,SSYS260918P00010000,put,10.0,2.42,1.85,2.5,21,169,1.12109814453125,8.0,-0.8153502170467988,0.1517867435409813,-0.015538596784526307,0.004177270727321053,-0.0033232336193697036,0.5244188183593751,,104.7,490.1,2026-09-01 13:45:02+00:00,False,False
SSYS,2026-10-16,SSYS261016C00007500,call,7.5,0.77,0.75,0.95,35,217,0.53320779296875,8.0,0.6840526732922649,0.2458159377996302,-0.006757665304202281,0.009652569239090398,0.005296137150764796,0.53320779296875,,100.0,111.4,2026-09-04 18:02:14+00:00,False,False
SSYS,2026-10-16,SSYS261016C00010000,call,10.0,0.12,0.1,0.15,21,96,0.5937540625000001,8.0,0.16388240068293186,0.1533809531640719,-0.004902760356993184,0.006706785648489516,0.0013613747476692705,0.53320779296875,,100.0,111.4,2026-09-04 19:37:23+00:00,False,False
STM,2026-09-04,STM260904C00049000,call,49.0,2.95,2.85,3.4,46,67,1.0351610742187505,52.2400016784668,,,,,,0.23633576171874995,,,,2026-09-04 19:43:01+00:00,False,False
STM,2026-09-04,STM260904C00050000,call,50.0,2.29,2.0,2.4,205,294,0.7949239257812499,52.2400016784668,,,,,,0.23633576171874995,,,,2026-09-04 18:39:58+00:00,False,False
STM,2026-09-04,STM260904C00051000,call,51.0,1.1,0.95,1.55,33,60,0.7226590234375,52.2400016784668,,,,,,0.23633576171874995,,,,2026-09-04 19:54:50+00:00,False,False
STM,2026-09-04,STM260904C00052000,call,52.0,0.18,0.1,0.35,7267,8739,0.1914143359375,52.2400016784668,,,,,,0.23633576171874995,,,,2026-09-04 19:56:32+00:00,False,True
STM,2026-09-04,STM260904C00053000,call,53.0,0.02,0.0,1.05,264,285,0.7753928710937501,52.2400016784668,,,,,,0.23633576171874995,,,,2026-09-04 19:58:31+00:00,True,False
STM,2026-09-04,STM260904C00054000,call,54.0,0.05,0.0,1.05,6969,7082,1.087895185546875,52.2400016784668,,,,,,0.23633576171874995,,,,2026-09-04 19:00:59+00:00,True,False
STM,2026-09-04,STM260904C00055000,call,55.0,0.14,0.0,0.3,10,51,0.8554701953125,52.2400016784668,,,,,,0.23633576171874995,,,,2026-09-04 16:04:35+00:00,True,False
STM,2026-09-04,STM260904P00044000,put,44.0,0.05,0.0,0.05,25,694,1.5625021874999998,52.2400016784668,,,,,,0.23633576171874995,,,,2026-09-01 16:27:45+00:00,True,False
STM,2026-09-04,STM260904P00048500,put,48.5,0.18,0.0,2.15,14,133,2.394535263671875,52.2400016784668,,,,,,0.23633576171874995,,,,2026-09-02 18:37:57+00:00,True,False
STM,2026-09-04,STM260904P00050000,put,50.0,0.05,0.0,2.15,23,141,1.873047509765625,52.2400016784668,,,,,,0.23633576171874995,,,,2026-09-04 18:41:23+00:00,True,False
STM,2026-09-04,STM260904P00052000,put,52.0,0.13,0.0,0.2,27,96,0.2812571874999999,52.2400016784668,,,,,,0.23633576171874995,,,,2026-09-04 19:38:09+00:00,True,False
STM,2026-09-04,STM260904P00053000,put,53.0,0.85,0.65,1.3,50,62,0.789064609375,52.2400016784668,,,,,,0.23633576171874995,,,,2026-09-04 18:49:35+00:00,False,False
STM,2026-09-11,STM260911C00049500,call,49.5,1.25,2.4,3.6,41,119,0.6420934228515626,52.2400016784668,0.7457365951890531,0.06902264613438631,-0.11123603373199219,0.023195373295323018,0.006794480889652178,0.47852083984375005,,100.6,94.1,2026-09-01 16:30:59+00:00,False,False
STM,2026-09-11,STM260911C00050000,call,50.0,2.74,2.3,2.85,10,53,0.485356708984375,52.2400016784668,0.7580042749394749,0.08893492289021519,-0.08336083160119842,0.022591491803748455,0.007055843112529459,0.47852083984375005,,100.6,94.1,2026-09-04 16:48:51+00:00,False,False
STM,2026-09-11,STM260911C00052000,call,52.0,1.38,1.3,1.55,87,87,0.463872548828125,52.2400016784668,0.5472548150212064,0.11804418852047709,-0.09866951828581991,0.028658590274980494,0.00519799243338667,0.47852083984375005,,100.6,94.1,2026-09-04 19:53:12+00:00,False,False
STM,2026-09-11,STM260911C00053000,call,53.0,1.0,0.9,1.05,7192,73,0.4497125341796875,52.2400016784668,0.42646538213308766,0.12053324628636394,-0.09404706220494233,0.02836961131233888,0.0040841891172727655,0.47852083984375005,,100.6,94.1,2026-09-04 19:56:03+00:00,False,False
STM,2026-09-11,STM260911C00054000,call,54.0,0.65,0.6,0.75,72,91,0.46680220703125,52.2400016784668,0.3208152567153014,0.1060068232835866,-0.08855664947068331,0.025898717645994006,0.0030835236946648082,0.47852083984375005,,100.6,94.1,2026-09-04 19:58:31+00:00,False,False
STM,2026-09-11,STM260911C00055000,call,55.0,0.38,0.3,0.45,7176,76,0.450200810546875,52.2400016784668,0.21792048361577765,0.09041582914113568,-0.07001336709731283,0.021304055353439696,0.002107684055697531,0.47852083984375005,,100.6,94.1,2026-09-04 19:53:15+00:00,False,False
STM,2026-09-11,STM260911C00075000,call,75.0,0.3,0.0,0.75,30,60,1.572267763671875,52.2400016784668,0.06085434409805838,0.01058932121598433,-0.09825761012259222,0.008713771604476587,0.0005568322344502078,0.47852083984375005,,100.6,94.1,2026-08-10 15:07:50+00:00,True,False
STM,2026-09-11,STM260911P00048000,put,48.0,0.2,0.1,0.2,136,159,0.477544287109375,52.2400016784668,-0.09216662037367651,0.04784140723325792,-0.04010590272942458,0.01195719025980303,-0.0009526151632935943,0.47852083984375005,,100.6,94.1,2026-09-04 19:10:24+00:00,False,False
STM,2026-09-18,STM260918C00050000,call,50.0,3.07,2.9,3.5,54,2724,0.5327195166015625,52.2400016784668,0.6881478429467636,0.06489695936466855,-0.07329612084987308,0.036187992581836775,0.012448639229874506,0.5097705273437501,,99.8,95.1,2026-09-04 19:24:58+00:00,False,False
STM,2026-09-18,STM260918C00052000,call,52.0,2.1,1.95,2.2,185,133,0.4931691308593751,52.2400016784668,0.5461042340284633,0.07853808509982352,-0.07501881668934868,0.04054317244849456,0.01010627554311801,0.5097705273437501,,99.8,95.1,2026-09-04 17:43:38+00:00,False,False
STM,2026-09-18,STM260918C00053000,call,53.0,1.55,1.5,1.8,145,368,0.5073291455078125,52.2400016784668,0.46955664939349756,0.07663594618355052,-0.07685646170131379,0.0406971383185598,0.008729648685996641,0.5097705273437501,,99.8,95.1,2026-09-04 19:23:56+00:00,False,False
STM,2026-09-18,STM260918C00054000,call,54.0,1.25,1.15,1.35,140,187,0.492192578125,52.2400016784668,0.3914060797040456,0.07627004738684387,-0.0716933532487022,0.03929439554072652,0.007337290625829263,0.5097705273437501,,99.8,95.1,2026-09-04 18:42:43+00:00,False,False
STM,2026-09-18,STM260918C00055000,call,55.0,0.95,0.9,1.25,137,4900,0.5039112109375,52.2400016784668,0.3253085722930634,0.069838257595549,-0.06848099121026978,0.036837398464007465,0.006118994710903341,0.5097705273437501,,99.8,95.1,2026-09-04 19:58:31+00:00,False,False
STM,2026-09-18,STM260918C00056000,call,56.0,0.7,0.55,0.75,74,304,0.4848684326171875,52.2400016784668,0.2532673367586468,0.06449943277557245,-0.05840152272270527,0.032735678084186974,0.004799294390169214,0.5097705273437501,,99.8,95.1,2026-09-04 14:50:18+00:00,False,False
STM,2026-09-18,STM260918C00060000,call,60.0,0.2,0.15,0.2,58,8192,0.48633326171875,52.2400016784668,0.08282566680340792,0.030670996549819706,-0.027687266601132028,0.015613612471846781,0.0015901556767116912,0.5097705273437501,,99.8,95.1,2026-09-04 19:59:24+00:00,False,False
STM,2026-09-18,STM260918P00040000,put,40.0,0.12,0.0,0.15,12,85,0.6992217578125001,52.2400016784668,-0.02107691637739917,0.007075705292269117,-0.012773687017283382,0.00517876501515135,-0.00044472812352658325,0.5097705273437501,,99.8,95.1,2026-08-28 14:29:48+00:00,True,False
STM,2026-09-18,STM260918P00044500,put,44.5,0.25,0.05,0.25,15,76,0.5273484765625001,52.2400016784668,-0.05230772498456848,0.019814523096583898,-0.020208525956654223,0.010937620619345263,-0.0010955030296713021,0.5097705273437501,,99.8,95.1,2026-09-02 19:45:07+00:00,False,True
STM,2026-09-18,STM260918P00046000,put,46.0,0.4,0.15,0.35,11,72,0.5009815527343751,52.2400016784668,-0.08611033184229944,0.030655775300921083,-0.02811818184660836,0.016075910300309908,-0.0018064358681745022,0.5097705273437501,,99.8,95.1,2026-09-03 15:25:45+00:00,False,True
STM,2026-09-18,STM260918P00048000,put,48.0,0.5,0.45,0.6,16,122,0.5097705273437501,52.2400016784668,-0.1795756475655852,0.050237084406326175,-0.04744624115928871,0.026806535252596943,-0.0038023408737433285,0.5097705273437501,,99.8,95.1,2026-09-04 15:27:24+00:00,False,False
STM,2026-09-18,STM260918P00050000,put,50.0,1.0,1.0,1.1,101,2413,0.49023947265625,52.2400016784668,-0.29998661129346127,0.06931985583600217,-0.059996854257670575,0.035571932779830256,-0.0063964637519979915,0.5097705273437501,,99.8,95.1,2026-09-04 19:59:28+00:00,False,False
STM,2026-09-18,STM260918P00051000,put,51.0,1.4,1.25,1.6,100,136,0.5185595019531251,52.2400016784668,-0.3797241286499792,0.07175143580436066,-0.0692081078445065,0.038946705652612594,-0.008179140894719284,0.5097705273437501,,99.8,95.1,2026-09-04 18:40:45+00:00,False,False
STM,2026-09-18,STM260918P00070000,put,70.0,17.9,17.3,18.4,212,71,0.74414318359375,52.2400016784668,-0.9726970367337578,0.008263685135333437,-0.007721214213130435,0.006436826524576465,-0.02627980602562503,0.5097705273437501,,99.8,95.1,2026-09-04 19:56:22+00:00,False,False
STM,2026-09-25,STM260925P00049000,put,49.0,1.15,1.0,1.25,13,54,0.514653291015625,52.2400016784668,-0.27302180146224786,0.05155716085726812,-0.04893892052502779,0.041661657345947345,-0.008869624417454168,0.5141650146484376,,100.1,104.7,2026-09-04 19:29:00+00:00,False,False
STM,2026-09-25,STM260925P00050000,put,50.0,1.48,1.35,1.6,101,120,0.5129443237304687,52.2400016784668,-0.3295707097491565,0.05631492227124965,-0.052829442505828154,0.04535514001519416,-0.010762957703466587,0.5141650146484376,,100.1,104.7,2026-09-04 19:29:48+00:00,False,False
STM,2026-10-02,STM261002C00065000,call,65.0,0.3,0.0,0.3,30,56,0.5400436621093752,52.2400016784668,0.08681607154143894,0.020232078332812098,-0.022639744699359303,0.02287393605802136,0.003253328360116699,0.5162401892089843,,103.5,103.9,2026-08-26 14:37:43+00:00,True,False
STM,2026-10-16,STM261016C00032000,call,32.0,36.94,17.3,18.0,30,366,1.0000000000000004e-05,52.2400016784668,1.0,0.0,-0.004358413565344309,0.0,0.03661067394889219,0.509892596435547,,98.3,98.4,2026-07-13 19:40:17+00:00,False,False
STM,2026-10-16,STM261016C00035000,call,35.0,17.01,16.4,18.1,45,87,0.9956055126953124,52.2400016784668,0.9149325211339848,0.008825183523887925,-0.036751869361438566,0.027591405794464174,0.034014145516264783,0.509892596435547,,98.3,98.4,2026-07-28 19:16:03+00:00,False,False
STM,2026-10-16,STM261016C00038000,call,38.0,24.85,38.0,40.7,13,80,6.151369498291016,52.2400016784668,0.884659451553319,0.00178439409755667,-0.25338577552463787,0.03446873802542585,0.00814107706507498,0.509892596435547,,98.3,98.4,2026-05-13 14:35:45+00:00,False,False
STM,2026-10-16,STM261016C00040000,call,40.0,10.48,12.0,13.0,19,73,0.5293015820312501,52.2400016784668,0.9461601612595322,0.011661635169783044,-0.0172451177968005,0.01938319803886922,0.04226341562513917,0.509892596435547,,98.3,98.4,2026-08-24 19:05:18+00:00,False,False
STM,2026-10-16,STM261016C00050000,call,50.0,4.6,4.6,4.9,98,1480,0.5031787963867188,52.2400016784668,0.6464710820997234,0.041690574413213936,-0.043419222154573216,0.06587535994307593,0.03325062282142692,0.509892596435547,,98.3,98.4,2026-09-04 19:33:44+00:00,False,False
STM,2026-10-16,STM261016C00055000,call,55.0,2.37,2.35,2.55,673,4865,0.500005,52.2400016784668,0.4266851237723993,0.04426259957764177,-0.04407650349394375,0.06949827967878759,0.022747756041205592,0.509892596435547,,98.3,98.4,2026-09-04 19:35:20+00:00,False,False
STM,2026-10-16,STM261016C00060000,call,60.0,1.14,1.1,1.2,151,2438,0.5019581054687501,52.2400016784668,0.2436997961912596,0.035240282229282084,-0.03477593030919539,0.05554815513854095,0.013289347440978984,0.509892596435547,,98.3,98.4,2026-09-04 19:53:15+00:00,False,False
STM,2026-10-16,STM261016C00065000,call,65.0,0.55,0.45,0.6,17,779,0.5122119091796875,52.2400016784668,0.1276062870436126,0.02300767542599001,-0.02340566688489708,0.03700711283263278,0.007052762660826018,0.509892596435547,,98.3,98.4,2026-09-04 19:32:08+00:00,False,False
STM,2026-10-16,STM261016C00075000,call,75.0,0.11,0.05,0.2,16,1558,0.5498091894531252,52.2400016784668,0.03476699244130799,0.007887447500655176,-0.009145012511363081,0.013617935293665829,0.0019454454370947262,0.509892596435547,,98.3,98.4,2026-09-04 17:11:48+00:00,False,True
STM,2026-10-16,STM261016C00090000,call,90.0,0.09,0.0,0.1,14,2798,0.6757844921875001,52.2400016784668,0.012768076723152477,0.002752158229985449,-0.004783232175486527,0.005840424458113311,0.0007104675082312359,0.509892596435547,,98.3,98.4,2026-08-25 14:03:41+00:00,True,False
STM,2026-10-16,STM261016C00100000,call,100.0,0.04,0.0,0.05,127,5239,0.726565234375,52.2400016784668,0.006423582773296597,0.0014028300638323152,-0.002811010292882289,0.003200681564182947,0.00035744695180798505,0.509892596435547,,98.3,98.4,2026-09-04 19:40:50+00:00,True,False
STM,2026-10-16,STM261016C00110000,call,110.0,0.2,0.0,0.1,20,356,0.8789074609374999,52.2400016784668,0.009923793205055924,0.0016998371367966817,-0.004973281049846245,0.004691516571586044,0.000541471639919505,0.509892596435547,,98.3,98.4,2026-07-28 16:02:45+00:00,True,False
STM,2026-10-16,STM261016P00033000,put,33.0,0.1,0.0,0.15,27,156,0.6621127539062501,52.2400016784668,-0.014515488626603568,0.00313777433908766,-0.0050296790557625305,0.006524037533406447,-0.0009471805099095697,0.509892596435547,,98.3,98.4,2026-08-17 19:43:16+00:00,True,False
STM,2026-10-16,STM261016P00034000,put,34.0,0.15,0.0,0.15,10,57,0.6250037500000001,52.2400016784668,-0.015428435757390169,0.0035030211641581374,-0.004996189045777525,0.006875244933205096,-0.0010025506696856401,0.509892596435547,,98.3,98.4,2026-08-24 17:00:40+00:00,True,False
STM,2026-10-16,STM261016P00040000,put,40.0,0.3,0.15,0.4,88,188,0.5361374511718751,52.2400016784668,-0.05586072707382883,0.011853187281791565,-0.012304149520501859,0.01995602696497618,-0.003636878352979785,0.509892596435547,,98.3,98.4,2026-09-03 19:09:24+00:00,False,True
STM,2026-10-16,STM261016P00042000,put,42.0,0.45,0.35,0.5,15,121,0.5127001855468749,52.2400016784668,-0.08463689093281301,0.01707242543638742,-0.01611911325479693,0.02748662957018915,-0.005523449466647769,0.509892596435547,,98.3,98.4,2026-09-04 19:54:53+00:00,False,False
STM,2026-10-16,STM261016P00045000,put,45.0,0.9,0.8,0.95,41,2008,0.5148974291992188,52.2400016784668,-0.16492608196363556,0.02719765029542254,-0.02565714456884868,0.043975916488124704,-0.010910849085820547,0.509892596435547,,98.3,98.4,2026-09-04 19:51:13+00:00,False,False
STM,2026-10-16,STM261016P00049000,put,49.0,2.05,1.95,2.2,30,2202,0.5188036401367188,52.2400016784668,-0.31401235868991395,0.03858784950857461,-0.03629923262469625,0.06286608003631368,-0.021237957592209936,0.509892596435547,,98.3,98.4,2026-09-04 17:27:03+00:00,False,False
STM,2026-10-16,STM261016P00050000,put,50.0,2.6,2.35,2.6,33,2505,0.516606396484375,52.2400016784668,-0.3554908089220685,0.040686928875099525,-0.037715855272029794,0.06600509786407231,-0.02417337328651887,0.509892596435547,,98.3,98.4,2026-09-04 19:28:50+00:00,False,False
STM,2026-10-16,STM261016P00090000,put,90.0,37.9,37.4,38.5,212,1143,0.8183611914062499,52.2400016784668,-0.964067357999019,0.005444394460563103,-0.001604180693430321,0.013991278446444684,-0.10102407516247586,0.509892596435547,,98.3,98.4,2026-09-04 19:56:22+00:00,False,False
STWD,2026-09-18,STWD260918C00016000,call,16.0,0.26,0.2,0.3,31,662,0.1992267578125,16.079999923706055,0.57788563562684,0.6236993708760946,-0.00999904145364986,0.012323391032882283,0.0034458236628518786,0.19141433593749996,,185.7,124.5,2026-09-04 18:13:16+00:00,False,False
STWD,2026-09-18,STWD260918C00017000,call,17.0,0.05,0.0,0.05,13,2248,0.2382888671874999,16.079999923706055,0.12971177303536485,0.2814674541295138,-0.005940071500940024,0.006651800164529249,0.0007817009429990639,0.19141433593749996,,185.7,124.5,2026-09-04 14:20:26+00:00,True,False
STWD,2026-09-18,STWD260918C00018000,call,18.0,0.03,0.0,0.05,12,2310,0.398443515625,16.079999923706055,0.0835056752843828,0.12237210789176071,-0.007058799206795465,0.004835667823877613,0.0004972328976224017,0.19141433593749996,,185.7,124.5,2026-08-24 16:12:10+00:00,True,False
STWD,2026-09-18,STWD260918C00019000,call,19.0,0.04,0.0,0.1,10,1415,0.5312546875,16.079999923706055,0.06260054252382743,0.07360142412531766,-0.007489592557984224,0.0038778968119033055,0.0003693505727064593,0.19141433593749996,,185.7,124.5,2026-09-03 17:58:59+00:00,True,False
STWD,2026-09-18,STWD260918P00016000,put,16.0,0.15,0.1,0.2,120,3000,0.1836019140624999,16.079999923706055,-0.4168266248626722,0.6749185341614978,-0.007115866031866702,0.012289545306233201,-0.002639415522595508,0.19141433593749996,,185.7,124.5,2026-09-04 19:35:40+00:00,False,False
STWD,2026-10-16,STWD261016C00016000,call,16.0,0.35,0.3,0.4,113,72,0.163094306640625,16.079999923706055,0.5877680086392936,0.4375459885568226,-0.005356077786698765,0.021232005498574104,0.010362861254470824,0.22705851074218747,,122.1,61.9,2026-09-04 16:42:41+00:00,False,False
STWD,2026-10-16,STWD261016C00017000,call,17.0,0.05,0.0,0.05,50,111,0.14063359375,16.079999923706055,0.15343575092739586,0.30855661747650487,-0.002491292977497498,0.012910779098619922,0.0027699683834659272,0.22705851074218747,,122.1,61.9,2026-09-01 14:06:28+00:00,True,False
STWD,2026-10-16,STWD261016P00015000,put,15.0,0.15,0.1,0.2,12,156,0.2773509765624999,16.079999923706055,-0.1984456776229766,0.18418923015529154,-0.004557393850077256,0.015199259950274381,-0.003873187561709993,0.22705851074218747,,122.1,61.9,2026-09-04 17:15:32+00:00,False,False
SWBI,2026-09-18,SWBI260918C00011000,call,11.0,1.85,1.6,2.25,60,96,0.51562984375,12.890000343322754,0.9494545835405812,0.07992002324473771,-0.006247107149577176,0.002626241599248526,0.003950214564113416,0.42774009765625,,123.3,97.7,2026-09-04 19:42:03+00:00,False,False
SWBI,2026-09-18,SWBI260918C00012000,call,12.0,0.95,0.85,1.1,114,434,0.5390671093750001,12.890000343322754,0.7729585491562494,0.22151271304925207,-0.015864952725664634,0.00760996255739284,0.003399062449203561,0.42774009765625,,123.3,97.7,2026-09-04 19:32:02+00:00,False,False
SWBI,2026-09-18,SWBI260918C00013000,call,13.0,0.3,0.2,0.3,407,467,0.335944140625,12.890000343322754,0.47324780457921356,0.4693475522334062,-0.012850977813148402,0.01004853286011036,0.0022252805144970474,0.42774009765625,,123.3,97.7,2026-09-04 19:58:01+00:00,False,False
SWBI,2026-09-18,SWBI260918C00014000,call,14.0,0.05,0.0,0.1,206,427,0.4179745703124999,12.890000343322754,0.17239094116607234,0.24197507633369722,-0.009913256955963998,0.006445572898570554,0.0008162638497199739,0.42774009765625,,123.3,97.7,2026-09-04 19:44:16+00:00,True,False
SWBI,2026-09-18,SWBI260918C00015000,call,15.0,0.05,0.0,0.05,62,479,0.523442265625,12.890000343322754,0.07944264679699692,0.11191187851982644,-0.0071130812626342705,0.0037332407857717633,0.00037526738509568823,0.42774009765625,,123.3,97.7,2026-09-04 17:40:21+00:00,True,False
SWBI,2026-09-18,SWBI260918C00016000,call,16.0,0.04,0.0,0.05,12,451,0.5937540625000001,12.890000343322754,0.03720814066289324,0.0541991878959507,-0.004411767946880055,0.0020508807202592218,0.00017576265769575969,0.42774009765625,,123.3,97.7,2026-09-04 14:43:02+00:00,True,False
SWBI,2026-09-18,SWBI260918P00011000,put,11.0,0.07,0.05,0.1,57,120,0.6250037500000001,12.890000343322754,-0.08499886382633415,0.09862264272982389,-0.008609544769939331,0.003928260572505469,-0.0004450505321005226,0.42774009765625,,123.3,97.7,2026-09-04 19:44:16+00:00,False,False
SWBI,2026-09-18,SWBI260918P00012000,put,12.0,0.12,0.0,0.2,149,471,0.5273484765625001,12.890000343322754,-0.22274933937187713,0.22399847748198665,-0.013760335677864501,0.007528072470083214,-0.0011702355874841964,0.42774009765625,,123.3,97.7,2026-09-04 19:53:47+00:00,True,False
SWBI,2026-09-18,SWBI260918P00013000,put,13.0,0.35,0.35,0.6,63,605,0.5195360546875,12.890000343322754,-0.5055015249897428,0.3041463166671801,-0.017714714336795636,0.01007022751154451,-0.0027172625685057757,0.42774009765625,,123.3,97.7,2026-09-04 19:55:37+00:00,False,False
SWBI,2026-09-18,SWBI260918P00014000,put,14.0,1.8,1.05,1.55,20,409,0.5390671093750001,12.890000343322754,-0.761607370752348,0.22760152693333086,-0.013535712196662096,0.007819140825488317,-0.004250422275266524,0.42774009765625,,123.3,97.7,2026-09-04 18:44:14+00:00,False,False
SWBI,2026-10-16,SWBI261016C00013000,call,13.0,0.5,0.45,0.55,122,2336,0.340826904296875,12.890000343322754,0.5135902870983953,0.2675426113972472,-0.007901419860968598,0.01743368181982178,0.006953248780670546,0.366217275390625,,122.7,114.7,2026-09-04 19:41:21+00:00,False,False
SWBI,2026-10-16,SWBI261016P00012000,put,12.0,0.3,0.2,0.4,22,162,0.4492242578124999,12.890000343322754,-0.27979452705620655,0.17131495441802455,-0.007324130859753406,0.014713661436993698,-0.004574637165450324,0.366217275390625,,122.7,114.7,2026-09-04 19:42:24+00:00,False,False
TCMD,2026-09-18,TCMD260918C00022500,call,22.5,0.6,0.0,2.6,44,318,0.8906260937499999,21.8700008392334,0.47424322322023,0.10436187243897856,-0.05548602584424968,0.01705179285410816,0.003493155753013986,0.77539287109375,,83.1,104.5,2026-09-04 13:39:08+00:00,True,False
TDAY,2026-09-18,TDAY260918C00007000,call,7.0,0.05,0.0,0.1,72,169,0.6171913281250001,6.329999923706055,0.22481217067271975,0.39178507123828454,-0.008373759968449664,0.0037162958430113136,0.0005098722411233637,0.806645185546875,,130.3,76.5,2026-09-03 19:48:16+00:00,True,False
TDAY,2026-10-16,TDAY261016C00007000,call,7.0,0.28,0.0,0.55,23,300,0.5996133789062501,6.329999923706055,0.35768397875766594,0.2899224484959718,-0.005993206901989483,0.008015248542158973,0.0022824353653382906,0.6640658593750001,,173.8,242.4,2026-08-28 18:29:46+00:00,True,False
TDAY,2026-10-16,TDAY261016C00008000,call,8.0,0.05,0.0,0.3,30,528,0.70312796875,6.329999923706055,0.20093358374884596,0.18595053146754204,-0.005199438877739013,0.0060283107711030385,0.0012885474982134576,0.6640658593750001,,173.8,242.4,2026-08-28 19:23:23+00:00,True,False
TDAY,2026-10-16,TDAY261016C00009000,call,9.0,0.1,0.0,0.1,250,276,0.6796907031250001,6.329999923706055,0.08285291013562862,0.10459160789247687,-0.0027171194557008968,0.003277721158641991,0.0005454374382368884,0.6640658593750001,,173.8,242.4,2026-09-04 16:02:00+00:00,True,False
TDOC,2026-09-04,TDOC260904C00006000,call,6.0,0.31,0.22,0.37,20,65,0.7500025,6.28000020980835,,,,,,0.7578149218750001,,,,2026-09-04 18:08:15+00:00,False,False
TDOC,2026-09-04,TDOC260904C00006500,call,6.5,0.01,0.0,0.01,267,3966,0.5312546875,6.28000020980835,,,,,,0.7578149218750001,,,,2026-09-04 19:56:33+00:00,True,False
TDOC,2026-09-04,TDOC260904C00007000,call,7.0,0.01,0.0,0.01,12,215,1.125004375,6.28000020980835,,,,,,0.7578149218750001,,,,2026-09-03 19:16:56+00:00,True,False
TDOC,2026-09-04,TDOC260904C00009000,call,9.0,0.02,0.0,0.23,100,107,5.5937530078125,6.28000020980835,,,,,,0.7578149218750001,,,,2026-08-19 18:16:59+00:00,True,False
TDOC,2026-09-04,TDOC260904P00005500,put,5.5,0.11,0.0,0.23,20,507,3.156252109375,6.28000020980835,,,,,,0.7578149218750001,,,,2026-09-04 19:48:58+00:00,True,False
TDOC,2026-09-04,TDOC260904P00006000,put,6.0,0.01,0.0,0.01,12,644,0.5625043750000001,6.28000020980835,,,,,,0.7578149218750001,,,,2026-09-04 13:45:41+00:00,True,False
TDOC,2026-09-04,TDOC260904P00006500,put,6.5,0.23,0.16,0.38,28,553,0.98437515625,6.28000020980835,,,,,,0.7578149218750001,,,,2026-09-04 19:53:03+00:00,False,True
TDOC,2026-09-11,TDOC260911C00006500,call,6.5,0.08,0.02,0.11,85,775,0.5312546875,6.28000020980835,0.33790229282809925,0.7911681784267147,-0.012340476265445365,0.003179040628518902,0.00038786441508737704,0.5742230078125001,,72.1,92.5,2026-09-04 19:53:40+00:00,False,True
TDOC,2026-09-11,TDOC260911C00007000,call,7.0,0.03,0.0,0.03,135,179,0.500005,6.28000020980835,0.06437479709551804,0.28940270242270355,-0.003962590987507762,0.0010944638501868172,7.525340838427095e-05,0.5742230078125001,,72.1,92.5,2026-09-04 19:56:33+00:00,True,False
TDOC,2026-09-11,TDOC260911C00007500,call,7.5,0.01,0.0,0.03,52,78,0.7187528125,6.28000020980835,0.042336230987200234,0.14435162252626338,-0.0040638110442005404,0.0007847398712637568,4.899556636362437e-05,0.5742230078125001,,72.1,92.5,2026-09-02 17:17:27+00:00,True,False
TDOC,2026-09-11,TDOC260911P00006000,put,6.0,0.04,0.02,0.05,222,87,0.414068359375,6.28000020980835,-0.20022920323713134,0.7779714615656589,-0.007028244092161109,0.0024364651489202603,-0.0002490895398522205,0.5742230078125001,,72.1,92.5,2026-09-04 19:35:16+00:00,False,True
TDOC,2026-09-18,TDOC260918C00006500,call,6.5,0.13,0.12,0.16,157,365,0.492192578125,6.28000020980835,0.3862495627740468,0.6320448740884588,-0.008583062485485621,0.004705843303761747,0.000870763480052123,0.56445748046875,,103.1,105.2,2026-09-04 19:18:41+00:00,False,False
TDOC,2026-09-18,TDOC260918C00007000,call,7.0,0.05,0.04,0.12,66,1256,0.5937540625000001,6.28000020980835,0.19523601034021093,0.37782118407570464,-0.007353773942154079,0.0033934963513151707,0.00044154459130832434,0.56445748046875,,103.1,105.2,2026-09-04 19:04:38+00:00,False,True
TDOC,2026-09-18,TDOC260918C00008000,call,8.0,0.02,0.01,0.03,60,677,0.7187528125,6.28000020980835,0.05095446653884761,0.11843903874616712,-0.0033469799270213645,0.0012877421727817443,0.00011586071104242526,0.56445748046875,,103.1,105.2,2026-09-04 19:59:45+00:00,False,True
TDOC,2026-09-18,TDOC260918C00015000,call,15.0,0.13,0.0,0.23,30,733,2.6640658398437504,6.28000020980835,0.08012699530370593,0.04542667119329917,-0.01747344382955749,0.001830671223907772,0.0001553560067845221,0.56445748046875,,103.1,105.2,2026-07-28 19:50:27+00:00,True,False
TDOC,2026-09-18,TDOC260918P00005000,put,5.0,0.03,0.0,0.1,10,58,0.8906260937499999,6.28000020980835,-0.0800168489627664,0.1357403011763597,-0.005742275475650219,0.001828768410232152,-0.00020911732396397333,0.56445748046875,,103.1,105.2,2026-09-02 16:44:34+00:00,True,False
TDOC,2026-09-18,TDOC260918P00006000,put,6.0,0.09,0.09,0.17,26,2011,0.5820354296875,6.28000020980835,-0.31776894360202756,0.49808858603052375,-0.008821085152672884,0.004385412996324977,-0.0008256189492474774,0.56445748046875,,103.1,105.2,2026-09-04 16:00:24+00:00,False,False
TDOC,2026-09-25,TDOC260925C00006500,call,6.5,0.27,0.07,0.32,70,1438,0.6718782812500002,6.28000020980835,0.45413371193038327,0.3915737855664631,-0.009896997261653568,0.0059696649796993195,0.0014585060369580222,0.6191444335937502,,100.3,80.8,2026-09-03 15:52:57+00:00,False,True
TDOC,2026-09-25,TDOC260925P00006500,put,6.5,0.36,0.34,0.61,18,335,0.5664105859375,6.28000020980835,-0.5652652686497945,0.4613087990883949,-0.007446917304779492,0.005928827938282925,-0.0023044563843806474,0.6191444335937502,,100.3,80.8,2026-09-04 15:17:05+00:00,False,False
TDOC,2026-10-02,TDOC261002C00003000,call,3.0,3.35,2.89,3.7,10,80,1.3437532812499997,6.28000020980835,0.985421120002538,0.01581073460988052,-0.0019373366518868535,0.0006427706975261413,0.0022118329116453447,0.5683636914062501,,90.0,106.5,2026-08-24 17:06:16+00:00,False,False
TDOC,2026-10-02,TDOC261002C00007000,call,7.0,0.14,0.01,0.18,10,59,0.6054726953125001,6.28000020980835,0.2944207002524938,0.3273272142302423,-0.006711564611182557,0.005995993598697263,0.0012806577698250227,0.5683636914062501,,90.0,106.5,2026-09-04 18:22:25+00:00,False,True
TDOC,2026-10-02,TDOC261002P00006000,put,6.0,0.19,0.08,0.38,102,117,0.5117236328125,6.28000020980835,-0.33733888999645345,0.41041722576142653,-0.005486479519593606,0.006353975532539556,-0.001790509113404621,0.5683636914062501,,90.0,106.5,2026-09-04 19:04:00+00:00,False,True
TDOC,2026-10-02,TDOC261002P00006500,put,6.5,0.37,0.4,0.55,100,107,0.6015664843750002,6.28000020980835,-0.5399577993243867,0.37935732776238923,-0.006879872981800028,0.006904251338583174,-0.0030063733518485387,0.5683636914062501,,90.0,106.5,2026-09-03 15:15:41+00:00,False,False
TDOC,2026-10-16,TDOC261016C00006000,call,6.0,0.75,0.42,0.74,15,521,0.507817421875,6.28000020980835,0.6496242910962793,0.3425262250050335,-0.0052492725497873816,0.007893637291788037,0.004008624030892433,0.507817421875,,100.0,103.1,2026-09-03 17:46:14+00:00,False,False
TDOC,2026-10-16,TDOC261016C00007000,call,7.0,0.18,0.16,0.24,99,2059,0.523442265625,6.28000020980835,0.3120310331008598,0.3172814999224059,-0.004936972173308538,0.0075368397178891475,0.002019561679947904,0.507817421875,,100.0,103.1,2026-09-04 19:06:08+00:00,False,False
TDOC,2026-10-16,TDOC261016C00008000,call,8.0,0.07,0.07,0.1,82,3156,0.5976602734375001,6.28000020980835,0.14360287240932756,0.17785285028690087,-0.0035439157927058605,0.00482381852743545,0.0009388456575297264,0.507817421875,,100.0,103.1,2026-09-04 16:09:53+00:00,False,False
TDOC,2026-10-16,TDOC261016P00006000,put,6.0,0.27,0.24,0.3,93,832,0.507817421875,6.28000020980835,-0.3503757089037207,0.3425262250050335,-0.004432070006285324,0.007893637291788037,-0.0028558773345248533,0.507817421875,,100.0,103.1,2026-09-04 19:48:33+00:00,False,False
TFIN,2026-09-18,TFIN260918P00055000,put,55.0,0.05,,0.1,20,80,0.6289099609375001,69.5999984741211,-0.023373519948908572,0.006443065569678754,-0.01667725897718097,0.00752895420958962,-0.0006540178424256363,0.5708050732421875,,81.4,82.3,2026-09-03 18:02:31+00:00,False,False
TFIN,2026-09-18,TFIN260918P00060000,put,60.0,0.15,0.0,0.15,20,110,0.4648491015625,69.5999984741211,-0.044860843367706904,0.014921971933618326,-0.0209523877889515,0.012888187513377858,-0.0012439380545630665,0.5708050732421875,,81.4,82.3,2026-09-02 19:22:17+00:00,True,False
TRIP,2026-09-04,TRIP260904C00001000,call,1.0,8.43,8.1,8.6,43,568,21.250003359375,9.324999809265137,,,,,,1.5351596289062495,,,,2026-09-03 17:52:12+00:00,False,False
TRIP,2026-09-04,TRIP260904C00003000,call,3.0,6.22,6.1,6.6,10,110,10.875003203125,9.324999809265137,,,,,,1.5351596289062495,,,,2026-09-04 15:53:24+00:00,False,False
TRIP,2026-09-04,TRIP260904C00004000,call,4.0,5.31,5.2,5.6,21,523,10.1875036328125,9.324999809265137,,,,,,1.5351596289062495,,,,2026-09-04 15:54:27+00:00,False,False
TRIP,2026-09-04,TRIP260904C00005000,call,5.0,4.15,4.0,4.6,31,237,11.03125310546875,9.324999809265137,,,,,,1.5351596289062495,,,,2026-09-04 14:53:20+00:00,False,False
TRIP,2026-09-04,TRIP260904C00006000,call,6.0,3.24,3.0,3.6,31,188,8.468754707031248,9.324999809265137,,,,,,1.5351596289062495,,,,2026-09-04 15:51:47+00:00,False,False
TRIP,2026-09-04,TRIP260904C00012000,call,12.0,0.04,0.0,1.05,10,90,6.79687650390625,9.324999809265137,,,,,,1.5351596289062495,,,,2026-08-24 18:21:22+00:00,True,False
TRIP,2026-09-04,TRIP260904P00009500,put,9.5,0.17,0.1,0.25,57,254,0.7421900781249999,9.324999809265137,,,,,,1.5351596289062495,,,,2026-09-04 19:55:54+00:00,False,True
TRIP,2026-09-04,TRIP260904P00010000,put,10.0,0.67,0.45,0.9,119,330,0.500005,9.324999809265137,,,,,,1.5351596289062495,,,,2026-09-04 19:57:30+00:00,False,False
TRIP,2026-09-11,TRIP260911C00012000,call,12.0,0.05,0.0,0.05,40,361,0.976562734375,9.324999809265137,0.036711667526383746,0.06371609237912854,-0.0072825794646847975,0.0010376529368880877,6.227935676191486e-05,0.6171913281250001,,67.7,94.9,2026-08-21 19:52:55+00:00,True,False
TRIP,2026-09-11,TRIP260911P00009000,put,9.0,0.1,0.05,0.1,47,57,0.4179745703124999,9.324999809265137,-0.2551504887049566,0.5950950515068741,-0.012046400876295858,0.00414800276923297,-0.0004726355244379064,0.6171913281250001,,67.7,94.9,2026-09-04 19:54:50+00:00,False,False
TRIP,2026-09-11,TRIP260911P00009500,put,9.5,0.33,0.25,0.45,31,302,0.64062859375,9.324999809265137,-0.561355441750875,0.4765135238142988,-0.022520065677938753,0.005090780694903236,-0.0010849048275408345,0.6171913281250001,,67.7,94.9,2026-09-04 19:55:39+00:00,False,False
TRIP,2026-09-11,TRIP260911P00010000,put,10.0,0.79,0.55,1.05,41,62,0.6445348046875,9.324999809265137,-0.7665684401906803,0.36783795102114597,-0.017116957717591058,0.0039537185253336014,-0.0015193511705249535,0.6171913281250001,,67.7,94.9,2026-09-04 19:57:30+00:00,False,False
TRIP,2026-09-18,TRIP260918C00001000,call,1.0,8.54,7.4,8.9,27,256,13.5000015625,9.324999809265137,0.9848884491912161,0.0015458430766427502,-0.033602218287283894,0.000696036570348678,0.00012126333175195494,0.4687553125,,112.5,125.8,2026-09-03 18:23:41+00:00,False,False
TRIP,2026-09-18,TRIP260918C00008000,call,8.0,1.32,1.2,1.65,63,50,0.7304714453125,9.324999809265137,0.8762023936608982,0.1532686103077938,-0.01066540694594149,0.003734128833807112,0.0025863945864945644,0.4687553125,,112.5,125.8,2026-09-04 13:55:27+00:00,False,False
TRIP,2026-09-18,TRIP260918C00009000,call,9.0,0.55,0.35,0.8,14,67,0.5273484765625001,9.324999809265137,0.6604484382001274,0.3802629250755469,-0.013361849959226804,0.006688281054735096,0.0021426316354712146,0.4687553125,,112.5,125.8,2026-09-04 19:42:59+00:00,False,True
TRIP,2026-09-18,TRIP260918C00010000,call,10.0,0.15,0.05,0.2,29,514,0.5898478515625001,9.324999809265137,0.2978452303680674,0.3217117793503764,-0.013687061445995834,0.006329068542674654,0.000991897225903855,0.4687553125,,112.5,125.8,2026-09-04 19:37:29+00:00,False,True
TRIP,2026-09-18,TRIP260918C00011000,call,11.0,0.03,0.0,0.1,196,5875,0.6015664843750002,9.324999809265137,0.09225773812183513,0.15055354227779483,-0.0066015067959235,0.0030206989501284924,0.0003127065507452892,0.4687553125,,112.5,125.8,2026-09-04 19:57:50+00:00,True,False
TRIP,2026-09-18,TRIP260918C00012000,call,12.0,0.05,0.0,0.15,16,1938,0.9062509375,9.324999809265137,0.09317644644771683,0.10067201572409558,-0.0099585729355912,0.0030429167281585375,0.00030754284337428935,0.4687553125,,112.5,125.8,2026-09-01 18:58:34+00:00,True,False
TRIP,2026-09-18,TRIP260918C00016000,call,16.0,0.19,0.0,0.75,100,488,2.367191582031249,9.324999809265137,0.1765486109781096,0.05996049925950074,-0.04020197220910092,0.004734035196746274,0.0005018395177082995,0.4687553125,,112.5,125.8,2026-08-17 13:49:22+00:00,True,False
TRIP,2026-09-18,TRIP260918C00018000,call,18.0,0.1,0.0,0.05,10,217,1.53125234375,9.324999809265137,0.02084035567268046,0.017928480967065535,-0.005031341480074803,0.0009156364973344482,6.705081854530562e-05,0.4687553125,,112.5,125.8,2026-08-06 14:16:36+00:00,True,False
TRIP,2026-09-18,TRIP260918P00006000,put,6.0,0.06,0.0,0.1,10,215,1.375003125,9.324999809265137,-0.037605287555875444,0.032633668595023826,-0.007295573413352915,0.0014965885507351286,-0.00015053378361206814,0.4687553125,,112.5,125.8,2026-08-21 19:53:41+00:00,True,False
TRIP,2026-09-18,TRIP260918P00009000,put,9.0,0.2,0.1,0.25,210,3456,0.5273484765625001,9.324999809265137,-0.33955156179987256,0.3802629250755469,-0.012131335402185764,0.006688281054735096,-0.0013028091242437004,0.4687553125,,112.5,125.8,2026-09-04 19:55:54+00:00,False,True
TRIP,2026-09-18,TRIP260918P00010000,put,10.0,0.82,0.55,1.1,116,3641,0.5117236328125,9.324999809265137,-0.7350254187440135,0.3504660621604697,-0.009883421779149583,0.005981557441117546,-0.002935462054834292,0.4687553125,,112.5,125.8,2026-09-04 19:15:53+00:00,False,False
TRIP,2026-09-18,TRIP260918P00013000,put,13.0,3.7,3.4,4.1,43,725,1.109379453125,9.324999809265137,-0.9209883663479433,0.07269091775731562,-0.008970915874048512,0.0026896334946919227,-0.004719676907144252,0.4687553125,,112.5,125.8,2026-09-03 19:12:55+00:00,False,False
TRIP,2026-09-25,TRIP260925C00004000,call,4.0,5.7,4.6,7.0,14,465,3.6484383789062496,9.324999809265137,0.920439037672504,0.01814201531946796,-0.02914973328232468,0.003311438077590172,0.0016131020692484988,0.6679720703125002,,226.3,218.7,2026-09-03 14:06:22+00:00,False,False
TRIP,2026-09-25,TRIP260925C00005000,call,5.0,4.5,3.6,5.4,28,51,2.0546923632812497,9.324999809265137,0.9353513812742211,0.0274733976601505,-0.01439448344131402,0.002824120820409956,0.0024298356267197386,0.6679720703125002,,226.3,218.7,2026-09-01 17:48:02+00:00,False,False
TRIP,2026-10-02,TRIP261002C00001000,call,1.0,8.59,8.1,9.2,12,691,7.37500078125,9.324999809265137,0.9828379285127938,0.002231392714702764,-0.014529126202173694,0.0010977435943470744,0.00040450807295412086,0.5312546875,,100.0,205.5,2026-09-04 18:39:18+00:00,False,False
TRIP,2026-10-02,TRIP261002C00002000,call,2.0,7.48,7.1,8.5,11,927,5.531253085937499,9.324999809265137,0.9619216309649103,0.0057951124944731055,-0.021282002272316095,0.0021381995376768765,0.0009099848137165442,0.5312546875,,100.0,205.5,2026-09-04 16:15:16+00:00,False,False
TRIP,2026-10-02,TRIP261002C00003000,call,3.0,6.5,6.1,6.9,49,388,3.0000025,9.324999809265137,0.9628647778302926,0.010468168054920362,-0.01156225337534638,0.0020948606202633967,0.0019027479225223278,0.5312546875,,100.0,205.5,2026-09-04 17:41:36+00:00,False,False
TRIP,2026-10-02,TRIP261002C00004000,call,4.0,5.62,4.6,7.5,40,278,3.7734380664062495,9.324999809265137,0.9092402539116111,0.0167669207494525,-0.02877363175689352,0.004220397605651345,0.0018782480332579662,0.5312546875,,100.0,205.5,2026-09-01 15:38:55+00:00,False,False
TRIP,2026-10-02,TRIP261002P00009000,put,9.0,0.35,0.2,0.6,10,63,0.5312546875,9.324999809265137,-0.36665404094165155,0.2743569642797112,-0.008703695458111038,0.009722581536062863,-0.0029109755909216607,0.5312546875,,100.0,205.5,2026-09-04 15:13:51+00:00,False,True
TRIP,2026-10-09,TRIP261009C00002000,call,2.0,7.6,7.1,8.5,34,273,4.960941298828125,9.324999809265137,0.9619188368441547,0.005779527037573513,-0.017105085391274567,0.002390722842358904,0.0011332409118214846,0.692385888671875,,73.9,126.1,2026-09-04 18:40:53+00:00,False,False
TRIP,2026-10-16,TRIP261016C00011000,call,11.0,0.14,0.1,0.2,195,65,0.5488326367187502,9.324999809265137,0.22263220926476018,0.17171811171246015,-0.006417742107065872,0.009429965902114307,0.002154303197100291,0.477544287109375,,104.7,114.9,2026-09-04 19:58:03+00:00,False,False
TRIP,2026-10-16,TRIP261016C00012000,call,12.0,0.1,0.05,0.15,100,270,0.57617611328125,9.324999809265137,0.12236604647234955,0.11127557616099404,-0.004542722609038866,0.006415185079925148,0.0011961058626151085,0.477544287109375,,104.7,114.9,2026-09-03 17:34:04+00:00,False,True
TRIP,2026-10-16,TRIP261016P00009000,put,9.0,0.37,0.35,0.45,19,254,0.477544287109375,9.324999809265137,-0.3686232961303004,0.24964734880071793,-0.006253076766961719,0.011928743532846309,-0.004439188422558151,0.477544287109375,,104.7,114.9,2026-09-04 19:40:45+00:00,False,False
TRP,2026-09-18,TRP260918P00060000,put,60.0,0.25,0.15,0.75,74,375,0.3540103662109374,62.61000061035156,-0.24936781849087464,0.07310727648706748,-0.04696877829973576,0.03891339941218719,-0.00624488852494849,0.25696543823242185,,137.8,126.9,2026-09-03 13:55:22+00:00,False,True
TRP,2026-09-18,TRP260918P00062500,put,62.5,1.05,0.6,1.35,45,94,0.2778392529296875,62.61000061035156,-0.4622495230384326,0.1165748788844793,-0.04418822842660331,0.048699125517108914,-0.011578246925536934,0.25696543823242185,,137.8,126.9,2026-09-02 14:20:06+00:00,False,True
TRP,2026-10-16,TRP261016P00060000,put,60.0,1.3,0.65,1.25,20,67,0.2773509765624999,62.61000061035156,-0.28747321518642244,0.05787231411078856,-0.02128736355513296,0.07240097087381442,-0.02199094589613854,0.2452468054199218,,113.1,112.7,2026-08-28 19:00:44+00:00,False,False
TXT,2026-09-18,TXT260918C00080000,call,80.0,0.8,0.7,0.9,20,99,0.2041095214843749,79.06999969482422,0.41116377530993803,0.12307450572710799,-0.048241204430944706,0.0602407000787796,0.012118367737010693,0.2258378198242187,,109.2,94.3,2026-09-04 19:02:20+00:00,False,False
TXT,2026-09-18,TXT260918P00065000,put,65.0,0.1,0.0,0.4,10,87,0.6015664843750002,79.06999969482422,-0.0410743747364245,0.009451628162465371,-0.028826628915870536,0.013634804181969572,-0.0013078512044523377,0.2258378198242187,,109.2,94.3,2026-07-29 19:39:50+00:00,True,False
TXT,2026-10-16,TXT261016C00082500,call,82.5,1.15,0.95,1.25,71,70,0.2364578308105468,79.06999969482422,0.33812660857830606,0.05765029543684011,-0.03108201833816748,0.09806976590043386,0.029195312911459645,0.23871610900878903,,103.0,108.2,2026-09-04 19:41:07+00:00,False,False
UAL,2026-09-04,UAL260904C00107000,call,107.0,4.35,2.54,6.1,170,196,1.5273461132812498,111.37999725341795,,,,,,0.2983468603515624,,,,2026-09-04 19:43:10+00:00,False,True
UAL,2026-09-04,UAL260904C00108000,call,108.0,3.74,2.07,4.95,85,177,1.2919957275390623,111.37999725341795,,,,,,0.2983468603515624,,,,2026-09-04 19:52:25+00:00,False,True
UAL,2026-09-04,UAL260904C00109000,call,109.0,2.27,1.02,3.85,15,159,1.078129609375,111.37999725341795,,,,,,0.2983468603515624,,,,2026-09-04 19:35:46+00:00,False,True
UAL,2026-09-04,UAL260904C00110000,call,110.0,1.95,0.2,1.77,208,261,0.398443515625,111.37999725341795,,,,,,0.2983468603515624,,,,2026-09-04 19:56:51+00:00,False,True
UAL,2026-09-04,UAL260904C00111000,call,111.0,0.45,0.17,1.04,79,258,0.3603579589843749,111.37999725341795,,,,,,0.2983468603515624,,,,2026-09-04 19:57:52+00:00,False,True
UAL,2026-09-04,UAL260904C00112000,call,112.0,0.02,0.0,0.1,214,418,0.1367273828125,111.37999725341795,,,,,,0.2983468603515624,,,,2026-09-04 19:59:42+00:00,True,False
UAL,2026-09-04,UAL260904C00113000,call,113.0,0.02,0.0,1.91,205,459,0.700198310546875,111.37999725341795,,,,,,0.2983468603515624,,,,2026-09-04 19:10:55+00:00,True,False
UAL,2026-09-04,UAL260904C00114000,call,114.0,0.01,0.0,0.03,23,178,0.26563234375,111.37999725341795,,,,,,0.2983468603515624,,,,2026-09-04 19:30:23+00:00,True,False
UAL,2026-09-04,UAL260904C00115000,call,115.0,0.01,0.0,0.01,44,448,0.2890696093749999,111.37999725341795,,,,,,0.2983468603515624,,,,2026-09-04 19:24:31+00:00,True,False
UAL,2026-09-04,UAL260904C00118000,call,118.0,0.01,0.0,0.1,11,130,0.6093789062500001,111.37999725341795,,,,,,0.2983468603515624,,,,2026-09-04 14:15:42+00:00,True,False
UAL,2026-09-04,UAL260904C00119000,call,119.0,0.02,0.0,0.11,10,107,0.6914093359375001,111.37999725341795,,,,,,0.2983468603515624,,,,2026-09-04 16:11:21+00:00,True,False
UAL,2026-09-04,UAL260904C00120000,call,120.0,0.02,0.0,0.02,44,416,0.5937540625000001,111.37999725341795,,,,,,0.2983468603515624,,,,2026-09-04 16:11:21+00:00,True,False
UAL,2026-09-04,UAL260904C00126000,call,126.0,0.01,0.0,0.01,11,111,0.87500125,111.37999725341795,,,,,,0.2983468603515624,,,,2026-09-03 14:32:09+00:00,True,False
UAL,2026-09-04,UAL260904C00132000,call,132.0,0.18,0.0,2.13,64,101,2.787112407226563,111.37999725341795,,,,,,0.2983468603515624,,,,2026-08-25 19:52:06+00:00,True,False
UAL,2026-09-04,UAL260904C00133000,call,133.0,0.31,0.0,2.13,72,95,2.8710965722656248,111.37999725341795,,,,,,0.2983468603515624,,,,2026-08-25 19:51:38+00:00,True,False
UAL,2026-09-04,UAL260904C00134000,call,134.0,0.17,0.0,2.13,44,232,2.9531276171875,111.37999725341795,,,,,,0.2983468603515624,,,,2026-08-25 16:46:02+00:00,True,False
UAL,2026-09-04,UAL260904P00100000,put,100.0,0.01,0.0,0.01,17,360,0.7812521875,111.37999725341795,,,,,,0.2983468603515624,,,,2026-09-04 16:43:23+00:00,True,False
UAL,2026-09-04,UAL260904P00102000,put,102.0,0.01,0.0,2.13,33,97,1.8808599707031248,111.37999725341795,,,,,,0.2983468603515624,,,,2026-09-03 19:56:05+00:00,True,False
UAL,2026-09-04,UAL260904P00103000,put,103.0,0.01,0.0,0.01,36,155,0.57812921875,111.37999725341795,,,,,,0.2983468603515624,,,,2026-09-04 17:29:18+00:00,True,False
UAL,2026-09-04,UAL260904P00104000,put,104.0,0.02,0.0,2.13,20,312,1.6103535107421876,111.37999725341795,,,,,,0.2983468603515624,,,,2026-09-04 17:02:05+00:00,True,False
UAL,2026-09-04,UAL260904P00105000,put,105.0,0.12,0.0,0.05,20,367,0.5546919531250001,111.37999725341795,,,,,,0.2983468603515624,,,,2026-09-04 19:21:34+00:00,True,False
UAL,2026-09-04,UAL260904P00106000,put,106.0,0.02,0.0,2.13,21,251,1.3330111474609372,111.37999725341795,,,,,,0.2983468603515624,,,,2026-09-04 18:55:26+00:00,True,False
UAL,2026-09-04,UAL260904P00107000,put,107.0,0.01,0.0,0.66,80,440,0.7402369726562499,111.37999725341795,,,,,,0.2983468603515624,,,,2026-09-04 18:13:11+00:00,True,False
UAL,2026-09-04,UAL260904P00108000,put,108.0,0.02,0.0,0.01,145,203,0.2812571874999999,111.37999725341795,,,,,,0.2983468603515624,,,,2026-09-04 18:45:55+00:00,True,False
UAL,2026-09-04,UAL260904P00109000,put,109.0,0.01,0.0,0.63,119,122,0.6669955175781253,111.37999725341795,,,,,,0.2983468603515624,,,,2026-09-04 19:53:29+00:00,True,False
UAL,2026-09-04,UAL260904P00110000,put,110.0,0.03,0.0,0.31,310,214,0.3554751953124999,111.37999725341795,,,,,,0.2983468603515624,,,,2026-09-04 19:13:56+00:00,True,False
UAL,2026-09-04,UAL260904P00111000,put,111.0,0.09,0.05,0.38,218,136,0.2363357617187499,111.37999725341795,,,,,,0.2983468603515624,,,,2026-09-04 19:45:20+00:00,False,True
UAL,2026-09-04,UAL260904P00112000,put,112.0,0.99,0.01,1.89,36,172,0.6689486230468751,111.37999725341795,,,,,,0.2983468603515624,,,,2026-09-04 19:27:29+00:00,False,True
UAL,2026-09-04,UAL260904P00113000,put,113.0,1.4,0.27,3.6,75,76,1.158207333984375,111.37999725341795,,,,,,0.2983468603515624,,,,2026-09-04 19:45:45+00:00,False,True
UAL,2026-09-11,UAL260911C00108000,call,108.0,2.86,2.52,5.65,31,84,0.5742230078125,111.37999725341795,0.6697941357862054,0.04089828446052967,-0.23863698992300847,0.05587342089598881,0.013253747855526986,0.6203651245117188,,55.9,60.6,2026-09-03 19:57:32+00:00,False,True
UAL,2026-09-11,UAL260911C00109000,call,109.0,3.7,1.8,5.0,140,162,0.5668988623046876,111.37999725341795,0.6280151302474271,0.043254569245523414,-0.2451498367909383,0.05833875519034905,0.012488032050507995,0.6203651245117188,,55.9,60.6,2026-09-04 19:44:40+00:00,False,True
UAL,2026-09-11,UAL260911C00110000,call,110.0,3.0,2.82,3.4,48,91,0.4057676611328125,111.37999725341795,0.6052767058264941,0.06150908040377895,-0.18088581876073462,0.05937946044627461,0.012297498418896451,0.6203651245117188,,55.9,60.6,2026-09-04 19:56:51+00:00,False,False
UAL,2026-09-11,UAL260911C00112000,call,112.0,2.2,0.72,3.65,126,73,0.5993692407226563,111.37999725341795,0.49448533660940736,0.04314836346094184,-0.2704903088837908,0.061528788092802655,0.00990180241962361,0.6203651245117188,,55.9,60.6,2026-09-04 19:41:26+00:00,False,True
UAL,2026-09-11,UAL260911C00113000,call,113.0,1.57,1.47,1.74,58,91,0.372076591796875,111.37999725341795,0.4067670069050867,0.0676062856450482,-0.165036860279346,0.05984653431559045,0.00837665920108817,0.6203651245117188,,55.9,60.6,2026-09-04 19:57:11+00:00,False,False
UAL,2026-09-11,UAL260911C00115000,call,115.0,0.85,0.85,1.0,280,134,0.3569400244140625,111.37999725341795,0.2732746554373917,0.060417718998394015,-0.1348576631915299,0.05130729932808469,0.005664441720280234,0.6203651245117188,,55.9,60.6,2026-09-04 19:59:20+00:00,False,False
UAL,2026-09-11,UAL260911C00117000,call,117.0,0.5,0.25,0.72,16,130,0.389654541015625,111.37999725341795,0.19283432492076819,0.04556227386064222,-0.1204157736610249,0.04223813298668209,0.003999279902609455,0.6203651245117188,,55.9,60.6,2026-09-04 19:39:56+00:00,False,True
UAL,2026-09-11,UAL260911C00120000,call,120.0,0.1,0.01,0.55,81,104,0.460942890625,111.37999725341795,0.13117663952748237,0.02994000275793243,-0.11004201876383907,0.032833602663594676,0.0027146690554743945,0.6203651245117188,,55.9,60.6,2026-09-04 19:24:27+00:00,False,True
UAL,2026-09-11,UAL260911C00123000,call,123.0,0.07,0.0,0.3,22,57,0.477544287109375,111.37999725341795,0.0731116240534942,0.018847001366698847,-0.07412351429881477,0.021412900415336014,0.0015168373804838931,0.6203651245117188,,55.9,60.6,2026-09-04 16:18:59+00:00,True,False
UAL,2026-09-11,UAL260911P00100000,put,100.0,0.04,0.0,0.08,67,151,0.39649041015625,111.37999725341795,-0.022332545687377414,0.008691502684301257,-0.0228716050819946,0.008198740438997817,-0.0004869724794363413,0.6203651245117188,,55.9,60.6,2026-09-04 19:54:26+00:00,True,False
UAL,2026-09-11,UAL260911P00103000,put,103.0,0.17,0.0,0.36,18,161,0.429693203125,111.37999725341795,-0.08686196623149789,0.023862083222451258,-0.073509053291293,0.024394191081958984,-0.0019075064286924878,0.6203651245117188,,55.9,60.6,2026-09-04 19:08:24+00:00,True,False
UAL,2026-09-11,UAL260911P00104000,put,104.0,0.22,0.14,0.25,35,575,0.3530338134765625,111.37999725341795,-0.0740423869914747,0.02574188313084486,-0.05336621323609572,0.021621021044287415,-0.0016168165746839466,0.6203651245117188,,55.9,60.6,2026-09-04 19:45:09+00:00,False,False
UAL,2026-09-11,UAL260911P00105000,put,105.0,0.37,0.16,0.39,66,750,0.3598696826171874,111.37999725341795,-0.10976536526501801,0.03382356827093968,-0.07272326674439851,0.028959046907168585,-0.0024022567516321035,0.6203651245117188,,55.9,60.6,2026-09-04 18:37:00+00:00,False,True
UAL,2026-09-11,UAL260911P00106000,put,106.0,0.49,0.19,1.07,13,346,0.4721732470703125,111.37999725341795,-0.21055389173074968,0.03963296035626012,-0.14682345045992046,0.044522287608088976,-0.004669500425208491,0.6203651245117188,,55.9,60.6,2026-09-04 19:30:05+00:00,False,True
UAL,2026-09-11,UAL260911P00107000,put,107.0,0.64,0.56,0.83,1115,112,0.3745179736328125,111.37999725341795,-0.2066942130188376,0.04942522032555435,-0.11456276976417938,0.04403934592097028,-0.0045473882745114234,0.6203651245117188,,55.9,60.6,2026-09-04 19:57:25+00:00,False,False
UAL,2026-09-11,UAL260911P00111000,put,111.0,1.96,1.45,3.8,33,76,0.6074258007812501,111.37999725341795,-0.46252025157355225,0.042392086964838475,-0.2582697455995632,0.06126290880769691,-0.01054907056765146,0.6203651245117188,,55.9,60.6,2026-09-04 19:45:20+00:00,False,True
UAL,2026-09-11,UAL260911P00112000,put,112.0,2.55,1.73,3.05,20,243,0.4138242211914062,111.37999725341795,-0.520527423189076,0.06241787032600323,-0.17332092061324847,0.06145319034978864,-0.01165889750373744,0.6203651245117188,,55.9,60.6,2026-09-04 19:39:56+00:00,False,False
UAL,2026-09-18,UAL260918C00080000,call,80.0,33.03,29.5,33.65,10,674,0.86914193359375,111.37999725341795,0.9793480073053443,0.002624231639796062,-0.044289833749165446,0.01085281620464711,0.02968515788721752,0.5560347131347656,,93.3,106.9,2026-08-20 16:28:39+00:00,False,False
UAL,2026-09-18,UAL260918C00110000,call,110.0,4.32,4.1,4.75,25,2513,0.4494683959960937,111.37999725341795,0.5821634657056178,0.03982380609055439,-0.14495471277474561,0.08517095199853991,0.0230566839668476,0.5560347131347656,,93.3,106.9,2026-09-04 19:54:11+00:00,False,False
UAL,2026-09-18,UAL260918C00112000,call,112.0,3.45,1.96,4.7,62,61,0.5542036767578126,111.37999725341795,0.508295424817859,0.03299301259606173,-0.17932879353673786,0.08700434712483769,0.01993933119788535,0.5560347131347656,,93.3,106.9,2026-09-04 19:45:51+00:00,False,True
UAL,2026-09-18,UAL260918C00115000,call,115.0,2.1,1.94,2.33,176,4401,0.4233456103515625,111.37999725341795,0.3740367349327916,0.04102890738401655,-0.1303543870049716,0.0826484264753687,0.01510379810580838,0.5560347131347656,,93.3,106.9,2026-09-04 19:57:53+00:00,False,False
UAL,2026-09-18,UAL260918C00120000,call,120.0,0.9,0.45,1.14,68,2671,0.436529072265625,111.37999725341795,0.20990478874840462,0.030258138536248234,-0.10103893659825221,0.06284995286456364,0.008550706316043898,0.5560347131347656,,93.3,106.9,2026-09-04 19:54:11+00:00,False,True
UAL,2026-09-18,UAL260918C00125000,call,125.0,0.36,0.28,0.54,17,1766,0.4526421923828125,111.37999725341795,0.10833620270833755,0.018836660046942132,-0.06717010847743682,0.040570327217922114,0.004437885160739542,0.5560347131347656,,93.3,106.9,2026-09-04 19:44:29+00:00,False,False
UAL,2026-09-18,UAL260918C00135000,call,135.0,0.01,0.01,0.34,44,1250,0.5205126074218749,111.37999725341795,0.03461872757187404,0.006744497737903335,-0.031560674061981014,0.01670438316757278,0.0014214669942729926,0.5560347131347656,,93.3,106.9,2026-09-03 19:21:53+00:00,False,True
UAL,2026-09-18,UAL260918C00140000,call,140.0,0.07,0.0,0.33,40,3294,0.5937540625000001,111.37999725341795,0.029243038049669778,0.005143210188355992,-0.031240295216383048,0.014530830743013446,0.0011954287542312615,0.5560347131347656,,93.3,106.9,2026-09-04 16:25:15+00:00,True,False
UAL,2026-09-18,UAL260918C00155000,call,155.0,0.01,0.0,0.03,130,395,0.5937540625000001,111.37999725341795,0.0028259417921333734,0.0006693437865062164,-0.004051747008551398,0.0018910604300460207,0.0001166434962156931,0.5560347131347656,,93.3,106.9,2026-08-26 19:46:38+00:00,True,False
UAL,2026-09-18,UAL260918C00170000,call,170.0,0.34,0.0,0.26,20,652,0.9492192578125,111.37999725341795,0.014953434160834875,0.0018240980729690038,-0.028144097954570176,0.008238806483299456,0.0005991365194132597,0.5560347131347656,,93.3,106.9,2026-08-06 18:16:41+00:00,True,False
UAL,2026-09-18,UAL260918C00175000,call,175.0,0.03,0.0,0.15,72,1295,0.9335944140625,111.37999725341795,0.008911237358494608,0.0011832259378902598,-0.017653801982126842,0.005256243824153555,0.0003586468181524368,0.5560347131347656,,93.3,106.9,2026-08-18 13:30:03+00:00,True,False
UAL,2026-09-18,UAL260918P00075000,put,75.0,0.03,0.0,0.03,10,926,0.726565234375,111.37999725341795,-0.002093208178137518,0.00041692367056039864,-0.0037068987158367143,0.0014413874714779614,-9.33038560529377e-05,0.5560347131347656,,93.3,106.9,2026-08-25 14:26:36+00:00,True,False
UAL,2026-09-18,UAL260918P00077500,put,77.5,0.04,0.0,0.04,21,484,0.6953155468750001,111.37999725341795,-0.0030216668810129077,0.0006071439358269716,-0.00494016143479512,0.0020087374600959197,-0.00013461183852259254,0.5560347131347656,,93.3,106.9,2026-08-05 14:18:18+00:00,True,False
UAL,2026-09-18,UAL260918P00082500,put,82.5,0.07,0.0,1.2,142,1138,1.0029346728515625,111.37999725341795,-0.05091360838888581,0.004782741522238207,-0.08090908153768474,0.02282438756741136,-0.002368268474072567,0.5560347131347656,,93.3,106.9,2026-08-04 19:57:44+00:00,True,False
UAL,2026-09-18,UAL260918P00087500,put,87.5,0.16,0.0,0.1,188,2097,0.5371140039062501,111.37999725341795,-0.009019750621766853,0.0020785684273124275,-0.01004770931670799,0.005312272917930535,-0.0003993756811417109,0.5560347131347656,,93.3,106.9,2026-08-20 19:28:03+00:00,True,False
UAL,2026-09-18,UAL260918P00090000,put,90.0,0.1,0.0,0.1,21,1203,0.534184345703125,111.37999725341795,-0.017518601127676448,0.0037121925324844394,-0.01772356784362052,0.009435637039412493,-0.0007777060197698873,0.5560347131347656,,93.3,106.9,2026-09-04 18:36:17+00:00,True,False
UAL,2026-09-18,UAL260918P00095000,put,95.0,0.12,0.1,0.31,98,2284,0.5195360546875,111.37999725341795,-0.05122637504593208,0.009277920298207289,-0.04174098205715159,0.022935906333541603,-0.0022855531120780084,0.5560347131347656,,93.3,106.9,2026-09-04 19:31:55+00:00,False,True
UAL,2026-09-18,UAL260918P00097500,put,97.5,0.24,0.16,0.34,125,4208,0.4614311669921875,111.37999725341795,-0.06187911714981864,0.012123678685048876,-0.042884804909653386,0.026618949961853895,-0.002750677703019411,0.5560347131347656,,93.3,106.9,2026-09-04 19:34:42+00:00,False,True
UAL,2026-09-18,UAL260918P00100000,put,100.0,0.37,0.32,0.49,150,5842,0.4331111376953125,111.37999725341795,-0.09083532313910125,0.017306771346602533,-0.053727947221602144,0.0356668688482165,-0.004038929228319446,0.5560347131347656,,93.3,106.9,2026-09-04 19:44:12+00:00,False,False
UAL,2026-09-18,UAL260918P00103000,put,103.0,0.78,0.67,1.4,37,52,0.5046436254882812,111.37999725341795,-0.19482730525967729,0.0250326760195706,-0.10519159620877966,0.06010929679448956,-0.008801265214640214,0.5560347131347656,,93.3,106.9,2026-09-04 18:22:48+00:00,False,True
UAL,2026-09-18,UAL260918P00105000,put,105.0,0.98,0.75,2.04,85,1620,0.5185595019531251,111.37999725341795,-0.25768947029688616,0.028543352992384197,-0.1262496996021455,0.07042926593824646,-0.011718491792605317,0.5560347131347656,,93.3,106.9,2026-09-04 19:54:39+00:00,False,True
UAL,2026-09-18,UAL260918P00106000,put,106.0,1.34,0.8,2.4,13,161,0.523442265625,111.37999725341795,-0.29016361361791565,0.029987018659731236,-0.1348970215270839,0.07468814168067982,-0.013237640690725354,0.5560347131347656,,93.3,106.9,2026-09-04 19:46:13+00:00,False,True
UAL,2026-09-18,UAL260918P00107000,put,107.0,1.5,0.79,2.45,14,109,0.4858449853515625,111.37999725341795,-0.3122922286018488,0.03339534141308446,-0.12888709370543822,0.07720282445072811,-0.014202188768405557,0.5560347131347656,,93.3,106.9,2026-09-04 19:51:25+00:00,False,True
UAL,2026-09-18,UAL260918P00108000,put,108.0,1.96,1.88,2.2,139,314,0.4108945629882812,111.37999725341795,-0.327433018372592,0.040277683374158504,-0.11029122513688544,0.07874889257377435,-0.014759487615841836,0.5560347131347656,,93.3,106.9,2026-09-04 19:59:03+00:00,False,False
UAL,2026-09-18,UAL260918P00110000,put,110.0,2.74,2.48,2.98,305,3076,0.4055235229492187,111.37999725341795,-0.41260971318853124,0.04401281899064671,-0.1163252130542339,0.08492681043475563,-0.018687597051570706,0.5560347131347656,,93.3,106.9,2026-09-04 19:51:19+00:00,False,False
UAL,2026-09-18,UAL260918P00111000,put,111.0,3.55,2.25,5.05,21,83,0.5827678442382812,111.37999725341795,-0.4586587101756153,0.031214001884128522,-0.1724984708030501,0.08655548805995014,-0.021421833588354013,0.5560347131347656,,93.3,106.9,2026-09-04 16:36:13+00:00,False,True
UAL,2026-09-18,UAL260918P00112000,put,112.0,3.89,2.65,4.55,10,198,0.4687553125,111.37999725341795,-0.49747646008773994,0.03901488991515636,-0.13750673906792157,0.08702141994210262,-0.022898659601360127,0.5560347131347656,,93.3,106.9,2026-09-04 19:03:45+00:00,False,False
UAL,2026-09-18,UAL260918P00113000,put,113.0,4.59,2.48,6.1,10,85,0.579105771484375,111.37999725341795,-0.521413516130782,0.03153560471297436,-0.17097483542102565,0.08689777036054579,-0.02450046427028745,0.5560347131347656,,93.3,106.9,2026-09-04 19:03:45+00:00,False,True
UAL,2026-09-18,UAL260918P00115000,put,115.0,5.44,4.85,5.9,21,2719,0.4174862939453124,111.37999725341795,-0.6281070450798361,0.04152846442342718,-0.11264963529475525,0.08249690807734204,-0.02899430532625171,0.5560347131347656,,93.3,106.9,2026-09-04 19:51:19+00:00,False,False
UAL,2026-09-18,UAL260918P00130000,put,130.0,20.5,17.55,20.65,165,86,0.5429733203125001,111.37999725341795,-0.9165908159842622,0.012953054035067817,-0.04833566135531642,0.03346572551377117,-0.04637010919390485,0.5560347131347656,,93.3,106.9,2026-09-03 19:05:53+00:00,False,False
UAL,2026-09-25,UAL260925C00115000,call,115.0,2.55,2.43,4.15,22,86,0.5217332983398437,111.37999725341795,0.4324971365812993,0.028210712036276616,-0.13652855585469373,0.10505178573263882,0.025329787921911828,0.4591728887939453,,114.8,99.7,2026-09-04 15:28:17+00:00,False,False
UAL,2026-09-25,UAL260925C00120000,call,120.0,1.4,1.11,1.76,24,99,0.4340876904296875,111.37999725341795,0.26230899331709134,0.02809699199320954,-0.0937341914552979,0.08705187589872578,0.015802126547754716,0.4591728887939453,,114.8,99.7,2026-09-04 19:27:48+00:00,False,False
UAL,2026-09-25,UAL260925C00125000,call,125.0,0.67,0.19,0.95,18,135,0.4428766650390625,111.37999725341795,0.15725351859238135,0.020331952356015242,-0.07004169265517969,0.0642691738700843,0.009541935267768788,0.4591728887939453,,114.8,99.7,2026-09-04 19:41:50+00:00,False,True
UAL,2026-09-25,UAL260925C00130000,call,130.0,1.2,0.03,2.41,41,80,0.5820354296875,111.37999725341795,0.1546063873953643,0.015298622050336892,-0.09027027057193666,0.06355395372370731,0.00922860876295923,0.4591728887939453,,114.8,99.7,2026-08-26 19:57:03+00:00,False,True
UAL,2026-09-25,UAL260925P00108000,put,108.0,3.95,2.41,2.99,62,74,0.4171200866699218,111.37999725341795,-0.34945797498186926,0.033219483272733386,-0.09251014304556243,0.09889966323351836,-0.023987760204550318,0.4591728887939453,,114.8,99.7,2026-09-03 19:20:12+00:00,False,False
UAL,2026-10-02,UAL261002C00111000,call,111.0,4.4,4.05,7.05,131,148,0.549076774902344,111.37999725341795,0.549236537070163,0.023372906897305343,-0.12715096540431872,0.1221308489085261,0.041453279916395074,0.5422409057617189,,78.9,108.1,2026-09-02 15:04:12+00:00,False,False
UAL,2026-10-02,UAL261002C00115000,call,115.0,3.25,2.43,5.2,11,105,0.5393112475585939,111.37999725341795,0.45471417475284054,0.023824327189268243,-0.12397618880094004,0.12227556975646556,0.03482075657229102,0.5422409057617189,,78.9,108.1,2026-09-04 16:36:02+00:00,False,True
UAL,2026-10-02,UAL261002C00116000,call,116.0,2.54,1.86,4.95,62,85,0.5496871203613283,111.37999725341795,0.4342224069480263,0.023205843011394445,-0.12509776985535137,0.12139267557501539,0.03326760849209597,0.5422409057617189,,78.9,108.1,2026-09-02 15:04:06+00:00,False,True
UAL,2026-10-02,UAL261002C00117000,call,117.0,2.65,1.52,4.65,26,222,0.5543257458496094,111.37999725341795,0.41337275033339205,0.022777302087669385,-0.12460356060953802,0.12015639898931,0.03172208452988754,0.5422409057617189,,78.9,108.1,2026-09-04 18:20:35+00:00,False,True
UAL,2026-10-02,UAL261002C00123000,call,123.0,1.01,0.0,2.99,61,64,0.5620160986328125,111.37999725341795,0.2963098252766983,0.019941526701386738,-0.11115052291135857,0.10665635384306599,0.023017049490800662,0.5422409057617189,,78.9,108.1,2026-09-02 17:00:41+00:00,True,False
UAL,2026-10-02,UAL261002C00124000,call,124.0,0.89,0.0,3.1,84,92,0.5942423388671876,111.37999725341795,0.2923469773572278,0.018743177527005824,-0.1165123025151035,0.10599524489817105,0.022600271713684724,0.5422409057617189,,78.9,108.1,2026-09-02 17:00:37+00:00,True,False
UAL,2026-10-02,UAL261002P00100000,put,100.0,1.05,0.61,1.81,10,74,0.4899953344726563,111.37999725341795,-0.18665995853506478,0.017757053446047857,-0.06937742449870654,0.08280230361418026,-0.017213847352610313,0.5422409057617189,,78.9,108.1,2026-09-04 19:29:54+00:00,False,True
UAL,2026-10-09,UAL261009C00120000,call,120.0,2.8,0.91,4.5,11,507,0.5590864404296876,111.37999725341795,0.37588175283147507,0.019679298886180186,-0.10964292331586661,0.13088147078748671,0.03575990700328541,0.5792278405761719,,92.4,105.8,2026-09-04 19:50:43+00:00,False,True
UAL,2026-10-16,UAL261016C00100000,call,100.0,13.0,12.95,16.1,87,175,0.5195360546875,111.37999725341795,0.7680126206401513,0.015543731177960231,-0.08098093630780322,0.11527677030390059,0.08133548057749028,0.47748325256347657,,98.9,98.3,2026-09-02 14:57:37+00:00,False,False
UAL,2026-10-16,UAL261016C00110000,call,110.0,7.68,7.6,8.45,176,431,0.5113574255371094,111.37999725341795,0.5760400535882343,0.02027281563060713,-0.09768593651264523,0.14798219647367838,0.06384391656515091,0.47748325256347657,,98.9,98.3,2026-09-04 19:33:56+00:00,False,False
UAL,2026-10-16,UAL261016C00115000,call,115.0,5.35,5.4,6.15,46,312,0.5056201782226561,111.37999725341795,0.4732196037401608,0.020836283765178872,-0.09687739740926095,0.1503887994507858,0.053374022427815956,0.47748325256347657,,98.9,98.3,2026-09-04 19:29:51+00:00,False,False
UAL,2026-10-16,UAL261016C00120000,call,120.0,3.75,3.65,4.0,130,2743,0.476567734375,111.37999725341795,0.3651615097131675,0.02087851527434431,-0.08558868084080827,0.14203490289761805,0.042052400301879934,0.47748325256347657,,98.9,98.3,2026-09-04 19:44:15+00:00,False,False
UAL,2026-10-16,UAL261016C00125000,call,125.0,2.47,1.93,2.64,91,991,0.4694877270507813,111.37999725341795,0.2713817984792294,0.01868787889474774,-0.07376752446747852,0.12524346849038692,0.031644492031740606,0.47748325256347657,,98.9,98.3,2026-09-04 19:50:32+00:00,False,False
UAL,2026-10-16,UAL261016C00130000,call,130.0,1.59,1.3,1.7,99,1243,0.4655815161132813,111.37999725341795,0.19395511676595123,0.01562246000227419,-0.06026696839021524,0.10382835737387591,0.022836894061000708,0.47748325256347657,,98.9,98.3,2026-09-04 19:50:32+00:00,False,False
UAL,2026-10-16,UAL261016C00135000,call,135.0,0.94,0.65,1.01,70,1598,0.4555718505859375,111.37999725341795,0.12923163420503248,0.012239885824323365,-0.04499905090708202,0.0795985359419752,0.015363504389319898,0.47748325256347657,,98.9,98.3,2026-09-04 19:40:19+00:00,False,False
UAL,2026-10-16,UAL261016C00140000,call,140.0,0.6,0.39,0.85,32,1367,0.4917043017578125,111.37999725341795,0.10506220650625953,0.009792102166204889,-0.04171587694973664,0.0687307013300799,0.01246155130947083,0.47748325256347657,,98.9,98.3,2026-09-04 19:44:54+00:00,False,True
UAL,2026-10-16,UAL261016C00165000,call,165.0,0.1,0.0,0.98,98,545,0.6543003320312502,111.37999725341795,0.05115454732482697,0.004248578934493792,-0.031622786143608354,0.039681827398217975,0.0059930751837023455,0.47748325256347657,,98.9,98.3,2026-09-01 19:53:41+00:00,True,False
UAL,2026-10-16,UAL261016C00170000,call,170.0,0.08,0.0,0.75,43,453,0.6601596484375001,111.37999725341795,0.04000822572643941,0.003455519041171842,-0.026151337162281622,0.03256365141381678,0.004699145471299785,0.47748325256347657,,98.9,98.3,2026-09-01 19:44:31+00:00,True,False
UAL,2026-10-16,UAL261016C00175000,call,175.0,0.07,0.0,0.54,47,106,0.659183095703125,111.37999725341795,0.02983988697770519,0.0027199298942498333,-0.020503281093955415,0.025593790082309442,0.0035176234168986784,0.47748325256347657,,98.9,98.3,2026-09-01 19:33:37+00:00,True,False
UAL,2026-10-16,UAL261016C00180000,call,180.0,0.05,0.0,2.14,10,50,0.8906260937499999,111.37999725341795,0.07798997488664998,0.004333721986620068,-0.059462928708704725,0.055096916475048996,0.008781086174690627,0.47748325256347657,,98.9,98.3,2026-09-01 19:46:26+00:00,True,False
UAL,2026-10-16,UAL261016P00085000,put,85.0,0.29,0.25,0.39,202,365,0.4946339599609375,111.37999725341795,-0.04189381549408777,0.004787422853216526,-0.01921933047156135,0.033803101583240173,-0.005759243989683908,0.47748325256347657,,98.9,98.3,2026-09-04 19:58:03+00:00,False,False
UAL,2026-10-16,UAL261016P00087500,put,87.5,0.45,0.18,0.58,15,219,0.4936574072265626,111.37999725341795,-0.05948579389444042,0.006343892552285802,-0.025294923640866628,0.04470460976258833,-0.008210258881466634,0.47748325256347657,,98.9,98.3,2026-09-04 17:28:08+00:00,False,True
UAL,2026-10-16,UAL261016P00090000,put,90.0,0.7,0.38,0.76,15,520,0.4799856689453124,111.37999725341795,-0.07696434581967948,0.007960899242234325,-0.029901839849618233,0.054545789183645076,-0.010636516357825542,0.47748325256347657,,98.9,98.3,2026-09-04 14:25:48+00:00,False,False
UAL,2026-10-16,UAL261016P00092500,put,92.5,0.93,0.78,1.18,17,302,0.4929249926757813,111.37999725341795,-0.1095669149589259,0.010068018319826476,-0.039754901408491014,0.07084279175274505,-0.01526065422721305,0.47748325256347657,,98.9,98.3,2026-09-04 19:30:35+00:00,False,False
UAL,2026-10-16,UAL261016P00095000,put,95.0,1.3,0.92,1.61,40,1090,0.4919484399414063,111.37999725341795,-0.14205436624185486,0.012093875044229485,-0.04737197108726842,0.08492897768908873,-0.019882223666602333,0.47748325256347657,,98.9,98.3,2026-09-04 19:37:36+00:00,False,False
UAL,2026-10-16,UAL261016P00097500,put,97.5,1.69,1.63,2.03,23,912,0.4799856689453124,111.37999725341795,-0.17510369589746266,0.014219711393329922,-0.05274751565552926,0.09742936775257577,-0.024567871049943523,0.47748325256347657,,98.9,98.3,2026-09-04 19:54:21+00:00,False,False
UAL,2026-10-16,UAL261016P00100000,put,100.0,2.26,2.0,2.59,91,878,0.4724173852539062,111.37999725341795,-0.215179352011867,0.01637814192714009,-0.05850874971957217,0.11044888435245039,-0.030306233855550594,0.47748325256347657,,98.9,98.3,2026-09-04 19:40:19+00:00,False,False
UAL,2026-10-16,UAL261016P00105000,put,105.0,3.79,3.75,3.95,40,875,0.450200810546875,111.37999725341795,-0.3084362876339073,0.020695174609233508,-0.06607416386366959,0.13299833349792126,-0.04373659896665285,0.47748325256347657,,98.9,98.3,2026-09-04 19:36:49+00:00,False,False
UAL,2026-10-16,UAL261016P00110000,put,110.0,5.85,5.8,6.05,207,655,0.4436090795898437,111.37999725341795,-0.4221780435285204,0.023348266373953805,-0.07086419353497937,0.1478515553607423,-0.06062369820123033,0.47748325256347657,,98.9,98.3,2026-09-04 19:57:05+00:00,False,False
UAL,2026-10-16,UAL261016P00125000,put,125.0,17.84,14.85,16.45,40,936,0.4847463635253906,111.37999725341795,-0.7205197498355984,0.018363384763775907,-0.06016793970929136,0.12706856499217647,-0.11054955442542548,0.47748325256347657,,98.9,98.3,2026-09-03 19:58:36+00:00,False,False
UAL,2026-10-16,UAL261016P00130000,put,130.0,20.12,18.9,20.6,11,438,0.492192578125,111.37999725341795,-0.7904399817755012,0.015478894014612275,-0.048935739255413314,0.10875414510173483,-0.1242196208485602,0.47748325256347657,,98.9,98.3,2026-09-04 17:21:08+00:00,False,False
UAL,2026-10-16,UAL261016P00135000,put,135.0,26.55,22.9,26.1,60,317,0.6098671826171876,111.37999725341795,-0.7876854952492309,0.012588236042257343,-0.06407255048963705,0.10959001180307469,-0.1301440933003038,0.47748325256347657,,98.9,98.3,2026-09-02 16:20:57+00:00,False,False
USB,2026-09-04,USB260904C00061000,call,61.0,2.43,2.28,2.52,23,100,0.6640658593750002,63.369998931884766,,,,,,0.16602396484374995,,,,2026-09-04 19:11:10+00:00,False,False
USB,2026-09-04,USB260904C00062000,call,62.0,1.44,1.25,1.52,23,210,0.460942890625,63.369998931884766,,,,,,0.16602396484374995,,,,2026-09-04 19:18:34+00:00,False,False
USB,2026-09-04,USB260904C00063000,call,63.0,0.41,0.3,0.5,124,387,0.2089922851562499,63.369998931884766,,,,,,0.16602396484374995,,,,2026-09-04 19:52:59+00:00,False,False
USB,2026-09-04,USB260904C00064000,call,64.0,0.03,0.0,0.2,36,163,0.335944140625,63.369998931884766,,,,,,0.16602396484374995,,,,2026-09-04 19:34:57+00:00,True,False
USB,2026-09-04,USB260904C00065000,call,65.0,0.01,0.0,0.01,17,502,0.257819921875,63.369998931884766,,,,,,0.16602396484374995,,,,2026-09-04 19:57:40+00:00,True,False
USB,2026-09-04,USB260904P00063000,put,63.0,0.07,0.0,0.04,100,86,0.12305564453125,63.369998931884766,,,,,,0.16602396484374995,,,,2026-09-04 14:35:34+00:00,True,False
USB,2026-09-11,USB260911C00063000,call,63.0,0.89,0.8,0.96,193,114,0.2036212451171875,63.369998931884766,0.6009354573160942,0.21607045201906452,-0.05436873410594311,0.03388371689082345,0.00712178152324287,0.198250205078125,,103.0,97.8,2026-09-04 19:52:59+00:00,False,False
USB,2026-09-11,USB260911C00064000,call,64.0,0.39,0.3,0.43,122,209,0.1860432958984375,63.369998931884766,0.36924112320898095,0.2311029082481853,-0.047151874219397,0.03311250300364518,0.004409031964705183,0.198250205078125,,103.0,97.8,2026-09-04 19:43:16+00:00,False,False
USB,2026-09-11,USB260911C00065000,call,65.0,0.15,0.11,0.19,81,73,0.1938557177734375,63.369998931884766,0.18489413405971894,0.1568473416022757,-0.034006706496698104,0.023416843446652146,0.0022144991519876755,0.198250205078125,,103.0,97.8,2026-09-04 19:58:45+00:00,False,False
USB,2026-09-11,USB260911C00067000,call,67.0,0.03,0.0,0.06,105,159,0.242195078125,63.369998931884766,0.0531134364367106,0.05091174719229163,-0.016882945040326256,0.009496332005881153,0.0006364743358035155,0.198250205078125,,103.0,97.8,2026-09-04 17:11:40+00:00,True,False
USB,2026-09-11,USB260911P00063000,put,63.0,0.46,0.38,0.55,17,1004,0.1928791650390625,63.369998931884766,-0.39416310385413955,0.22734510370412156,-0.04303919023200217,0.033770967108121094,-0.004882293058957368,0.198250205078125,,103.0,97.8,2026-09-04 19:11:30+00:00,False,False
USB,2026-09-18,USB260918C00055000,call,55.0,8.6,8.3,8.65,25,4112,0.5312546875,63.369998931884766,0.9239221507339822,0.021704234370568738,-0.04052446945903789,0.017760280325748598,0.019116192741626407,0.21729298339843744,,101.1,96.2,2026-09-03 13:57:48+00:00,False,False
USB,2026-09-18,USB260918C00060000,call,60.0,3.65,3.45,3.8,12,4552,0.3154365332031249,63.369998931884766,0.8280520055518796,0.06511254667695335,-0.042299550366532435,0.0316358307623829,0.018647773219422493,0.21729298339843744,,101.1,96.2,2026-09-04 19:45:50+00:00,False,False
USB,2026-09-18,USB260918C00062500,call,62.5,1.62,1.45,1.7,12,3135,0.2387771435546875,63.369998931884766,0.6405783371159092,0.12617489423699005,-0.044896634577681116,0.04640537352262486,0.014905151464300237,0.21729298339843744,,101.1,96.2,2026-09-04 19:34:58+00:00,False,False
USB,2026-09-18,USB260918C00064000,call,64.0,0.78,0.65,0.84,119,450,0.2187578124999999,63.369998931884766,0.4345836377305426,0.14496183766832085,-0.041817261903772406,0.04884496791323225,0.010236150007249034,0.21729298339843744,,101.1,96.2,2026-09-04 19:55:43+00:00,False,False
USB,2026-09-18,USB260918C00065000,call,65.0,0.41,0.39,0.46,167,8461,0.2089922851562499,63.369998931884766,0.290076068619723,0.1319878366855126,-0.03416794380524113,0.0424880438084277,0.0068735089812535614,0.21729298339843744,,101.1,96.2,2026-09-04 19:58:45+00:00,False,False
USB,2026-09-18,USB260918C00066000,call,66.0,0.2,0.12,0.25,12,95,0.2099688378906249,63.369998931884766,0.17834955397439212,0.10011321501698989,-0.025794246495496397,0.032377910917635616,0.004240366900368635,0.21729298339843744,,101.1,96.2,2026-09-04 15:18:14+00:00,False,True
USB,2026-09-18,USB260918C00068000,call,68.0,0.19,0.01,0.09,10,126,0.231452998046875,63.369998931884766,0.06802196797904174,0.04572074781399381,-0.014052507653960487,0.01629966605076808,0.0016209556849579715,0.21729298339843744,,101.1,96.2,2026-08-26 15:34:50+00:00,False,True
USB,2026-09-18,USB260918P00022500,put,22.5,0.05,0.0,0.05,34,54,1.9921875390625,63.369998931884766,-0.00215901647313288,0.00027486331717865864,-0.0059798276487061765,0.0008434310277428478,-5.9210418902494585e-05,0.21729298339843744,,101.1,96.2,2026-06-17 18:54:32+00:00,True,False
USB,2026-09-18,USB260918P00060000,put,60.0,0.15,0.12,0.17,10,1634,0.229499892578125,63.369998931884766,-0.10010901092190272,0.06166442895923785,-0.016978818938478035,0.02179815676287468,-0.00248605332707018,0.21729298339843744,,101.1,96.2,2026-09-04 19:33:24+00:00,False,False
USB,2026-09-18,USB260918P00061000,put,61.0,0.24,0.25,0.32,17,90,0.2251054052734374,63.369998931884766,-0.1761500458903159,0.09265243143133772,-0.024260715267123527,0.03212516116419851,-0.004385471485468086,0.21729298339843744,,101.1,96.2,2026-09-04 16:13:01+00:00,False,False
USB,2026-09-18,USB260918P00062000,put,62.0,0.49,0.45,0.56,10,61,0.2197343652343749,63.369998931884766,-0.28299794693514013,0.12407273077886528,-0.030430791807166638,0.04199299935171915,-0.007066833508308648,0.21729298339843744,,101.1,96.2,2026-09-04 19:55:23+00:00,False,False
USB,2026-09-18,USB260918P00062500,put,62.5,0.57,0.52,0.7,38,2823,0.2121660815429687,63.369998931884766,-0.34471806142183026,0.13987985611553172,-0.031560370851555566,0.0457123663181235,-0.008617098013374874,0.21729298339843744,,101.1,96.2,2026-09-04 17:46:07+00:00,False,False
USB,2026-09-18,USB260918P00063000,put,63.0,0.76,0.78,0.88,83,199,0.2065509033203124,63.369998931884766,-0.41590009032330366,0.15215490861053937,-0.03199072321788764,0.048407832478864876,-0.010412790252793578,0.21729298339843744,,101.1,96.2,2026-09-04 17:47:30+00:00,False,False
USB,2026-09-18,USB260918P00065000,put,65.0,3.0,1.8,2.07,10,594,0.2045977978515624,63.369998931884766,-0.7142737388735616,0.1338642603301166,-0.02435813216601927,0.04218598252550092,-0.018108821184365857,0.21729298339843744,,101.1,96.2,2026-08-25 16:25:08+00:00,False,False
USB,2026-09-25,USB260925C00065000,call,65.0,0.64,0.55,0.73,215,421,0.2221757470703124,63.369998931884766,0.34607688311007545,0.10922591737804882,-0.032559514662790334,0.05606814399724097,0.012180143789390776,0.2258378198242187,,96.9,97.7,2026-09-04 14:15:23+00:00,False,False
USB,2026-09-25,USB260925P00058000,put,58.0,0.38,0.08,0.18,40,71,0.274421318359375,63.369998931884766,-0.07753610743381056,0.03480591911809583,-0.013725361776058919,0.02206809185352353,-0.0029130291417496473,0.2258378198242187,,96.9,97.7,2026-09-01 19:40:22+00:00,False,True
USB,2026-10-02,USB261002C00063000,call,63.0,1.62,1.44,1.78,25,164,0.2236405761718749,63.369998931884766,0.574338815795758,0.09986531556681225,-0.03220425773028139,0.0688014906356622,0.026475793217142288,0.2236405761718749,,114.6,92.4,2026-09-04 15:26:05+00:00,False,False
USB,2026-10-02,USB261002C00067000,call,67.0,0.23,0.14,0.41,51,740,0.2207109179687499,63.369998931884766,0.20670927982423093,0.07370716610771273,-0.021485948221606502,0.05011481105797641,0.009712450516632084,0.2236405761718749,,114.6,92.4,2026-09-02 16:43:49+00:00,False,True
USB,2026-10-16,USB261016C00065000,call,65.0,1.33,1.18,1.38,24,1660,0.2382888671874999,63.369998931884766,0.4197243230463008,0.07630119105731469,-0.02727197834186312,0.08401539924824362,0.02888527493995517,0.25745371459960936,,101.1,88.1,2026-09-04 18:19:28+00:00,False,False
USB,2026-10-16,USB261016C00067500,call,67.5,0.58,0.42,0.6,23,1837,0.2268143725585937,63.369998931884766,0.23967164152515352,0.06371276175452384,-0.020020458290723096,0.06677606564656446,0.016714135326504172,0.25745371459960936,,101.1,88.1,2026-09-04 19:37:21+00:00,False,False
USB,2026-10-16,USB261016C00075000,call,75.0,0.12,0.01,0.13,20,96,0.2910227148437499,63.369998931884766,0.054889978699404186,0.017753824693173284,-0.008728869557134476,0.023874959334065027,0.00384094945809229,0.25745371459960936,,101.1,88.1,2026-08-26 14:02:00+00:00,False,True
USB,2026-10-16,USB261016P00060000,put,60.0,0.88,0.81,0.91,16,357,0.2602613037109375,63.369998931884766,-0.23322036095522125,0.0546971477225891,-0.01824752639030128,0.06578064179142432,-0.017922334237251914,0.25745371459960936,,101.1,88.1,2026-09-04 18:35:27+00:00,False,False
UTI,2026-09-18,UTI260918C00020000,call,20.0,2.5,2.3,2.55,11,164,0.5546919531250001,22.200000762939453,0.849109202011691,0.09706048962544894,-0.02241023306714537,0.0101773683541455,0.006295609287671689,0.507817421875,,100.0,105.0,2026-09-04 17:16:33+00:00,False,False
UTI,2026-09-18,UTI260918C00022500,call,22.5,0.78,0.65,0.8,70,718,0.5214891601562499,22.200000762939453,0.4754471837576409,0.17561866176890578,-0.033581776506867014,0.017312392867121974,0.00374672205352275,0.507817421875,,100.0,105.0,2026-09-04 18:29:30+00:00,False,False
UTI,2026-09-18,UTI260918C00025000,call,25.0,0.14,0.1,0.25,51,266,0.53320779296875,22.200000762939453,0.14300921170933506,0.09740271448217572,-0.01910861479459693,0.009817676063099235,0.0011555075679987189,0.507817421875,,100.0,105.0,2026-09-04 17:39:43+00:00,False,True
UTI,2026-09-18,UTI260918C00040000,call,40.0,0.07,0.0,0.4,14,58,1.7304700976562502,22.200000762939453,0.05912108992184056,0.015650854691736816,-0.03179759428740933,0.005119685796341089,0.0004386322051093091,0.507817421875,,100.0,105.0,2026-08-12 15:07:20+00:00,True,False
UTI,2026-09-18,UTI260918C00042500,call,42.5,0.08,0.0,0.2,20,1787,1.6484392578125,22.200000762939453,0.03257825466795372,0.010163577175018867,-0.01873340568612516,0.00316709206356788,0.00024594701423350115,0.507817421875,,100.0,105.0,2026-08-20 14:07:59+00:00,True,False
UTI,2026-09-18,UTI260918C00045000,call,45.0,0.15,0.0,0.4,10,105,1.984375078125,22.200000762939453,0.052741704976515355,0.012472569989451971,-0.03329537789417858,0.00467865329594228,0.0003850281071475069,0.507817421875,,100.0,105.0,2026-08-06 15:33:44+00:00,True,False
UTI,2026-09-18,UTI260918P00020000,put,20.0,0.19,0.1,0.25,10,250,0.507817421875,22.200000762939453,-0.13171232625592577,0.09668352407827979,-0.016411118027728253,0.00928113774297302,-0.0011801039293940475,0.507817421875,,100.0,105.0,2026-09-03 19:32:22+00:00,False,True
UTI,2026-09-18,UTI260918P00022500,put,22.5,1.01,0.9,1.05,24,765,0.49414568359375,22.200000762939453,-0.5281000489259942,0.18522745954146305,-0.028792564536573608,0.017302207909859337,-0.0048789328505801964,0.507817421875,,100.0,105.0,2026-09-04 15:38:27+00:00,False,False
UTI,2026-10-16,UTI261016C00040000,call,40.0,0.06,0.0,0.25,10,488,0.937500625,22.200000762939453,0.04703235281738534,0.013910955128979233,-0.008380566086011685,0.007395898125981688,0.0010601639670565286,0.5344284838867188,,95.4,100.1,2026-09-02 15:25:08+00:00,True,False
UTI,2026-10-16,UTI261016P00022500,put,22.5,1.69,1.55,1.75,22,565,0.5219774365234374,22.200000762939453,-0.48196728856053217,0.10138720826261521,-0.016956629198444463,0.03001216321703005,-0.014221034938549952,0.5344284838867188,,95.4,100.1,2026-09-04 15:38:27+00:00,False,False
VFC,2026-09-04,VFC260904C00013500,call,13.5,0.1,0.0,0.18,96,179,0.726565234375,13.449999809265137,,,,,,0.492192578125,,,,2026-09-04 19:39:44+00:00,True,False
VFC,2026-09-04,VFC260904C00014000,call,14.0,0.2,0.0,0.15,250,523,0.92187578125,13.449999809265137,,,,,,0.492192578125,,,,2026-09-04 18:44:02+00:00,True,False
VFC,2026-09-04,VFC260904C00015000,call,15.0,0.01,0.0,0.01,458,670,0.9687503125,13.449999809265137,,,,,,0.492192578125,,,,2026-09-04 14:53:43+00:00,True,False
VFC,2026-09-04,VFC260904P00012500,put,12.5,0.02,0.0,0.01,47,80,0.7187528125,13.449999809265137,,,,,,0.492192578125,,,,2026-09-04 13:30:04+00:00,True,False
VFC,2026-09-04,VFC260904P00013000,put,13.0,0.03,0.0,0.01,267,515,0.437505625,13.449999809265137,,,,,,0.492192578125,,,,2026-09-04 14:53:43+00:00,True,False
VFC,2026-09-04,VFC260904P00013500,put,13.5,0.05,0.01,0.1,51,229,0.257819921875,13.449999809265137,,,,,,0.492192578125,,,,2026-09-04 19:47:53+00:00,False,True
VFC,2026-09-11,VFC260911C00013000,call,13.0,0.46,0.27,0.71,60,68,0.57617611328125,13.449999809265137,0.6838156197916877,0.3315378755840413,-0.02844019247714484,0.006627322912235993,0.0016312178976836842,0.49609878906250005,,78.3,252.0,2026-09-04 13:48:32+00:00,False,True
VFC,2026-09-11,VFC260911C00013500,call,13.5,0.24,0.17,0.29,779,206,0.3945373046875,13.449999809265137,0.49080761494679315,0.5427274857019647,-0.021801895438114473,0.007428816341277991,0.0012132018502975237,0.49609878906250005,,78.3,252.0,2026-09-04 19:59:32+00:00,False,False
VFC,2026-09-11,VFC260911C00014500,call,14.5,0.03,0.0,0.11,25,288,0.5507857421875001,13.449999809265137,0.17494804793206203,0.25121865301299573,-0.01919550611911156,0.004800476013971644,0.00043337112466954026,0.49609878906250005,,78.3,252.0,2026-09-04 19:51:57+00:00,True,False
VFC,2026-09-11,VFC260911C00015000,call,15.0,0.02,0.0,0.08,458,153,0.523442265625,13.449999809265137,0.07280872226891548,0.14193580929716962,-0.009767144989085036,0.0025775701718745245,0.0001819112789848308,0.49609878906250005,,78.3,252.0,2026-09-04 14:53:43+00:00,True,False
VFC,2026-09-11,VFC260911P00012500,put,12.5,0.03,0.0,0.12,66,289,0.57812921875,13.449999809265137,-0.16679017403888285,0.23213401827094313,-0.018906063258859913,0.004656005024699936,-0.0004492369118546069,0.49609878906250005,,78.3,252.0,2026-09-04 19:20:00+00:00,True,False
VFC,2026-09-11,VFC260911P00013000,put,13.0,0.12,0.08,0.13,1612,125,0.38867798828125,13.449999809265137,-0.24922052515227966,0.4382143936712864,-0.015931135079225174,0.005909167717206291,-0.0006640450964872323,0.49609878906250005,,78.3,252.0,2026-09-04 19:56:23+00:00,False,False
VFC,2026-09-11,VFC260911P00013500,put,13.5,0.35,0.15,0.5,62,95,0.5976602734375001,13.449999809265137,-0.4967537449916233,0.3583574456747,-0.030742275631454156,0.007430543028686108,-0.0013702178991006708,0.49609878906250005,,78.3,252.0,2026-09-04 19:58:56+00:00,False,True
VFC,2026-09-18,VFC260918C00014000,call,14.0,0.19,0.07,0.2,90,500,0.37695935546875,13.449999809265137,0.31562068289849654,0.3580544270307913,-0.013163216973404068,0.009365334671427538,0.001553502310626772,0.5732464550781251,,84.8,99.5,2026-09-04 19:10:00+00:00,False,True
VFC,2026-09-18,VFC260918C00014500,call,14.5,0.06,0.03,0.25,10,211,0.570316796875,13.449999809265137,0.27426248566004846,0.22181369584836227,-0.018351464385847654,0.008777771034203607,0.0013229976810818537,0.5732464550781251,,84.8,99.5,2026-09-03 16:55:17+00:00,False,True
VFC,2026-09-18,VFC260918C00016000,call,16.0,0.04,0.0,0.45,10,1429,0.87500125,13.449999809265137,0.1797772486589847,0.11375685182839586,-0.021885977951174557,0.006906626420753249,0.0008476707488675704,0.5732464550781251,,84.8,99.5,2026-09-02 16:13:32+00:00,True,False
VFC,2026-09-18,VFC260918C00017000,call,17.0,0.04,0.0,0.45,10,1182,1.05859845703125,13.449999809265137,0.15460339470569356,0.08530912336676122,-0.023947485453314613,0.006266231903595471,0.0007187250238193285,0.5732464550781251,,84.8,99.5,2026-09-01 13:46:43+00:00,True,False
VFC,2026-09-18,VFC260918C00020000,call,20.0,0.02,0.0,0.03,10,16487,0.8906260937499999,13.449999809265137,0.014762525025016376,0.015922299854860145,-0.003155423014768999,0.000983967923579051,7.170935982811106e-05,0.5732464550781251,,84.8,99.5,2026-09-03 19:29:24+00:00,True,False
VFC,2026-09-18,VFC260918P00010000,put,10.0,0.01,0.0,0.24,26,38517,1.125004375,13.449999809265137,-0.07158302351385593,0.04609355919921502,-0.014310730253189264,0.003598107903286477,-0.0004088266202636983,0.5732464550781251,,84.8,99.5,2026-08-28 18:37:16+00:00,True,False
VFC,2026-09-18,VFC260918P00011000,put,11.0,0.01,0.0,0.1,20,97,0.6679720703125002,13.449999809265137,-0.05292112254807779,0.06132282279651241,-0.006677317624428503,0.002842236218900644,-0.00028885476616254623,0.5732464550781251,,84.8,99.5,2026-08-28 13:38:59+00:00,True,False
VFC,2026-09-18,VFC260918P00012000,put,12.0,0.06,0.02,0.17,612,3028,0.5195360546875,13.449999809265137,-0.11685993303318742,0.1434572792523996,-0.0093691666387713,0.005171517630090921,-0.0006342320742832315,0.5732464550781251,,84.8,99.5,2026-09-04 19:32:28+00:00,False,True
VFC,2026-09-18,VFC260918P00013000,put,13.0,0.23,0.21,0.29,1512,3041,0.45117736328125,13.449999809265137,-0.3259937545738527,0.3032175817960397,-0.01465865790375661,0.009492517562146684,-0.0017838483153845034,0.5732464550781251,,84.8,99.5,2026-09-04 19:40:10+00:00,False,False
VFC,2026-09-18,VFC260918P00014000,put,14.0,0.97,0.5,1.0,102,1597,0.62305064453125,13.449999809265137,-0.5993714853620549,0.2354982556755897,-0.0214186231952609,0.010181007840068985,-0.0034606900205963803,0.5732464550781251,,84.8,99.5,2026-09-04 19:32:23+00:00,False,False
VFC,2026-09-18,VFC260918P00015000,put,15.0,1.81,1.54,1.81,90822,101842,0.5312546875,13.449999809265137,-0.8359267826108585,0.1767386296781711,-0.010596687831387994,0.00651499348948546,-0.004940482375324951,0.5732464550781251,,84.8,99.5,2026-09-04 19:08:36+00:00,False,False
VFC,2026-09-18,VFC260918P00017000,put,17.0,3.8,3.35,4.95,14,1181,1.5234398828124998,13.449999809265137,-0.7354759627899989,0.08154679139124608,-0.04498720418983834,0.008620092500395799,-0.005357755354811495,0.5732464550781251,,84.8,99.5,2026-09-02 17:54:11+00:00,False,False
VFC,2026-09-18,VFC260918P00020000,put,20.0,5.8,6.4,6.7,16,10087,0.500005,13.449999809265137,-0.99996598480279,0.00010871420541589345,0.0027276801861044735,3.771728043265709e-06,-0.007656363349895256,0.5732464550781251,,84.8,99.5,2026-08-24 18:03:42+00:00,False,False
VFC,2026-09-25,VFC260925C00016000,call,16.0,0.03,0.02,0.26,12,57,0.6191444335937502,13.449999809265137,0.14110105393960864,0.11202417243979097,-0.0108833431552809,0.007218961135400214,0.0010142452190531695,0.690432783203125,,68.5,157.9,2026-09-04 17:49:37+00:00,False,True
VFC,2026-09-25,VFC260925P00011500,put,11.5,0.16,0.0,0.16,10,559,0.5117236328125,13.449999809265137,-0.08677257237315705,0.09572415265980405,-0.006042373408303524,0.005098330575745269,-0.0007113941201193332,0.690432783203125,,68.5,157.9,2026-09-04 15:14:50+00:00,True,False
VFC,2026-10-02,VFC261002C00013500,call,13.5,0.48,0.36,0.67,58,58,0.45898978515625,13.449999809265137,0.5257325113518795,0.2328345849196755,-0.013030722168181423,0.014830651643514105,0.004900868025978711,0.5117236328125001,,115.6,123.3,2026-09-04 15:01:27+00:00,False,False
VFC,2026-10-02,VFC261002C00015000,call,15.0,0.1,0.08,0.2,11,3090,0.45508357421875,13.449999809265137,0.22009111465978465,0.17469727844392618,-0.009343709267357813,0.011032832452228424,0.0021161636360364695,0.5117236328125001,,115.6,123.3,2026-09-04 18:44:30+00:00,False,True
VFC,2026-10-02,VFC261002C00015500,call,15.5,0.07,0.0,0.31,10,84,0.63086306640625,13.449999809265137,0.24116206160606585,0.13262805461764043,-0.013482811896492758,0.011611283403716373,0.0022524480905543446,0.5117236328125001,,115.6,123.3,2026-09-04 15:13:38+00:00,True,False
VFC,2026-10-02,VFC261002C00020000,call,20.0,0.09,0.0,0.08,300,300,0.7500025,13.449999809265137,0.03691745048417608,0.02889137808405608,-0.0040900898677565505,0.0030070502943699267,0.00035155087540486704,0.5117236328125001,,115.6,123.3,2026-08-21 19:56:00+00:00,True,False
VFC,2026-10-02,VFC261002P00014500,put,14.5,1.27,1.08,1.78,50,56,0.507817421875,13.449999809265137,-0.6688891447297507,0.19169381106845815,-0.010829153505472132,0.013509068729305922,-0.007958144909839234,0.5117236328125001,,115.6,123.3,2026-08-31 17:46:34+00:00,False,False
VFC,2026-10-16,VFC261016C00014000,call,14.0,0.47,0.43,0.49,1666,193,0.389654541015625,13.449999809265137,0.4232452554248451,0.22023741321931029,-0.00899641990471498,0.017863716656360086,0.005963144053934184,0.4335994140625,,98.2,130.6,2026-09-04 19:58:27+00:00,False,False
VFC,2026-10-16,VFC261016C00015000,call,15.0,0.21,0.17,0.4,78,359,0.507817421875,13.449999809265137,0.30374996105536206,0.15090779446032243,-0.010147176706139117,0.015952187677236197,0.004228296136366298,0.4335994140625,,98.2,130.6,2026-09-04 19:05:22+00:00,False,True
VFC,2026-10-16,VFC261016C00017000,call,17.0,0.05,0.01,0.18,30,131,0.5839885351562499,13.449999809265137,0.14586898038056945,0.08588709912409943,-0.00750229253673165,0.010440787048611217,0.002046257964577757,0.4335994140625,,98.2,130.6,2026-08-31 19:08:15+00:00,False,True
VFC,2026-10-16,VFC261016C00019000,call,19.0,0.09,0.0,0.07,989,989,0.5390671093750001,13.449999809265137,0.03867274707010005,0.034088445681528,-0.002521137690658562,0.003825172423741217,0.0005573101882605101,0.4335994140625,,98.2,130.6,2026-08-21 19:12:38+00:00,True,False
VFC,2026-10-16,VFC261016C00020000,call,20.0,0.01,0.0,0.05,66,366,0.570316796875,13.449999809265137,0.027155813989634642,0.024070022504429526,-0.001986697772849959,0.0028575487035270514,0.0003911810568410867,0.4335994140625,,98.2,130.6,2026-08-26 15:59:52+00:00,True,False
VFC,2026-10-16,VFC261016P00013000,put,13.0,0.49,0.42,0.58,179,801,0.4335994140625,13.449999809265137,-0.36541543079916694,0.19007346323752464,-0.008108565144616824,0.017155807195985483,-0.006275532264703948,0.4335994140625,,98.2,130.6,2026-09-04 19:33:46+00:00,False,False
VFC,2026-10-16,VFC261016P00014000,put,14.0,1.04,0.92,1.1,100,461,0.42383388671875,13.449999809265137,-0.566259531960389,0.20345487248198102,-0.007870976924797296,0.0179500124543675,-0.009962029283548172,0.4335994140625,,98.2,130.6,2026-09-04 19:33:46+00:00,False,False
VICI,2026-09-18,VICI260918C00025000,call,25.0,0.6,0.5,0.65,18,2309,0.1992267578125,25.420000076293945,0.6899308739986852,0.35573122313078837,-0.014808893292234013,0.01756531406262786,0.0064700955116986265,0.24317163085937493,,118.1,111.6,2026-09-04 19:37:42+00:00,False,False
VICI,2026-09-18,VICI260918P00025000,put,25.0,0.35,0.3,0.4,168,5620,0.2871165039062499,25.420000076293945,-0.35998189735857433,0.2617275293051238,-0.017795217573088308,0.018624894821305863,-0.00364853766250232,0.24317163085937493,,118.1,111.6,2026-09-04 19:59:58+00:00,False,False
VICI,2026-10-16,VICI261016C00025000,call,25.0,0.7,0.6,0.75,97,505,0.148446015625,25.420000076293945,0.6809262650425985,0.2790362429108601,-0.007699459424496641,0.030799004700897498,0.018955563835133006,0.1889729541015625,,121.4,101.8,2026-09-04 19:53:38+00:00,False,False
VICI,2026-10-16,VICI261016C00027500,call,27.5,0.1,0.05,0.1,20,709,0.192390888671875,25.420000076293945,0.1391065405264419,0.13358278399862702,-0.0048454730021592176,0.01910920027187381,0.003937612996991042,0.1889729541015625,,121.4,101.8,2026-09-04 19:59:02+00:00,False,False
VICI,2026-10-16,VICI261016C00030000,call,30.0,0.05,0.0,0.1,55,107,0.3300848242187499,25.420000076293945,0.08501030319080438,0.05467568869506388,-0.0055546782390066,0.013419222103714467,0.0023644815150859035,0.1889729541015625,,121.4,101.8,2026-08-27 18:14:32+00:00,True,False
VICI,2026-10-16,VICI261016P00025000,put,25.0,0.55,0.5,0.6,115,3045,0.229499892578125,25.420000076293945,-0.37189642983065063,0.19110759207838396,-0.007542118973604463,0.03261128771750929,-0.011489070901749594,0.1889729541015625,,121.4,101.8,2026-09-04 19:59:51+00:00,False,False
VICI,2026-10-16,VICI261016P00027500,put,27.5,2.51,2.25,2.7,52,539,0.393560751953125,25.420000076293945,-0.6841293753993267,0.10480072955257198,-0.011634471728964542,0.030667869644146684,-0.02296713585620569,0.1889729541015625,,121.4,101.8,2026-09-04 19:57:39+00:00,False,False
VRRM,2026-09-18,VRRM260918C00005000,call,5.0,0.05,0.0,0.1,220,2839,0.8828136718749999,4.070000171661377,0.13725484637176344,0.3120610249878329,-0.00558907821554136,0.0017503810675685927,0.0001968156291086916,1.13281462890625,,122.1,77.9,2026-09-03 18:43:30+00:00,True,False
VRRM,2026-10-16,VRRM261016C00002500,call,2.5,1.74,1.4,2.05,100,233,1.5234398828124998,4.070000171661377,0.8873552310053116,0.09093443277250507,-0.005046667280770084,0.002640577778107349,0.0021643901500972133,0.710940390625,,127.5,512.1,2026-09-01 16:35:18+00:00,False,False
VRRM,2026-10-16,VRRM261016C00005000,call,5.0,0.1,0.1,0.2,138,2720,0.773439765625,4.070000171661377,0.26393045745024546,0.3061089767521295,-0.004281731151755652,0.004512818257765971,0.0010626107188001339,0.710940390625,,127.5,512.1,2026-09-03 19:11:19+00:00,False,False
VRRM,2026-10-16,VRRM261016P00005000,put,5.0,0.8,0.95,1.1,10,1199,0.648441015625,4.070000171661377,-0.7879860957117284,0.3237298214669719,-0.0025126732334147064,0.00400127560319852,-0.004839456998652297,0.710940390625,,127.5,512.1,2026-08-31 18:09:10+00:00,False,False
WB,2026-10-16,WB261016C00007500,call,7.5,0.09,0.0,0.1,160,300,0.37500625,6.71999979019165,0.22529456186782137,0.35109973434197667,-0.0032474297603956497,0.00684169881378271,0.001621611829462439,0.35156898437499995,,867.2,106.7,2026-09-02 14:09:34+00:00,True,False
WB,2026-10-16,WB261016C00010000,call,10.0,0.05,0.0,0.15,12,584,0.804689453125,6.71999979019165,0.0970301238092342,0.09358601571363089,-0.0038277436830343224,0.003913219529980704,0.0006637821021058843,0.35156898437499995,,867.2,106.7,2026-08-25 15:21:24+00:00,True,False
WB,2026-10-16,WB261016P00007500,put,7.5,0.77,0.2,0.85,10,619,0.3281317187499999,6.71999979019165,-0.8103650998729546,0.36236390335813384,-0.001556464337275501,0.006178571651925376,-0.007199552922548793,0.35156898437499995,,867.2,106.7,2026-09-04 17:38:12+00:00,False,True
WRB,2026-09-18,WRB260918C00070000,call,70.0,0.95,0.65,1.05,15,254,0.25586681640625,69.13999938964844,0.42725668397921435,0.11322654033039622,-0.05244330372122398,0.05311976156718539,0.010925407614879146,0.31836619140624994,,77.7,83.7,2026-09-04 17:33:54+00:00,False,False
WRB,2026-09-18,WRB260918C00072500,call,72.5,0.35,0.1,0.4,73,444,0.266608896484375,69.13999938964844,0.19878403660454103,0.07726500061238475,-0.03779327580584484,0.03777038082277246,0.005121976746825895,0.31836619140624994,,77.7,83.7,2026-09-03 18:49:32+00:00,False,True
WRB,2026-09-18,WRB260918C00085000,call,85.0,0.15,0.0,0.75,28,54,0.710940390625,69.13999938964844,0.0807817524260141,0.015556905309990324,-0.05220960614939105,0.02027917629611804,0.002014042043140933,0.31836619140624994,,77.7,83.7,2026-07-30 15:12:10+00:00,True,False
WRB,2026-10-16,WRB261016C00070000,call,70.0,2.9,0.0,0.0,14,191,0.007822421875,69.13999938964844,0.00640308264686762,0.09817114474398268,-9.993012275773536e-05,0.004224159013032744,0.0005089814924947196,0.23657989990234368,,119.5,192.5,2026-06-18 19:28:40+00:00,True,False
WRB,2026-10-16,WRB261016C00072000,call,72.0,0.68,0.6,1.25,14,221,0.2500075,69.13999938964844,0.3565499609266758,0.06359032742872708,-0.029219069532129598,0.0874498899298858,0.026808900503429357,0.23657989990234368,,119.5,192.5,2026-09-01 15:25:59+00:00,False,True
WRB,2026-10-16,WRB261016C00074500,call,74.5,0.5,0.25,0.55,10,162,0.23438265625,69.13999938964844,0.2041200147312512,0.05155438316932518,-0.020396235768188935,0.06646702422117758,0.015541203552860197,0.23657989990234368,,119.5,192.5,2026-09-03 16:09:00+00:00,False,True
WRB,2026-10-16,WRB261016C00077000,call,77.0,0.45,0.0,0.45,15,55,0.2778392529296875,69.13999938964844,0.15050639201730376,0.035861302368670696,-0.019486635650978044,0.05480684836476019,0.011412801417259222,0.23657989990234368,,119.5,192.5,2026-08-19 19:59:16+00:00,True,False
WRB,2026-10-16,WRB261016C00079500,call,79.5,0.21,0.0,0.75,66,78,0.3881897119140625,69.13999938964844,0.17085638205098136,0.027884216408500185,-0.02902655448412899,0.0595412070342338,0.012690217610335772,0.23657989990234368,,119.5,192.5,2026-09-03 17:14:33+00:00,True,False
WRB,2026-10-16,WRB261016P00065000,put,65.0,2.2,0.0,0.0,10,194,0.062509375,69.13999938964844,-0.0007018160631160342,0.0016581911614365528,-3.5743480518158534e-05,0.000570157604656989,-5.6156718833523104e-05,0.23657989990234368,,119.5,192.5,2026-06-22 17:32:34+00:00,True,False
XYL,2026-09-18,XYL260918C00110000,call,110.0,1.3,0.5,1.15,1356,2123,0.3200751586914062,105.69000244140624,0.282413040526,0.05101999175186506,-0.08391604436828173,0.06996733634332748,0.011016861398133506,0.33875172973632806,,84.9,94.5,2026-09-03 15:57:13+00:00,False,True
XYL,2026-09-18,XYL260918C00115000,call,115.0,0.17,0.0,0.25,29,2447,0.2993234130859374,105.69000244140624,0.08408824723342084,0.0249131430652685,-0.03534058354675535,0.031950098233280856,0.0033195094147489296,0.33875172973632806,,84.9,94.5,2026-09-04 18:54:49+00:00,True,False
XYL,2026-09-18,XYL260918C00120000,call,120.0,0.15,0.0,0.2,10,6656,0.38867798828125,105.69000244140624,0.05425944439035794,0.013679535308294126,-0.03238346145685073,0.022780553820368084,0.0021306937708479422,0.33875172973632806,,84.9,94.5,2026-09-03 17:46:00+00:00,True,False
XYL,2026-09-18,XYL260918C00125000,call,125.0,0.17,0.0,1.15,10,130,0.6108437353515627,105.69000244140624,0.09228487851668005,0.013084404358634559,-0.0759717701995604,0.034244203430959255,0.0035423851797096286,0.33875172973632806,,84.9,94.5,2026-08-31 13:32:10+00:00,True,False
XYL,2026-09-18,XYL260918C00135000,call,135.0,0.05,0.0,0.2,34,58,0.5839885351562499,105.69000244140624,0.01940913058002628,0.003904769556509164,-0.020647095325939415,0.009770183418193561,0.0007551158866429446,0.33875172973632806,,84.9,94.5,2026-08-24 18:41:15+00:00,True,False
XYL,2026-09-18,XYL260918P00105000,put,105.0,1.65,1.6,1.9,24,6665,0.2614819946289062,105.69000244140624,-0.4242795609340302,0.07237666774084481,-0.06934263949466964,0.08108553011559838,-0.017864670916614124,0.33875172973632806,,84.9,94.5,2026-09-04 19:53:29+00:00,False,False
XYL,2026-10-16,XYL261016C00130000,call,130.0,0.2,0.0,0.75,25,80,0.4492242578124999,105.69000244140624,0.10663681347638954,0.011417202493969984,-0.03669369430850914,0.06592454565375545,0.012077981262131155,0.2732616619873046,,110.6,105.8,2026-09-04 18:14:48+00:00,True,False
XYL,2026-10-16,XYL261016C00145000,call,145.0,0.35,0.0,0.75,25,132,0.5302781347656251,105.69000244140624,0.05091476882573101,0.005503847396351823,-0.02436713146643491,0.03751408392266848,0.005754919818515574,0.2732616619873046,,110.6,105.8,2026-08-20 13:40:21+00:00,True,False
XYL,2026-10-16,XYL261016P00100000,put,100.0,1.45,1.25,2.0,11,4875,0.3022530712890625,105.69000244140624,-0.2587746492129299,0.029860119875361833,-0.03775157507158503,0.11600761848197046,-0.0335233591897395,0.2732616619873046,,110.6,105.8,2026-09-04 17:29:24+00:00,False,False
XYL,2026-10-16,XYL261016P00105000,put,105.0,3.05,2.85,3.3,28,81,0.2520826745605469,105.69000244140624,-0.42597288823237367,0.04338014813655872,-0.03560694266866016,0.14055887435856487,-0.055226251398523746,0.2732616619873046,,110.6,105.8,2026-09-04 19:46:17+00:00,False,False
YETI,2026-09-18,YETI260918C00040000,call,40.0,2.2,1.6,2.2,10,300,0.5385788330078126,40.81999969482422,0.6038430965397357,0.08949839258685305,-0.062334028739303195,0.030806735639123253,0.008616723177057061,0.4948780981445313,,87.0,106.6,2026-09-03 16:21:10+00:00,False,False
YETI,2026-09-18,YETI260918C00042500,call,42.5,0.8,0.35,0.95,802,635,0.4917043017578125,40.81999969482422,0.3628859567657799,0.09543331331252762,-0.05456864715845325,0.029990601452023365,0.005327134581029209,0.4948780981445313,,87.0,106.6,2026-09-04 19:20:53+00:00,False,True
YETI,2026-09-18,YETI260918C00045000,call,45.0,0.3,0.2,0.45,30,662,0.5273484765625001,40.81999969482422,0.19113123514670666,0.06460240897216782,-0.042018622474094734,0.021773466324985717,0.002830099967804095,0.4948780981445313,,87.0,106.6,2026-09-04 17:40:28+00:00,False,True
YETI,2026-09-18,YETI260918C00047500,call,47.5,0.05,0.0,0.5,20,209,0.585941640625,40.81999969482422,0.10626939027665372,0.03915685447893332,-0.031249008585068454,0.014663691841688779,0.001576547484806146,0.4948780981445313,,87.0,106.6,2026-09-03 13:50:14+00:00,True,False
YETI,2026-09-18,YETI260918P00037500,put,37.5,0.22,0.05,0.3,20,57,0.430669755859375,40.81999969482422,-0.14215917909685105,0.06532092542131288,-0.026823866266921268,0.017979510699516085,-0.002325489286936572,0.4948780981445313,,87.0,106.6,2026-08-31 16:00:59+00:00,False,True
YETI,2026-09-18,YETI260918P00040000,put,40.0,0.82,0.45,1.1,31,346,0.45117736328125,40.81999969482422,-0.38379092745096943,0.10587801059475907,-0.046909617913976395,0.030530522707293305,-0.006399877187615351,0.4948780981445313,,87.0,106.6,2026-09-04 19:57:11+00:00,False,True
YETI,2026-09-18,YETI260918P00042500,put,42.5,2.15,1.95,2.5,141,267,0.4497125341796875,40.81999969482422,-0.6525133506576596,0.10275363841430679,-0.04345686407651065,0.029533394489274643,-0.011136157372771339,0.4948780981445313,,87.0,106.6,2026-09-04 19:46:22+00:00,False,False
YETI,2026-09-18,YETI260918P00045000,put,45.0,5.17,3.8,4.5,21,52,0.467778759765625,40.81999969482422,-0.840717531107676,0.064871594541887,-0.02709794406767024,0.019394395003335178,-0.014848617021170967,0.4948780981445313,,87.0,106.6,2026-09-01 19:01:17+00:00,False,False
YETI,2026-10-16,YETI261016C00042500,call,42.5,1.6,1.2,1.6,56,300,0.4113828393554687,40.81999969482422,0.4293557000692085,0.06893367808612867,-0.02880157111300792,0.054372592811584346,0.018253681209783372,0.3676821044921875,,107.0,133.9,2026-09-04 18:45:10+00:00,False,False
YSS,2026-09-18,YSS260918C00010000,call,10.0,0.32,0.2,0.4,81,989,0.91601646484375,8.960000038146973,0.3044181193963568,0.21772894760049805,-0.02042628204743004,0.006141446141322802,0.0009369318987760906,1.0000027099609374,,100.4,91.6,2026-09-04 19:57:10+00:00,False,False
YSS,2026-09-18,YSS260918C00012500,call,12.5,0.08,0.05,0.1,27,1124,1.1171919140625,8.960000038146973,0.08022049729856506,0.07599107195853273,-0.010520134111399883,0.002614216484416273,0.0002505603319321131,1.0000027099609374,,100.4,91.6,2026-09-04 19:53:24+00:00,False,False
YSS,2026-09-18,YSS260918C00015000,call,15.0,0.01,0.0,0.1,10,1749,1.4296903515625,8.960000038146973,0.045186891678980504,0.037907813843488423,-0.00857097887915401,0.001668867740595896,0.00013909979399261043,1.0000027099609374,,100.4,91.6,2026-09-04 15:01:11+00:00,True,False
YSS,2026-09-18,YSS260918P00005000,put,5.0,0.05,0.0,0.5,10,55,2.6562533593750004,8.960000038146973,-0.08300865678642977,0.0327950687446502,-0.02531492765289274,0.002682435181772645,-0.00037047720079310786,1.0000027099609374,,100.4,91.6,2026-08-25 13:49:56+00:00,True,False
YSS,2026-09-18,YSS260918P00007500,put,7.5,0.18,0.15,0.2,84,1737,1.00391123046875,8.960000038146973,-0.1555979445733522,0.13560770497958954,-0.01481782737145406,0.004192092653793561,-0.0005949723030176461,1.0000027099609374,,100.4,91.6,2026-09-04 19:30:18+00:00,False,False
YSS,2026-10-16,YSS261016C00010000,call,10.0,0.83,0.75,1.0,94,350,1.0312548437500002,8.960000038146973,0.4512270389098464,0.12632694209575174,-0.015208347374468183,0.012034676870067368,0.0036419297933020663,1.076664772949219,,89.3,115.0,2026-09-04 18:02:46+00:00,False,False
YSS,2026-10-16,YSS261016C00012500,call,12.5,0.3,0.3,0.8,69,142,1.2382850585937497,8.960000038146973,0.28469617516969403,0.09015972645404093,-0.015478290372413597,0.010313490360685924,0.0023072289723938093,1.076664772949219,,89.3,115.0,2026-09-04 19:47:43+00:00,False,True
YSS,2026-10-16,YSS261016C00015000,call,15.0,0.14,0.1,0.25,30,50,1.1054732226562505,8.960000038146973,0.12074821888320669,0.059797757832197644,-0.008161308479850022,0.00610668581429793,0.0010472147619287608,1.076664772949219,,89.3,115.0,2026-09-04 17:34:25+00:00,False,True
YSS,2026-10-16,YSS261016P00010000,put,10.0,2.0,1.85,2.2,91,89,1.1220747021484376,8.960000038146973,-0.5331063804553776,0.11657441012155538,-0.015217135473257731,0.012083630774440714,-0.00776342604565767,1.076664772949219,,89.3,115.0,2026-09-04 15:38:04+00:00,False,False
YUMC,2026-09-18,YUMC260918C00045000,call,45.0,0.36,0.15,0.5,48,312,0.2949289257812499,43.59999847412109,0.31380565083807355,0.14082859977136442,-0.0337053899004133,0.03028421700886249,0.005058175815656512,0.35742830078125,,76.4,82.5,2026-09-04 19:41:02+00:00,False,True
YUMC,2026-09-18,YUMC260918C00047500,call,47.5,0.08,0.0,0.1,15,217,0.3007882421875,43.59999847412109,0.08191248869519052,0.058923997857495004,-0.014358796460866208,0.012922935600542008,0.0013339592585324203,0.35742830078125,,76.4,82.5,2026-09-04 17:28:15+00:00,True,False
YUMC,2026-09-18,YUMC260918C00050000,call,50.0,0.05,0.0,0.1,50,611,0.429693203125,43.59999847412109,0.05906261986650879,0.03206809204652621,-0.015758838396163162,0.010047076867510916,0.000953141096818286,0.35742830078125,,76.4,82.5,2026-09-03 15:20:30+00:00,True,False
YUMC,2026-09-18,YUMC260918C00052500,call,52.5,0.08,0.0,0.05,69,854,0.4804739453125,43.59999847412109,0.02828569792170817,0.015793291953956724,-0.009657315316236368,0.0055328720270213586,0.0004564743681406218,0.35742830078125,,76.4,82.5,2026-09-01 15:33:26+00:00,True,False
YUMC,2026-10-16,YUMC261016C00050000,call,50.0,0.1,0.05,0.2,206,911,0.2978585839843749,43.59999847412109,0.10599455320803358,0.041559036152476934,-0.010205093752445028,0.027077275351151106,0.005070798578049366,0.35242346801757807,,82.7,79.7,2026-09-04 15:53:18+00:00,False,True
YUMC,2026-10-16,YUMC261016C00052500,call,52.5,0.04,0.0,0.3,10,293,0.41211525390625,43.59999847412109,0.1116681327300525,0.031184573473909495,-0.014416320101937143,0.028111749363581063,0.005244281589061296,0.35242346801757807,,82.7,79.7,2026-09-03 15:18:35+00:00,True,False
YUMC,2026-10-16,YUMC261016C00055000,call,55.0,0.28,0.0,1.0,79,162,0.5546919531250001,43.59999847412109,0.13354372711451978,0.026269106511888556,-0.021775194363626613,0.03187326409010106,0.0061132015483927596,0.35242346801757807,,82.7,79.7,2026-08-21 19:06:47+00:00,True,False
YUMC,2026-10-16,YUMC261016P00042500,put,42.5,0.9,0.9,1.05,107,270,0.2609937182617187,43.59999847412109,-0.34536013165136525,0.09548594512517213,-0.014746386316924395,0.05451284896502921,-0.01840546638205968,0.35242346801757807,,82.7,79.7,2026-09-04 19:38:18+00:00,False,False
YUMC,2026-10-16,YUMC261016P00047500,put,47.5,4.09,3.6,4.4,173,395,0.2929758203124999,43.59999847412109,-0.7747152687774839,0.06926427314910176,-0.01028420428840032,0.04438849640153977,-0.043660245434232976,0.35242346801757807,,82.7,79.7,2026-09-04 13:38:55+00:00,False,False
ZTO,2026-09-18,ZTO260918C00021000,call,21.0,0.65,0.05,1.15,13,104,0.69336244140625,20.950000762939453,0.5257001251987939,0.1399412374010194,-0.041803318829098636,0.01633462918615973,0.003791109001661206,0.708010732421875,,57.2,123.0,2026-08-28 16:06:09+00:00,False,True
